sample_index,sparse_factor,method,psnr,ssim,checkpoint
0,2,sparse_fbp,23.696516036987305,0.7706308364868164,
1,2,sparse_fbp,23.596923828125,0.7686662673950195,
2,2,sparse_fbp,25.721900939941406,0.8282253742218018,
3,2,sparse_fbp,24.131271362304688,0.811969518661499,
4,2,sparse_fbp,25.955991744995117,0.8295062184333801,
5,2,sparse_fbp,26.18787384033203,0.8055192232131958,
6,2,sparse_fbp,25.937891006469727,0.7950922250747681,
7,2,sparse_fbp,24.680164337158203,0.8053017258644104,
8,2,sparse_fbp,26.056821823120117,0.8077089786529541,
9,2,sparse_fbp,24.224685668945312,0.8063695430755615,
10,2,sparse_fbp,24.697994232177734,0.8118048906326294,
11,2,sparse_fbp,24.012184143066406,0.7800511121749878,
12,2,sparse_fbp,25.347156524658203,0.7586835622787476,
13,2,sparse_fbp,23.73204231262207,0.7790484428405762,
14,2,sparse_fbp,24.075843811035156,0.7778357863426208,
15,2,sparse_fbp,23.896997451782227,0.7502694725990295,
16,2,sparse_fbp,24.516965866088867,0.8136572241783142,
17,2,sparse_fbp,25.662425994873047,0.8215093612670898,
18,2,sparse_fbp,23.995914459228516,0.7785003781318665,
19,2,sparse_fbp,23.912885665893555,0.7537751197814941,
20,2,sparse_fbp,24.157806396484375,0.7760049700737,
21,2,sparse_fbp,27.43067169189453,0.8120701909065247,
22,2,sparse_fbp,26.045547485351562,0.8028539419174194,
23,2,sparse_fbp,24.013214111328125,0.7791321277618408,
24,2,sparse_fbp,23.704557418823242,0.7697017192840576,
25,2,sparse_fbp,24.27566146850586,0.7828869819641113,
26,2,sparse_fbp,23.520896911621094,0.7782074809074402,
27,2,sparse_fbp,24.210464477539062,0.7766039371490479,
28,2,sparse_fbp,25.7620849609375,0.8030707836151123,
29,2,sparse_fbp,24.121257781982422,0.8053549528121948,
30,2,sparse_fbp,26.469114303588867,0.8370479345321655,
31,2,sparse_fbp,23.861141204833984,0.7844876050949097,
32,2,sparse_fbp,25.892772674560547,0.7980548143386841,
33,2,sparse_fbp,24.345844268798828,0.7830034494400024,
34,2,sparse_fbp,24.85732650756836,0.7921813726425171,
35,2,sparse_fbp,23.922941207885742,0.7539883852005005,
36,2,sparse_fbp,27.142955780029297,0.827189028263092,
37,2,sparse_fbp,25.71472930908203,0.7957851886749268,
38,2,sparse_fbp,23.744308471679688,0.7779508829116821,
39,2,sparse_fbp,24.800010681152344,0.7899870872497559,
40,2,sparse_fbp,25.967945098876953,0.7956932187080383,
41,2,sparse_fbp,24.871150970458984,0.7974358797073364,
42,2,sparse_fbp,25.787050247192383,0.8306071758270264,
43,2,sparse_fbp,26.00745964050293,0.8010015487670898,
44,2,sparse_fbp,25.556896209716797,0.8193936944007874,
45,2,sparse_fbp,24.060590744018555,0.7845017910003662,
46,2,sparse_fbp,23.95053482055664,0.7750372886657715,
47,2,sparse_fbp,25.508853912353516,0.8230925798416138,
48,2,sparse_fbp,27.961177825927734,0.8199752569198608,
49,2,sparse_fbp,23.73190689086914,0.7772243618965149,
50,2,sparse_fbp,25.471004486083984,0.7980991005897522,
51,2,sparse_fbp,26.36275291442871,0.8087655901908875,
52,2,sparse_fbp,24.79966163635254,0.8062483072280884,
53,2,sparse_fbp,24.990619659423828,0.7910586595535278,
54,2,sparse_fbp,24.65660858154297,0.8099729418754578,
55,2,sparse_fbp,24.87893295288086,0.8015984296798706,
56,2,sparse_fbp,23.596017837524414,0.7675853371620178,
57,2,sparse_fbp,23.581069946289062,0.7802034020423889,
58,2,sparse_fbp,23.89936637878418,0.7888182401657104,
59,2,sparse_fbp,23.893409729003906,0.750207781791687,
60,2,sparse_fbp,24.901771545410156,0.7892585396766663,
61,2,sparse_fbp,24.722421646118164,0.804360568523407,
62,2,sparse_fbp,26.627511978149414,0.8475700616836548,
63,2,sparse_fbp,25.044919967651367,0.8048355579376221,
64,2,sparse_fbp,24.830310821533203,0.7922508716583252,
65,2,sparse_fbp,26.847915649414062,0.8237191438674927,
66,2,sparse_fbp,27.872573852539062,0.8163620233535767,
67,2,sparse_fbp,24.510292053222656,0.7887430191040039,
68,2,sparse_fbp,25.63687515258789,0.8042228817939758,
69,2,sparse_fbp,25.602542877197266,0.7971819639205933,
70,2,sparse_fbp,24.05971336364746,0.7906901240348816,
71,2,sparse_fbp,23.724956512451172,0.7811249494552612,
72,2,sparse_fbp,24.063827514648438,0.7773351073265076,
73,2,sparse_fbp,28.10483169555664,0.818089485168457,
74,2,sparse_fbp,24.738929748535156,0.7899090051651001,
75,2,sparse_fbp,23.788145065307617,0.7733001708984375,
76,2,sparse_fbp,27.878753662109375,0.8154265880584717,
77,2,sparse_fbp,23.845382690429688,0.783776044845581,
78,2,sparse_fbp,23.844039916992188,0.7846009135246277,
79,2,sparse_fbp,23.989139556884766,0.7576186656951904,
80,2,sparse_fbp,26.173240661621094,0.8108633756637573,
81,2,sparse_fbp,25.672962188720703,0.8259490132331848,
82,2,sparse_fbp,24.214099884033203,0.8051690459251404,
83,2,sparse_fbp,24.016725540161133,0.7763059139251709,
84,2,sparse_fbp,24.09020233154297,0.80079185962677,
85,2,sparse_fbp,24.099376678466797,0.8022406101226807,
86,2,sparse_fbp,24.102678298950195,0.8013969659805298,
87,2,sparse_fbp,26.274940490722656,0.8008891940116882,
88,2,sparse_fbp,26.11782455444336,0.8099019527435303,
89,2,sparse_fbp,25.510339736938477,0.7983982563018799,
90,2,sparse_fbp,24.198009490966797,0.7632490992546082,
91,2,sparse_fbp,25.249290466308594,0.8105744123458862,
92,2,sparse_fbp,25.623483657836914,0.8251938819885254,
93,2,sparse_fbp,23.862245559692383,0.7609879970550537,
94,2,sparse_fbp,25.960391998291016,0.8052188158035278,
95,2,sparse_fbp,24.48904800415039,0.7662755250930786,
96,2,sparse_fbp,24.012977600097656,0.7848830223083496,
97,2,sparse_fbp,26.062381744384766,0.7941834330558777,
98,2,sparse_fbp,24.095142364501953,0.800768256187439,
99,2,sparse_fbp,23.721515655517578,0.7806665301322937,
100,2,sparse_fbp,24.119646072387695,0.8091017007827759,
101,2,sparse_fbp,23.825645446777344,0.7798423171043396,
102,2,sparse_fbp,23.89459800720215,0.782575249671936,
103,2,sparse_fbp,26.063615798950195,0.8033574223518372,
104,2,sparse_fbp,23.725862503051758,0.7828526496887207,
105,2,sparse_fbp,25.757953643798828,0.8053216934204102,
106,2,sparse_fbp,27.495595932006836,0.8348090052604675,
107,2,sparse_fbp,24.168148040771484,0.8034212589263916,
108,2,sparse_fbp,23.754764556884766,0.7699095606803894,
109,2,sparse_fbp,26.501657485961914,0.8161555528640747,
110,2,sparse_fbp,25.856496810913086,0.7995428442955017,
111,2,sparse_fbp,23.92584800720215,0.7916347980499268,
112,2,sparse_fbp,24.06171989440918,0.7683725357055664,
113,2,sparse_fbp,24.123538970947266,0.8095842003822327,
114,2,sparse_fbp,25.929744720458984,0.8289822340011597,
115,2,sparse_fbp,25.967504501342773,0.7957374453544617,
116,2,sparse_fbp,25.27880096435547,0.7699885368347168,
117,2,sparse_fbp,26.098651885986328,0.7990099191665649,
118,2,sparse_fbp,24.288074493408203,0.8092398047447205,
119,2,sparse_fbp,26.607986450195312,0.7963958978652954,
120,2,sparse_fbp,23.64435577392578,0.7706722617149353,
121,2,sparse_fbp,24.03823471069336,0.7761482000350952,
122,2,sparse_fbp,23.55957794189453,0.7700883746147156,
123,2,sparse_fbp,24.419334411621094,0.7999114990234375,
124,2,sparse_fbp,25.664167404174805,0.820256233215332,
125,2,sparse_fbp,25.24744415283203,0.766367495059967,
126,2,sparse_fbp,26.019163131713867,0.8027576208114624,
127,2,sparse_fbp,24.06887435913086,0.794070839881897,
128,2,sparse_fbp,23.93589210510254,0.7793468832969666,
129,2,sparse_fbp,25.39178466796875,0.8160934448242188,
130,2,sparse_fbp,25.460594177246094,0.7956523895263672,
131,2,sparse_fbp,25.735153198242188,0.8057200908660889,
132,2,sparse_fbp,25.07978057861328,0.812953531742096,
133,2,sparse_fbp,23.714248657226562,0.7906675934791565,
134,2,sparse_fbp,25.119943618774414,0.802241325378418,
135,2,sparse_fbp,24.211746215820312,0.7710809111595154,
136,2,sparse_fbp,24.504850387573242,0.785635232925415,
137,2,sparse_fbp,24.273639678955078,0.7881443500518799,
138,2,sparse_fbp,24.56618309020996,0.7848224639892578,
139,2,sparse_fbp,25.64267921447754,0.8042887449264526,
140,2,sparse_fbp,23.981277465820312,0.7915146350860596,
141,2,sparse_fbp,25.536373138427734,0.8006500005722046,
142,2,sparse_fbp,27.454252243041992,0.8116868138313293,
143,2,sparse_fbp,23.901803970336914,0.7732683420181274,
144,2,sparse_fbp,26.175674438476562,0.8105107545852661,
145,2,sparse_fbp,26.186922073364258,0.8071174621582031,
146,2,sparse_fbp,24.208900451660156,0.7994396090507507,
147,2,sparse_fbp,25.345685958862305,0.8185667395591736,
148,2,sparse_fbp,24.408931732177734,0.8012409806251526,
149,2,sparse_fbp,24.393165588378906,0.8027151226997375,
150,2,sparse_fbp,24.425025939941406,0.7885744571685791,
151,2,sparse_fbp,23.987995147705078,0.7683142423629761,
152,2,sparse_fbp,25.006595611572266,0.7755736112594604,
153,2,sparse_fbp,26.08787727355957,0.8044071197509766,
154,2,sparse_fbp,24.4277400970459,0.7697229385375977,
155,2,sparse_fbp,23.870031356811523,0.7822837829589844,
156,2,sparse_fbp,24.54075050354004,0.7917729616165161,
157,2,sparse_fbp,24.062841415405273,0.7968482971191406,
158,2,sparse_fbp,23.79570770263672,0.767733097076416,
159,2,sparse_fbp,24.186086654663086,0.8027055263519287,
160,2,sparse_fbp,24.453527450561523,0.8018877506256104,
161,2,sparse_fbp,24.234878540039062,0.7780250310897827,
162,2,sparse_fbp,23.803504943847656,0.7831928133964539,
163,2,sparse_fbp,24.803133010864258,0.8181264996528625,
164,2,sparse_fbp,24.009376525878906,0.7893280982971191,
165,2,sparse_fbp,23.623838424682617,0.766665518283844,
166,2,sparse_fbp,23.77326774597168,0.7683064937591553,
167,2,sparse_fbp,25.47216796875,0.7990314960479736,
168,2,sparse_fbp,25.897003173828125,0.7948596477508545,
169,2,sparse_fbp,23.536880493164062,0.769684910774231,
170,2,sparse_fbp,23.685876846313477,0.7749576568603516,
171,2,sparse_fbp,26.527740478515625,0.8166578412055969,
172,2,sparse_fbp,23.94914436340332,0.7810595035552979,
173,2,sparse_fbp,28.169540405273438,0.820808470249176,
174,2,sparse_fbp,23.88115882873535,0.7897536754608154,
175,2,sparse_fbp,24.941415786743164,0.790341854095459,
176,2,sparse_fbp,24.33954429626465,0.7860722541809082,
177,2,sparse_fbp,24.24075698852539,0.7773665189743042,
178,2,sparse_fbp,24.208850860595703,0.8039622902870178,
179,2,sparse_fbp,23.75824737548828,0.7704198956489563,
180,2,sparse_fbp,26.030975341796875,0.8051367998123169,
181,2,sparse_fbp,24.49783706665039,0.7640529870986938,
182,2,sparse_fbp,23.810121536254883,0.7835455536842346,
183,2,sparse_fbp,24.537221908569336,0.7834962010383606,
184,2,sparse_fbp,28.009349822998047,0.819063127040863,
185,2,sparse_fbp,23.80662727355957,0.7807449698448181,
186,2,sparse_fbp,23.779823303222656,0.7778224945068359,
187,2,sparse_fbp,23.817522048950195,0.776159942150116,
188,2,sparse_fbp,23.820907592773438,0.7566616535186768,
189,2,sparse_fbp,23.879959106445312,0.7742406129837036,
190,2,sparse_fbp,24.568828582763672,0.782669186592102,
191,2,sparse_fbp,24.159948348999023,0.7676987648010254,
192,2,sparse_fbp,25.696266174316406,0.8062511682510376,
193,2,sparse_fbp,24.697784423828125,0.7795090675354004,
194,2,sparse_fbp,25.355680465698242,0.79390549659729,
195,2,sparse_fbp,24.48360824584961,0.8105075359344482,
196,2,sparse_fbp,23.807518005371094,0.7795063257217407,
197,2,sparse_fbp,23.85394859313965,0.7595272064208984,
198,2,sparse_fbp,26.030323028564453,0.8057499527931213,
199,2,sparse_fbp,24.079618453979492,0.7813961505889893,
0,2,redcnn,23.76899528503418,0.7792719602584839,/root/autodl-fs/PAPER2/redcnn_autodl/save/REDCNN_100000iter.ckpt
1,2,redcnn,23.64589500427246,0.7740923762321472,/root/autodl-fs/PAPER2/redcnn_autodl/save/REDCNN_100000iter.ckpt
2,2,redcnn,25.88953399658203,0.839834451675415,/root/autodl-fs/PAPER2/redcnn_autodl/save/REDCNN_100000iter.ckpt
3,2,redcnn,24.18959617614746,0.8210815191268921,/root/autodl-fs/PAPER2/redcnn_autodl/save/REDCNN_100000iter.ckpt
4,2,redcnn,26.162944793701172,0.8430737257003784,/root/autodl-fs/PAPER2/redcnn_autodl/save/REDCNN_100000iter.ckpt
5,2,redcnn,26.142187118530273,0.8013249635696411,/root/autodl-fs/PAPER2/redcnn_autodl/save/REDCNN_100000iter.ckpt
6,2,redcnn,26.007781982421875,0.8019652366638184,/root/autodl-fs/PAPER2/redcnn_autodl/save/REDCNN_100000iter.ckpt
7,2,redcnn,24.790199279785156,0.8160515427589417,/root/autodl-fs/PAPER2/redcnn_autodl/save/REDCNN_100000iter.ckpt
8,2,redcnn,26.012723922729492,0.8039885759353638,/root/autodl-fs/PAPER2/redcnn_autodl/save/REDCNN_100000iter.ckpt
9,2,redcnn,24.461162567138672,0.8166368007659912,/root/autodl-fs/PAPER2/redcnn_autodl/save/REDCNN_100000iter.ckpt
10,2,redcnn,24.819393157958984,0.8238704204559326,/root/autodl-fs/PAPER2/redcnn_autodl/save/REDCNN_100000iter.ckpt
11,2,redcnn,24.114171981811523,0.7853847742080688,/root/autodl-fs/PAPER2/redcnn_autodl/save/REDCNN_100000iter.ckpt
12,2,redcnn,25.411544799804688,0.7611159682273865,/root/autodl-fs/PAPER2/redcnn_autodl/save/REDCNN_100000iter.ckpt
13,2,redcnn,23.773860931396484,0.7879271507263184,/root/autodl-fs/PAPER2/redcnn_autodl/save/REDCNN_100000iter.ckpt
14,2,redcnn,24.2912654876709,0.7860243320465088,/root/autodl-fs/PAPER2/redcnn_autodl/save/REDCNN_100000iter.ckpt
15,2,redcnn,24.018138885498047,0.7540276050567627,/root/autodl-fs/PAPER2/redcnn_autodl/save/REDCNN_100000iter.ckpt
16,2,redcnn,24.77247428894043,0.8234949111938477,/root/autodl-fs/PAPER2/redcnn_autodl/save/REDCNN_100000iter.ckpt
17,2,redcnn,25.823286056518555,0.8335641026496887,/root/autodl-fs/PAPER2/redcnn_autodl/save/REDCNN_100000iter.ckpt
18,2,redcnn,24.19935417175293,0.7864699363708496,/root/autodl-fs/PAPER2/redcnn_autodl/save/REDCNN_100000iter.ckpt
19,2,redcnn,24.046905517578125,0.7596179246902466,/root/autodl-fs/PAPER2/redcnn_autodl/save/REDCNN_100000iter.ckpt
20,2,redcnn,24.318849563598633,0.7826394438743591,/root/autodl-fs/PAPER2/redcnn_autodl/save/REDCNN_100000iter.ckpt
21,2,redcnn,27.48351287841797,0.8104521036148071,/root/autodl-fs/PAPER2/redcnn_autodl/save/REDCNN_100000iter.ckpt
22,2,redcnn,26.01169204711914,0.7996411919593811,/root/autodl-fs/PAPER2/redcnn_autodl/save/REDCNN_100000iter.ckpt
23,2,redcnn,24.242286682128906,0.7871509790420532,/root/autodl-fs/PAPER2/redcnn_autodl/save/REDCNN_100000iter.ckpt
24,2,redcnn,23.77492904663086,0.7790635228157043,/root/autodl-fs/PAPER2/redcnn_autodl/save/REDCNN_100000iter.ckpt
25,2,redcnn,24.494117736816406,0.7885826230049133,/root/autodl-fs/PAPER2/redcnn_autodl/save/REDCNN_100000iter.ckpt
26,2,redcnn,23.661678314208984,0.7885795831680298,/root/autodl-fs/PAPER2/redcnn_autodl/save/REDCNN_100000iter.ckpt
27,2,redcnn,24.433639526367188,0.7811971306800842,/root/autodl-fs/PAPER2/redcnn_autodl/save/REDCNN_100000iter.ckpt
28,2,redcnn,25.729429244995117,0.7987589836120605,/root/autodl-fs/PAPER2/redcnn_autodl/save/REDCNN_100000iter.ckpt
29,2,redcnn,24.14535140991211,0.8095079660415649,/root/autodl-fs/PAPER2/redcnn_autodl/save/REDCNN_100000iter.ckpt
30,2,redcnn,26.74591827392578,0.8499392867088318,/root/autodl-fs/PAPER2/redcnn_autodl/save/REDCNN_100000iter.ckpt
31,2,redcnn,23.99859619140625,0.7908453941345215,/root/autodl-fs/PAPER2/redcnn_autodl/save/REDCNN_100000iter.ckpt
32,2,redcnn,25.97710418701172,0.8055460453033447,/root/autodl-fs/PAPER2/redcnn_autodl/save/REDCNN_100000iter.ckpt
33,2,redcnn,24.56446647644043,0.78841233253479,/root/autodl-fs/PAPER2/redcnn_autodl/save/REDCNN_100000iter.ckpt
34,2,redcnn,24.9638729095459,0.8041290044784546,/root/autodl-fs/PAPER2/redcnn_autodl/save/REDCNN_100000iter.ckpt
35,2,redcnn,24.048969268798828,0.7581743597984314,/root/autodl-fs/PAPER2/redcnn_autodl/save/REDCNN_100000iter.ckpt
36,2,redcnn,27.12453842163086,0.8247066736221313,/root/autodl-fs/PAPER2/redcnn_autodl/save/REDCNN_100000iter.ckpt
37,2,redcnn,25.65041732788086,0.7938601970672607,/root/autodl-fs/PAPER2/redcnn_autodl/save/REDCNN_100000iter.ckpt
38,2,redcnn,23.788898468017578,0.7872644662857056,/root/autodl-fs/PAPER2/redcnn_autodl/save/REDCNN_100000iter.ckpt
39,2,redcnn,24.86811637878418,0.8009568452835083,/root/autodl-fs/PAPER2/redcnn_autodl/save/REDCNN_100000iter.ckpt
40,2,redcnn,26.041362762451172,0.8034038543701172,/root/autodl-fs/PAPER2/redcnn_autodl/save/REDCNN_100000iter.ckpt
41,2,redcnn,24.914966583251953,0.8069718480110168,/root/autodl-fs/PAPER2/redcnn_autodl/save/REDCNN_100000iter.ckpt
42,2,redcnn,26.078298568725586,0.8363784551620483,/root/autodl-fs/PAPER2/redcnn_autodl/save/REDCNN_100000iter.ckpt
43,2,redcnn,25.970977783203125,0.7974012494087219,/root/autodl-fs/PAPER2/redcnn_autodl/save/REDCNN_100000iter.ckpt
44,2,redcnn,25.69858741760254,0.8310501575469971,/root/autodl-fs/PAPER2/redcnn_autodl/save/REDCNN_100000iter.ckpt
45,2,redcnn,24.127830505371094,0.7932735681533813,/root/autodl-fs/PAPER2/redcnn_autodl/save/REDCNN_100000iter.ckpt
46,2,redcnn,24.188045501708984,0.7852427363395691,/root/autodl-fs/PAPER2/redcnn_autodl/save/REDCNN_100000iter.ckpt
47,2,redcnn,25.791217803955078,0.8289777040481567,/root/autodl-fs/PAPER2/redcnn_autodl/save/REDCNN_100000iter.ckpt
48,2,redcnn,28.07311248779297,0.8164359331130981,/root/autodl-fs/PAPER2/redcnn_autodl/save/REDCNN_100000iter.ckpt
49,2,redcnn,23.89937973022461,0.7882065773010254,/root/autodl-fs/PAPER2/redcnn_autodl/save/REDCNN_100000iter.ckpt
50,2,redcnn,25.41795539855957,0.7937279939651489,/root/autodl-fs/PAPER2/redcnn_autodl/save/REDCNN_100000iter.ckpt
51,2,redcnn,26.347679138183594,0.8033027648925781,/root/autodl-fs/PAPER2/redcnn_autodl/save/REDCNN_100000iter.ckpt
52,2,redcnn,24.867422103881836,0.8177927732467651,/root/autodl-fs/PAPER2/redcnn_autodl/save/REDCNN_100000iter.ckpt
53,2,redcnn,25.061492919921875,0.7968474626541138,/root/autodl-fs/PAPER2/redcnn_autodl/save/REDCNN_100000iter.ckpt
54,2,redcnn,24.774044036865234,0.8226137161254883,/root/autodl-fs/PAPER2/redcnn_autodl/save/REDCNN_100000iter.ckpt
55,2,redcnn,25.138935089111328,0.8079325556755066,/root/autodl-fs/PAPER2/redcnn_autodl/save/REDCNN_100000iter.ckpt
56,2,redcnn,23.730857849121094,0.7744632959365845,/root/autodl-fs/PAPER2/redcnn_autodl/save/REDCNN_100000iter.ckpt
57,2,redcnn,23.72542953491211,0.7913850545883179,/root/autodl-fs/PAPER2/redcnn_autodl/save/REDCNN_100000iter.ckpt
58,2,redcnn,23.954221725463867,0.7975365519523621,/root/autodl-fs/PAPER2/redcnn_autodl/save/REDCNN_100000iter.ckpt
59,2,redcnn,24.03002166748047,0.7554889917373657,/root/autodl-fs/PAPER2/redcnn_autodl/save/REDCNN_100000iter.ckpt
60,2,redcnn,25.00243377685547,0.8016775846481323,/root/autodl-fs/PAPER2/redcnn_autodl/save/REDCNN_100000iter.ckpt
61,2,redcnn,24.797697067260742,0.817509651184082,/root/autodl-fs/PAPER2/redcnn_autodl/save/REDCNN_100000iter.ckpt
62,2,redcnn,26.923158645629883,0.8599458932876587,/root/autodl-fs/PAPER2/redcnn_autodl/save/REDCNN_100000iter.ckpt
63,2,redcnn,25.33831787109375,0.8130112886428833,/root/autodl-fs/PAPER2/redcnn_autodl/save/REDCNN_100000iter.ckpt
64,2,redcnn,24.94165802001953,0.8044867515563965,/root/autodl-fs/PAPER2/redcnn_autodl/save/REDCNN_100000iter.ckpt
65,2,redcnn,26.82649803161621,0.8211168050765991,/root/autodl-fs/PAPER2/redcnn_autodl/save/REDCNN_100000iter.ckpt
66,2,redcnn,27.97665786743164,0.812727153301239,/root/autodl-fs/PAPER2/redcnn_autodl/save/REDCNN_100000iter.ckpt
67,2,redcnn,24.552099227905273,0.7919330596923828,/root/autodl-fs/PAPER2/redcnn_autodl/save/REDCNN_100000iter.ckpt
68,2,redcnn,25.598726272583008,0.8005554676055908,/root/autodl-fs/PAPER2/redcnn_autodl/save/REDCNN_100000iter.ckpt
69,2,redcnn,25.52433204650879,0.7939850091934204,/root/autodl-fs/PAPER2/redcnn_autodl/save/REDCNN_100000iter.ckpt
70,2,redcnn,24.13560676574707,0.7998180389404297,/root/autodl-fs/PAPER2/redcnn_autodl/save/REDCNN_100000iter.ckpt
71,2,redcnn,23.858993530273438,0.7904660701751709,/root/autodl-fs/PAPER2/redcnn_autodl/save/REDCNN_100000iter.ckpt
72,2,redcnn,24.262149810791016,0.7851254940032959,/root/autodl-fs/PAPER2/redcnn_autodl/save/REDCNN_100000iter.ckpt
73,2,redcnn,28.217761993408203,0.8145487308502197,/root/autodl-fs/PAPER2/redcnn_autodl/save/REDCNN_100000iter.ckpt
74,2,redcnn,24.796104431152344,0.800398051738739,/root/autodl-fs/PAPER2/redcnn_autodl/save/REDCNN_100000iter.ckpt
75,2,redcnn,23.960142135620117,0.7791702747344971,/root/autodl-fs/PAPER2/redcnn_autodl/save/REDCNN_100000iter.ckpt
76,2,redcnn,27.980491638183594,0.8116975426673889,/root/autodl-fs/PAPER2/redcnn_autodl/save/REDCNN_100000iter.ckpt
77,2,redcnn,23.909500122070312,0.7917881011962891,/root/autodl-fs/PAPER2/redcnn_autodl/save/REDCNN_100000iter.ckpt
78,2,redcnn,23.909379959106445,0.7933069467544556,/root/autodl-fs/PAPER2/redcnn_autodl/save/REDCNN_100000iter.ckpt
79,2,redcnn,24.109365463256836,0.7614803910255432,/root/autodl-fs/PAPER2/redcnn_autodl/save/REDCNN_100000iter.ckpt
80,2,redcnn,26.137409210205078,0.8057327270507812,/root/autodl-fs/PAPER2/redcnn_autodl/save/REDCNN_100000iter.ckpt
81,2,redcnn,25.9530029296875,0.8315937519073486,/root/autodl-fs/PAPER2/redcnn_autodl/save/REDCNN_100000iter.ckpt
82,2,redcnn,24.257144927978516,0.8119630217552185,/root/autodl-fs/PAPER2/redcnn_autodl/save/REDCNN_100000iter.ckpt
83,2,redcnn,24.237329483032227,0.7852698564529419,/root/autodl-fs/PAPER2/redcnn_autodl/save/REDCNN_100000iter.ckpt
84,2,redcnn,24.314777374267578,0.8116225004196167,/root/autodl-fs/PAPER2/redcnn_autodl/save/REDCNN_100000iter.ckpt
85,2,redcnn,24.145313262939453,0.8078875541687012,/root/autodl-fs/PAPER2/redcnn_autodl/save/REDCNN_100000iter.ckpt
86,2,redcnn,24.31381607055664,0.8121997117996216,/root/autodl-fs/PAPER2/redcnn_autodl/save/REDCNN_100000iter.ckpt
87,2,redcnn,26.257770538330078,0.7961535453796387,/root/autodl-fs/PAPER2/redcnn_autodl/save/REDCNN_100000iter.ckpt
88,2,redcnn,26.0687255859375,0.8035211563110352,/root/autodl-fs/PAPER2/redcnn_autodl/save/REDCNN_100000iter.ckpt
89,2,redcnn,25.455720901489258,0.7938787937164307,/root/autodl-fs/PAPER2/redcnn_autodl/save/REDCNN_100000iter.ckpt
90,2,redcnn,24.333646774291992,0.7668181657791138,/root/autodl-fs/PAPER2/redcnn_autodl/save/REDCNN_100000iter.ckpt
91,2,redcnn,25.534740447998047,0.8167064189910889,/root/autodl-fs/PAPER2/redcnn_autodl/save/REDCNN_100000iter.ckpt
92,2,redcnn,25.911022186279297,0.831274688243866,/root/autodl-fs/PAPER2/redcnn_autodl/save/REDCNN_100000iter.ckpt
93,2,redcnn,23.971466064453125,0.7671069502830505,/root/autodl-fs/PAPER2/redcnn_autodl/save/REDCNN_100000iter.ckpt
94,2,redcnn,25.93183135986328,0.8001209497451782,/root/autodl-fs/PAPER2/redcnn_autodl/save/REDCNN_100000iter.ckpt
95,2,redcnn,24.648035049438477,0.7695252299308777,/root/autodl-fs/PAPER2/redcnn_autodl/save/REDCNN_100000iter.ckpt
96,2,redcnn,24.072052001953125,0.7921066284179688,/root/autodl-fs/PAPER2/redcnn_autodl/save/REDCNN_100000iter.ckpt
97,2,redcnn,26.113224029541016,0.8003242015838623,/root/autodl-fs/PAPER2/redcnn_autodl/save/REDCNN_100000iter.ckpt
98,2,redcnn,24.325199127197266,0.811764121055603,/root/autodl-fs/PAPER2/redcnn_autodl/save/REDCNN_100000iter.ckpt
99,2,redcnn,23.77857208251953,0.7911942005157471,/root/autodl-fs/PAPER2/redcnn_autodl/save/REDCNN_100000iter.ckpt
100,2,redcnn,24.16034698486328,0.8179747462272644,/root/autodl-fs/PAPER2/redcnn_autodl/save/REDCNN_100000iter.ckpt
101,2,redcnn,23.99740982055664,0.7855713367462158,/root/autodl-fs/PAPER2/redcnn_autodl/save/REDCNN_100000iter.ckpt
102,2,redcnn,23.952253341674805,0.7910941243171692,/root/autodl-fs/PAPER2/redcnn_autodl/save/REDCNN_100000iter.ckpt
103,2,redcnn,26.022048950195312,0.7992898225784302,/root/autodl-fs/PAPER2/redcnn_autodl/save/REDCNN_100000iter.ckpt
104,2,redcnn,23.860008239746094,0.7920398116111755,/root/autodl-fs/PAPER2/redcnn_autodl/save/REDCNN_100000iter.ckpt
105,2,redcnn,25.695598602294922,0.8011472225189209,/root/autodl-fs/PAPER2/redcnn_autodl/save/REDCNN_100000iter.ckpt
106,2,redcnn,27.502323150634766,0.8333274126052856,/root/autodl-fs/PAPER2/redcnn_autodl/save/REDCNN_100000iter.ckpt
107,2,redcnn,24.21285629272461,0.8101685047149658,/root/autodl-fs/PAPER2/redcnn_autodl/save/REDCNN_100000iter.ckpt
108,2,redcnn,23.815908432006836,0.7780566215515137,/root/autodl-fs/PAPER2/redcnn_autodl/save/REDCNN_100000iter.ckpt
109,2,redcnn,26.482521057128906,0.8127904534339905,/root/autodl-fs/PAPER2/redcnn_autodl/save/REDCNN_100000iter.ckpt
110,2,redcnn,25.797142028808594,0.7969967126846313,/root/autodl-fs/PAPER2/redcnn_autodl/save/REDCNN_100000iter.ckpt
111,2,redcnn,23.99350929260254,0.7999497056007385,/root/autodl-fs/PAPER2/redcnn_autodl/save/REDCNN_100000iter.ckpt
112,2,redcnn,24.137516021728516,0.7723253965377808,/root/autodl-fs/PAPER2/redcnn_autodl/save/REDCNN_100000iter.ckpt
113,2,redcnn,24.162443161010742,0.8181731700897217,/root/autodl-fs/PAPER2/redcnn_autodl/save/REDCNN_100000iter.ckpt
114,2,redcnn,26.13123893737793,0.8425225019454956,/root/autodl-fs/PAPER2/redcnn_autodl/save/REDCNN_100000iter.ckpt
115,2,redcnn,26.02757453918457,0.8020696640014648,/root/autodl-fs/PAPER2/redcnn_autodl/save/REDCNN_100000iter.ckpt
116,2,redcnn,25.31578826904297,0.7736743092536926,/root/autodl-fs/PAPER2/redcnn_autodl/save/REDCNN_100000iter.ckpt
117,2,redcnn,26.09235382080078,0.7940734624862671,/root/autodl-fs/PAPER2/redcnn_autodl/save/REDCNN_100000iter.ckpt
118,2,redcnn,24.336788177490234,0.8156370520591736,/root/autodl-fs/PAPER2/redcnn_autodl/save/REDCNN_100000iter.ckpt
119,2,redcnn,26.7139892578125,0.7988770008087158,/root/autodl-fs/PAPER2/redcnn_autodl/save/REDCNN_100000iter.ckpt
120,2,redcnn,23.706159591674805,0.7792197465896606,/root/autodl-fs/PAPER2/redcnn_autodl/save/REDCNN_100000iter.ckpt
121,2,redcnn,24.24226951599121,0.7846400737762451,/root/autodl-fs/PAPER2/redcnn_autodl/save/REDCNN_100000iter.ckpt
122,2,redcnn,23.660400390625,0.7780240178108215,/root/autodl-fs/PAPER2/redcnn_autodl/save/REDCNN_100000iter.ckpt
123,2,redcnn,24.46463394165039,0.8037325143814087,/root/autodl-fs/PAPER2/redcnn_autodl/save/REDCNN_100000iter.ckpt
124,2,redcnn,25.97866439819336,0.824544370174408,/root/autodl-fs/PAPER2/redcnn_autodl/save/REDCNN_100000iter.ckpt
125,2,redcnn,25.287351608276367,0.7705714702606201,/root/autodl-fs/PAPER2/redcnn_autodl/save/REDCNN_100000iter.ckpt
126,2,redcnn,25.979822158813477,0.7991169691085815,/root/autodl-fs/PAPER2/redcnn_autodl/save/REDCNN_100000iter.ckpt
127,2,redcnn,24.148672103881836,0.8048189282417297,/root/autodl-fs/PAPER2/redcnn_autodl/save/REDCNN_100000iter.ckpt
128,2,redcnn,23.973562240600586,0.7890625596046448,/root/autodl-fs/PAPER2/redcnn_autodl/save/REDCNN_100000iter.ckpt
129,2,redcnn,25.670625686645508,0.8214623928070068,/root/autodl-fs/PAPER2/redcnn_autodl/save/REDCNN_100000iter.ckpt
130,2,redcnn,25.403425216674805,0.7926026582717896,/root/autodl-fs/PAPER2/redcnn_autodl/save/REDCNN_100000iter.ckpt
131,2,redcnn,25.675537109375,0.8013209700584412,/root/autodl-fs/PAPER2/redcnn_autodl/save/REDCNN_100000iter.ckpt
132,2,redcnn,25.139434814453125,0.8218442797660828,/root/autodl-fs/PAPER2/redcnn_autodl/save/REDCNN_100000iter.ckpt
133,2,redcnn,23.886459350585938,0.8029786944389343,/root/autodl-fs/PAPER2/redcnn_autodl/save/REDCNN_100000iter.ckpt
134,2,redcnn,25.22622299194336,0.8119491338729858,/root/autodl-fs/PAPER2/redcnn_autodl/save/REDCNN_100000iter.ckpt
135,2,redcnn,24.415864944458008,0.7802075743675232,/root/autodl-fs/PAPER2/redcnn_autodl/save/REDCNN_100000iter.ckpt
136,2,redcnn,24.73514747619629,0.7904282808303833,/root/autodl-fs/PAPER2/redcnn_autodl/save/REDCNN_100000iter.ckpt
137,2,redcnn,24.516212463378906,0.795139491558075,/root/autodl-fs/PAPER2/redcnn_autodl/save/REDCNN_100000iter.ckpt
138,2,redcnn,24.600032806396484,0.788813591003418,/root/autodl-fs/PAPER2/redcnn_autodl/save/REDCNN_100000iter.ckpt
139,2,redcnn,25.59274673461914,0.7994067668914795,/root/autodl-fs/PAPER2/redcnn_autodl/save/REDCNN_100000iter.ckpt
140,2,redcnn,24.041351318359375,0.8001954555511475,/root/autodl-fs/PAPER2/redcnn_autodl/save/REDCNN_100000iter.ckpt
141,2,redcnn,25.49905776977539,0.7975335717201233,/root/autodl-fs/PAPER2/redcnn_autodl/save/REDCNN_100000iter.ckpt
142,2,redcnn,27.51046371459961,0.8098103404045105,/root/autodl-fs/PAPER2/redcnn_autodl/save/REDCNN_100000iter.ckpt
143,2,redcnn,24.013959884643555,0.7785834670066833,/root/autodl-fs/PAPER2/redcnn_autodl/save/REDCNN_100000iter.ckpt
144,2,redcnn,26.127092361450195,0.8041855096817017,/root/autodl-fs/PAPER2/redcnn_autodl/save/REDCNN_100000iter.ckpt
145,2,redcnn,26.170194625854492,0.8035939931869507,/root/autodl-fs/PAPER2/redcnn_autodl/save/REDCNN_100000iter.ckpt
146,2,redcnn,24.39702606201172,0.8087212443351746,/root/autodl-fs/PAPER2/redcnn_autodl/save/REDCNN_100000iter.ckpt
147,2,redcnn,25.489099502563477,0.8306360244750977,/root/autodl-fs/PAPER2/redcnn_autodl/save/REDCNN_100000iter.ckpt
148,2,redcnn,24.456989288330078,0.8049024939537048,/root/autodl-fs/PAPER2/redcnn_autodl/save/REDCNN_100000iter.ckpt
149,2,redcnn,24.489452362060547,0.8130614757537842,/root/autodl-fs/PAPER2/redcnn_autodl/save/REDCNN_100000iter.ckpt
150,2,redcnn,24.695682525634766,0.7975512146949768,/root/autodl-fs/PAPER2/redcnn_autodl/save/REDCNN_100000iter.ckpt
151,2,redcnn,24.061412811279297,0.7719627022743225,/root/autodl-fs/PAPER2/redcnn_autodl/save/REDCNN_100000iter.ckpt
152,2,redcnn,25.05605697631836,0.7795052528381348,/root/autodl-fs/PAPER2/redcnn_autodl/save/REDCNN_100000iter.ckpt
153,2,redcnn,26.078184127807617,0.8017730712890625,/root/autodl-fs/PAPER2/redcnn_autodl/save/REDCNN_100000iter.ckpt
154,2,redcnn,24.63578987121582,0.774520754814148,/root/autodl-fs/PAPER2/redcnn_autodl/save/REDCNN_100000iter.ckpt
155,2,redcnn,24.039199829101562,0.786998987197876,/root/autodl-fs/PAPER2/redcnn_autodl/save/REDCNN_100000iter.ckpt
156,2,redcnn,24.799442291259766,0.8006994724273682,/root/autodl-fs/PAPER2/redcnn_autodl/save/REDCNN_100000iter.ckpt
157,2,redcnn,24.107177734375,0.8030034899711609,/root/autodl-fs/PAPER2/redcnn_autodl/save/REDCNN_100000iter.ckpt
158,2,redcnn,23.83673667907715,0.7743258476257324,/root/autodl-fs/PAPER2/redcnn_autodl/save/REDCNN_100000iter.ckpt
159,2,redcnn,24.38114356994629,0.8131111860275269,/root/autodl-fs/PAPER2/redcnn_autodl/save/REDCNN_100000iter.ckpt
160,2,redcnn,24.512680053710938,0.8063690066337585,/root/autodl-fs/PAPER2/redcnn_autodl/save/REDCNN_100000iter.ckpt
161,2,redcnn,24.443035125732422,0.7846909761428833,/root/autodl-fs/PAPER2/redcnn_autodl/save/REDCNN_100000iter.ckpt
162,2,redcnn,23.84111213684082,0.788921058177948,/root/autodl-fs/PAPER2/redcnn_autodl/save/REDCNN_100000iter.ckpt
163,2,redcnn,24.932270050048828,0.8302962779998779,/root/autodl-fs/PAPER2/redcnn_autodl/save/REDCNN_100000iter.ckpt
164,2,redcnn,24.07363510131836,0.7968239784240723,/root/autodl-fs/PAPER2/redcnn_autodl/save/REDCNN_100000iter.ckpt
165,2,redcnn,23.791778564453125,0.772708535194397,/root/autodl-fs/PAPER2/redcnn_autodl/save/REDCNN_100000iter.ckpt
166,2,redcnn,23.910619735717773,0.7749403119087219,/root/autodl-fs/PAPER2/redcnn_autodl/save/REDCNN_100000iter.ckpt
167,2,redcnn,25.416400909423828,0.7942250967025757,/root/autodl-fs/PAPER2/redcnn_autodl/save/REDCNN_100000iter.ckpt
168,2,redcnn,25.97681427001953,0.8024992346763611,/root/autodl-fs/PAPER2/redcnn_autodl/save/REDCNN_100000iter.ckpt
169,2,redcnn,23.60203742980957,0.7795525789260864,/root/autodl-fs/PAPER2/redcnn_autodl/save/REDCNN_100000iter.ckpt
170,2,redcnn,23.87220573425293,0.7823891043663025,/root/autodl-fs/PAPER2/redcnn_autodl/save/REDCNN_100000iter.ckpt
171,2,redcnn,26.5048828125,0.813495397567749,/root/autodl-fs/PAPER2/redcnn_autodl/save/REDCNN_100000iter.ckpt
172,2,redcnn,23.986528396606445,0.7880975008010864,/root/autodl-fs/PAPER2/redcnn_autodl/save/REDCNN_100000iter.ckpt
173,2,redcnn,28.26306915283203,0.8158257603645325,/root/autodl-fs/PAPER2/redcnn_autodl/save/REDCNN_100000iter.ckpt
174,2,redcnn,23.945629119873047,0.7985935211181641,/root/autodl-fs/PAPER2/redcnn_autodl/save/REDCNN_100000iter.ckpt
175,2,redcnn,25.018463134765625,0.7968324422836304,/root/autodl-fs/PAPER2/redcnn_autodl/save/REDCNN_100000iter.ckpt
176,2,redcnn,24.58197021484375,0.7931073307991028,/root/autodl-fs/PAPER2/redcnn_autodl/save/REDCNN_100000iter.ckpt
177,2,redcnn,24.397199630737305,0.7842191457748413,/root/autodl-fs/PAPER2/redcnn_autodl/save/REDCNN_100000iter.ckpt
178,2,redcnn,24.25071907043457,0.8108557462692261,/root/autodl-fs/PAPER2/redcnn_autodl/save/REDCNN_100000iter.ckpt
179,2,redcnn,23.919254302978516,0.7751045823097229,/root/autodl-fs/PAPER2/redcnn_autodl/save/REDCNN_100000iter.ckpt
180,2,redcnn,25.99748420715332,0.8014978170394897,/root/autodl-fs/PAPER2/redcnn_autodl/save/REDCNN_100000iter.ckpt
181,2,redcnn,24.649608612060547,0.7660764455795288,/root/autodl-fs/PAPER2/redcnn_autodl/save/REDCNN_100000iter.ckpt
182,2,redcnn,23.857685089111328,0.7897979617118835,/root/autodl-fs/PAPER2/redcnn_autodl/save/REDCNN_100000iter.ckpt
183,2,redcnn,24.71590805053711,0.7883610725402832,/root/autodl-fs/PAPER2/redcnn_autodl/save/REDCNN_100000iter.ckpt
184,2,redcnn,28.123329162597656,0.8155269622802734,/root/autodl-fs/PAPER2/redcnn_autodl/save/REDCNN_100000iter.ckpt
185,2,redcnn,23.97819709777832,0.7872040867805481,/root/autodl-fs/PAPER2/redcnn_autodl/save/REDCNN_100000iter.ckpt
186,2,redcnn,23.945682525634766,0.7882819175720215,/root/autodl-fs/PAPER2/redcnn_autodl/save/REDCNN_100000iter.ckpt
187,2,redcnn,24.027149200439453,0.7836637496948242,/root/autodl-fs/PAPER2/redcnn_autodl/save/REDCNN_100000iter.ckpt
188,2,redcnn,23.938495635986328,0.7623032331466675,/root/autodl-fs/PAPER2/redcnn_autodl/save/REDCNN_100000iter.ckpt
189,2,redcnn,24.009363174438477,0.7808233499526978,/root/autodl-fs/PAPER2/redcnn_autodl/save/REDCNN_100000iter.ckpt
190,2,redcnn,24.753055572509766,0.7899985313415527,/root/autodl-fs/PAPER2/redcnn_autodl/save/REDCNN_100000iter.ckpt
191,2,redcnn,24.37408447265625,0.7721197605133057,/root/autodl-fs/PAPER2/redcnn_autodl/save/REDCNN_100000iter.ckpt
192,2,redcnn,25.631406784057617,0.8012199997901917,/root/autodl-fs/PAPER2/redcnn_autodl/save/REDCNN_100000iter.ckpt
193,2,redcnn,24.75364875793457,0.7825426459312439,/root/autodl-fs/PAPER2/redcnn_autodl/save/REDCNN_100000iter.ckpt
194,2,redcnn,25.43276023864746,0.8032126426696777,/root/autodl-fs/PAPER2/redcnn_autodl/save/REDCNN_100000iter.ckpt
195,2,redcnn,24.738819122314453,0.820232093334198,/root/autodl-fs/PAPER2/redcnn_autodl/save/REDCNN_100000iter.ckpt
196,2,redcnn,23.840782165527344,0.7866672277450562,/root/autodl-fs/PAPER2/redcnn_autodl/save/REDCNN_100000iter.ckpt
197,2,redcnn,23.96314811706543,0.7655765414237976,/root/autodl-fs/PAPER2/redcnn_autodl/save/REDCNN_100000iter.ckpt
198,2,redcnn,25.984460830688477,0.8016437292098999,/root/autodl-fs/PAPER2/redcnn_autodl/save/REDCNN_100000iter.ckpt
199,2,redcnn,24.18177032470703,0.7876013517379761,/root/autodl-fs/PAPER2/redcnn_autodl/save/REDCNN_100000iter.ckpt
0,2,cascade,32.89556121826172,0.8889498710632324,weights/cascade_original_S2.pth
1,2,cascade,32.372352600097656,0.8734260201454163,weights/cascade_original_S2.pth
2,2,cascade,35.23971176147461,0.917686939239502,weights/cascade_original_S2.pth
3,2,cascade,34.476661682128906,0.9200683236122131,weights/cascade_original_S2.pth
4,2,cascade,35.25148010253906,0.9185059070587158,weights/cascade_original_S2.pth
5,2,cascade,34.12369918823242,0.9116373658180237,weights/cascade_original_S2.pth
6,2,cascade,33.2741584777832,0.8561760187149048,weights/cascade_original_S2.pth
7,2,cascade,33.1021728515625,0.9103635549545288,weights/cascade_original_S2.pth
8,2,cascade,33.83298110961914,0.9144909381866455,weights/cascade_original_S2.pth
9,2,cascade,34.64622116088867,0.9197775721549988,weights/cascade_original_S2.pth
10,2,cascade,34.08253479003906,0.9160904884338379,weights/cascade_original_S2.pth
11,2,cascade,33.00503921508789,0.8918728828430176,weights/cascade_original_S2.pth
12,2,cascade,32.286190032958984,0.8095266819000244,weights/cascade_original_S2.pth
13,2,cascade,33.355194091796875,0.8975756168365479,weights/cascade_original_S2.pth
14,2,cascade,31.85684585571289,0.8677322864532471,weights/cascade_original_S2.pth
15,2,cascade,32.24326705932617,0.8560531139373779,weights/cascade_original_S2.pth
16,2,cascade,34.674293518066406,0.9208700656890869,weights/cascade_original_S2.pth
17,2,cascade,34.877044677734375,0.9111998081207275,weights/cascade_original_S2.pth
18,2,cascade,32.064903259277344,0.8719943761825562,weights/cascade_original_S2.pth
19,2,cascade,32.100128173828125,0.8598030805587769,weights/cascade_original_S2.pth
20,2,cascade,32.89338684082031,0.8829898834228516,weights/cascade_original_S2.pth
21,2,cascade,33.728492736816406,0.8727283477783203,weights/cascade_original_S2.pth
22,2,cascade,34.34090805053711,0.9198524951934814,weights/cascade_original_S2.pth
23,2,cascade,32.475372314453125,0.8806048631668091,weights/cascade_original_S2.pth
24,2,cascade,32.947532653808594,0.8883270025253296,weights/cascade_original_S2.pth
25,2,cascade,33.04800033569336,0.8755007982254028,weights/cascade_original_S2.pth
26,2,cascade,33.22434997558594,0.8976285457611084,weights/cascade_original_S2.pth
27,2,cascade,32.863887786865234,0.8686403036117554,weights/cascade_original_S2.pth
28,2,cascade,33.894737243652344,0.9140249490737915,weights/cascade_original_S2.pth
29,2,cascade,32.76018524169922,0.8968589901924133,weights/cascade_original_S2.pth
30,2,cascade,35.26354217529297,0.9081672430038452,weights/cascade_original_S2.pth
31,2,cascade,33.279151916503906,0.8883934020996094,weights/cascade_original_S2.pth
32,2,cascade,33.216732025146484,0.8602343201637268,weights/cascade_original_S2.pth
33,2,cascade,33.077693939208984,0.875140905380249,weights/cascade_original_S2.pth
34,2,cascade,33.30708312988281,0.8943260908126831,weights/cascade_original_S2.pth
35,2,cascade,32.04466247558594,0.8611276149749756,weights/cascade_original_S2.pth
36,2,cascade,32.76358413696289,0.8963240385055542,weights/cascade_original_S2.pth
37,2,cascade,34.566009521484375,0.9188566207885742,weights/cascade_original_S2.pth
38,2,cascade,33.21822738647461,0.8954195976257324,weights/cascade_original_S2.pth
39,2,cascade,32.83604049682617,0.8877021670341492,weights/cascade_original_S2.pth
40,2,cascade,33.14179992675781,0.8559395670890808,weights/cascade_original_S2.pth
41,2,cascade,33.16575622558594,0.8951245546340942,weights/cascade_original_S2.pth
42,2,cascade,34.49610900878906,0.9026668071746826,weights/cascade_original_S2.pth
43,2,cascade,33.954105377197266,0.9205724000930786,weights/cascade_original_S2.pth
44,2,cascade,34.95039367675781,0.9125112295150757,weights/cascade_original_S2.pth
45,2,cascade,33.72249221801758,0.9051974415779114,weights/cascade_original_S2.pth
46,2,cascade,32.71046447753906,0.8805006742477417,weights/cascade_original_S2.pth
47,2,cascade,33.99863815307617,0.897578239440918,weights/cascade_original_S2.pth
48,2,cascade,34.00498580932617,0.8677108287811279,weights/cascade_original_S2.pth
49,2,cascade,32.12767028808594,0.8834101557731628,weights/cascade_original_S2.pth
50,2,cascade,34.289588928222656,0.9167467355728149,weights/cascade_original_S2.pth
51,2,cascade,34.119544982910156,0.8902479410171509,weights/cascade_original_S2.pth
52,2,cascade,33.32431411743164,0.9118152856826782,weights/cascade_original_S2.pth
53,2,cascade,32.906272888183594,0.8492364883422852,weights/cascade_original_S2.pth
54,2,cascade,34.17749786376953,0.9177628755569458,weights/cascade_original_S2.pth
55,2,cascade,33.87771987915039,0.8886594772338867,weights/cascade_original_S2.pth
56,2,cascade,32.67804718017578,0.8834227919578552,weights/cascade_original_S2.pth
57,2,cascade,33.380531311035156,0.8993724584579468,weights/cascade_original_S2.pth
58,2,cascade,34.11297607421875,0.9165948629379272,weights/cascade_original_S2.pth
59,2,cascade,32.214088439941406,0.8525997400283813,weights/cascade_original_S2.pth
60,2,cascade,33.760345458984375,0.8889375925064087,weights/cascade_original_S2.pth
61,2,cascade,33.82416915893555,0.9132300615310669,weights/cascade_original_S2.pth
62,2,cascade,35.352378845214844,0.9119107723236084,weights/cascade_original_S2.pth
63,2,cascade,31.342506408691406,0.881960928440094,weights/cascade_original_S2.pth
64,2,cascade,33.59283447265625,0.8964143991470337,weights/cascade_original_S2.pth
65,2,cascade,34.15516662597656,0.9123266935348511,weights/cascade_original_S2.pth
66,2,cascade,33.85749816894531,0.8663018941879272,weights/cascade_original_S2.pth
67,2,cascade,33.52968978881836,0.8776527047157288,weights/cascade_original_S2.pth
68,2,cascade,34.40761947631836,0.9187620282173157,weights/cascade_original_S2.pth
69,2,cascade,33.876930236816406,0.9164339303970337,weights/cascade_original_S2.pth
70,2,cascade,33.72256851196289,0.9133195281028748,weights/cascade_original_S2.pth
71,2,cascade,33.09401321411133,0.8959075212478638,weights/cascade_original_S2.pth
72,2,cascade,32.816307067871094,0.8815240859985352,weights/cascade_original_S2.pth
73,2,cascade,33.67449188232422,0.8556928634643555,weights/cascade_original_S2.pth
74,2,cascade,33.4382209777832,0.8932164907455444,weights/cascade_original_S2.pth
75,2,cascade,32.949825286865234,0.8815792798995972,weights/cascade_original_S2.pth
76,2,cascade,33.854148864746094,0.8651164174079895,weights/cascade_original_S2.pth
77,2,cascade,33.568824768066406,0.9019244909286499,weights/cascade_original_S2.pth
78,2,cascade,33.439613342285156,0.9041495323181152,weights/cascade_original_S2.pth
79,2,cascade,32.28470230102539,0.8630499839782715,weights/cascade_original_S2.pth
80,2,cascade,33.8594970703125,0.915717601776123,weights/cascade_original_S2.pth
81,2,cascade,34.198143005371094,0.9007648825645447,weights/cascade_original_S2.pth
82,2,cascade,34.27263641357422,0.9204373359680176,weights/cascade_original_S2.pth
83,2,cascade,32.18737030029297,0.8710060119628906,weights/cascade_original_S2.pth
84,2,cascade,34.620582580566406,0.919408917427063,weights/cascade_original_S2.pth
85,2,cascade,33.68303298950195,0.9045525789260864,weights/cascade_original_S2.pth
86,2,cascade,34.78323745727539,0.9214602708816528,weights/cascade_original_S2.pth
87,2,cascade,34.11072540283203,0.8849201202392578,weights/cascade_original_S2.pth
88,2,cascade,34.60011672973633,0.9125749468803406,weights/cascade_original_S2.pth
89,2,cascade,34.602073669433594,0.9199284911155701,weights/cascade_original_S2.pth
90,2,cascade,32.365142822265625,0.858718752861023,weights/cascade_original_S2.pth
91,2,cascade,34.33867263793945,0.894178032875061,weights/cascade_original_S2.pth
92,2,cascade,34.15958786010742,0.9005096554756165,weights/cascade_original_S2.pth
93,2,cascade,32.61170196533203,0.8795909881591797,weights/cascade_original_S2.pth
94,2,cascade,34.86759567260742,0.9229995012283325,weights/cascade_original_S2.pth
95,2,cascade,33.16756057739258,0.8628139495849609,weights/cascade_original_S2.pth
96,2,cascade,33.370567321777344,0.9001283645629883,weights/cascade_original_S2.pth
97,2,cascade,32.95387649536133,0.8520320057868958,weights/cascade_original_S2.pth
98,2,cascade,34.67610549926758,0.9203397035598755,weights/cascade_original_S2.pth
99,2,cascade,32.99544906616211,0.8948675394058228,weights/cascade_original_S2.pth
100,2,cascade,34.6757926940918,0.9326529502868652,weights/cascade_original_S2.pth
101,2,cascade,32.870758056640625,0.8868751525878906,weights/cascade_original_S2.pth
102,2,cascade,33.753196716308594,0.9073466062545776,weights/cascade_original_S2.pth
103,2,cascade,33.912132263183594,0.9201622605323792,weights/cascade_original_S2.pth
104,2,cascade,33.559085845947266,0.8986965417861938,weights/cascade_original_S2.pth
105,2,cascade,34.4630012512207,0.9211435914039612,weights/cascade_original_S2.pth
106,2,cascade,35.225364685058594,0.9087390303611755,weights/cascade_original_S2.pth
107,2,cascade,34.36146545410156,0.9206128716468811,weights/cascade_original_S2.pth
108,2,cascade,33.150299072265625,0.8907661437988281,weights/cascade_original_S2.pth
109,2,cascade,35.043949127197266,0.9195927381515503,weights/cascade_original_S2.pth
110,2,cascade,34.56669998168945,0.9169569611549377,weights/cascade_original_S2.pth
111,2,cascade,34.11262893676758,0.9121575355529785,weights/cascade_original_S2.pth
112,2,cascade,32.983612060546875,0.8852795362472534,weights/cascade_original_S2.pth
113,2,cascade,34.62410354614258,0.9315042495727539,weights/cascade_original_S2.pth
114,2,cascade,35.2055549621582,0.9187257885932922,weights/cascade_original_S2.pth
115,2,cascade,33.25014114379883,0.8565068244934082,weights/cascade_original_S2.pth
116,2,cascade,31.657943725585938,0.8190631866455078,weights/cascade_original_S2.pth
117,2,cascade,31.694604873657227,0.8513378500938416,weights/cascade_original_S2.pth
118,2,cascade,33.94664001464844,0.9106784462928772,weights/cascade_original_S2.pth
119,2,cascade,32.23838424682617,0.8293766379356384,weights/cascade_original_S2.pth
120,2,cascade,33.238521575927734,0.8930824995040894,weights/cascade_original_S2.pth
121,2,cascade,32.75864791870117,0.8778349161148071,weights/cascade_original_S2.pth
122,2,cascade,32.513267517089844,0.8785257339477539,weights/cascade_original_S2.pth
123,2,cascade,33.7767448425293,0.9080281257629395,weights/cascade_original_S2.pth
124,2,cascade,32.85612106323242,0.8904432058334351,weights/cascade_original_S2.pth
125,2,cascade,32.06121826171875,0.8204002380371094,weights/cascade_original_S2.pth
126,2,cascade,33.878700256347656,0.918464183807373,weights/cascade_original_S2.pth
127,2,cascade,33.7718391418457,0.915693461894989,weights/cascade_original_S2.pth
128,2,cascade,33.512916564941406,0.9034693837165833,weights/cascade_original_S2.pth
129,2,cascade,33.94008255004883,0.8915821313858032,weights/cascade_original_S2.pth
130,2,cascade,33.274112701416016,0.9123541116714478,weights/cascade_original_S2.pth
131,2,cascade,34.84470748901367,0.923117995262146,weights/cascade_original_S2.pth
132,2,cascade,34.52593994140625,0.9206833839416504,weights/cascade_original_S2.pth
133,2,cascade,33.728111267089844,0.9112327098846436,weights/cascade_original_S2.pth
134,2,cascade,33.67629623413086,0.8975526094436646,weights/cascade_original_S2.pth
135,2,cascade,32.61969757080078,0.8707602620124817,weights/cascade_original_S2.pth
136,2,cascade,33.39828872680664,0.8771075010299683,weights/cascade_original_S2.pth
137,2,cascade,33.25859451293945,0.8861199617385864,weights/cascade_original_S2.pth
138,2,cascade,33.4018440246582,0.8694695234298706,weights/cascade_original_S2.pth
139,2,cascade,34.56580352783203,0.9154410362243652,weights/cascade_original_S2.pth
140,2,cascade,34.260467529296875,0.918450117111206,weights/cascade_original_S2.pth
141,2,cascade,34.31740951538086,0.9184984564781189,weights/cascade_original_S2.pth
142,2,cascade,33.861488342285156,0.8739542961120605,weights/cascade_original_S2.pth
143,2,cascade,32.81581115722656,0.8858672976493835,weights/cascade_original_S2.pth
144,2,cascade,34.732139587402344,0.9138133525848389,weights/cascade_original_S2.pth
145,2,cascade,34.477439880371094,0.9172741174697876,weights/cascade_original_S2.pth
146,2,cascade,34.613365173339844,0.9171492457389832,weights/cascade_original_S2.pth
147,2,cascade,34.9254264831543,0.9165255427360535,weights/cascade_original_S2.pth
148,2,cascade,33.75887680053711,0.90752112865448,weights/cascade_original_S2.pth
149,2,cascade,33.977333068847656,0.9191483855247498,weights/cascade_original_S2.pth
150,2,cascade,33.51210021972656,0.8938954472541809,weights/cascade_original_S2.pth
151,2,cascade,33.0025520324707,0.8853492736816406,weights/cascade_original_S2.pth
152,2,cascade,32.81731414794922,0.8452174067497253,weights/cascade_original_S2.pth
153,2,cascade,34.19633483886719,0.9181790351867676,weights/cascade_original_S2.pth
154,2,cascade,32.793575286865234,0.8638087511062622,weights/cascade_original_S2.pth
155,2,cascade,33.12348175048828,0.8885486721992493,weights/cascade_original_S2.pth
156,2,cascade,32.674503326416016,0.8864486217498779,weights/cascade_original_S2.pth
157,2,cascade,33.67946243286133,0.90469890832901,weights/cascade_original_S2.pth
158,2,cascade,32.272125244140625,0.8701298236846924,weights/cascade_original_S2.pth
159,2,cascade,33.005252838134766,0.9005032181739807,weights/cascade_original_S2.pth
160,2,cascade,33.605384826660156,0.8966221809387207,weights/cascade_original_S2.pth
161,2,cascade,32.77967071533203,0.8750501871109009,weights/cascade_original_S2.pth
162,2,cascade,33.16946792602539,0.8957934379577637,weights/cascade_original_S2.pth
163,2,cascade,34.377620697021484,0.9201722741127014,weights/cascade_original_S2.pth
164,2,cascade,33.67048645019531,0.9047325849533081,weights/cascade_original_S2.pth
165,2,cascade,32.617469787597656,0.8792716264724731,weights/cascade_original_S2.pth
166,2,cascade,32.52595901489258,0.8839669227600098,weights/cascade_original_S2.pth
167,2,cascade,34.08527374267578,0.9144123196601868,weights/cascade_original_S2.pth
168,2,cascade,33.15487289428711,0.8572970628738403,weights/cascade_original_S2.pth
169,2,cascade,32.875492095947266,0.8937902450561523,weights/cascade_original_S2.pth
170,2,cascade,32.281982421875,0.8816041946411133,weights/cascade_original_S2.pth
171,2,cascade,34.579368591308594,0.9141131639480591,weights/cascade_original_S2.pth
172,2,cascade,33.08575439453125,0.8890056610107422,weights/cascade_original_S2.pth
173,2,cascade,33.21477508544922,0.84483802318573,weights/cascade_original_S2.pth
174,2,cascade,33.68802261352539,0.9135538339614868,weights/cascade_original_S2.pth
175,2,cascade,32.89537811279297,0.8504027128219604,weights/cascade_original_S2.pth
176,2,cascade,33.237571716308594,0.884489893913269,weights/cascade_original_S2.pth
177,2,cascade,32.94302749633789,0.8839776515960693,weights/cascade_original_S2.pth
178,2,cascade,33.672454833984375,0.9163038730621338,weights/cascade_original_S2.pth
179,2,cascade,32.817440032958984,0.8799570798873901,weights/cascade_original_S2.pth
180,2,cascade,34.11016082763672,0.9200906753540039,weights/cascade_original_S2.pth
181,2,cascade,32.44465255737305,0.8598932027816772,weights/cascade_original_S2.pth
182,2,cascade,33.23188018798828,0.8971203565597534,weights/cascade_original_S2.pth
183,2,cascade,33.570350646972656,0.8870483636856079,weights/cascade_original_S2.pth
184,2,cascade,34.0406494140625,0.8663374185562134,weights/cascade_original_S2.pth
185,2,cascade,32.736122131347656,0.8875615000724792,weights/cascade_original_S2.pth
186,2,cascade,32.775634765625,0.8885972499847412,weights/cascade_original_S2.pth
187,2,cascade,32.75626754760742,0.8836606740951538,weights/cascade_original_S2.pth
188,2,cascade,32.31407928466797,0.869515597820282,weights/cascade_original_S2.pth
189,2,cascade,32.78478240966797,0.8842273950576782,weights/cascade_original_S2.pth
190,2,cascade,33.86285400390625,0.892295241355896,weights/cascade_original_S2.pth
191,2,cascade,32.58817672729492,0.8576772212982178,weights/cascade_original_S2.pth
192,2,cascade,34.5914421081543,0.9205543994903564,weights/cascade_original_S2.pth
193,2,cascade,33.002384185791016,0.8560284972190857,weights/cascade_original_S2.pth
194,2,cascade,33.1649055480957,0.8683474063873291,weights/cascade_original_S2.pth
195,2,cascade,34.16520309448242,0.9157883524894714,weights/cascade_original_S2.pth
196,2,cascade,32.79426956176758,0.889658510684967,weights/cascade_original_S2.pth
197,2,cascade,32.49036407470703,0.8774147033691406,weights/cascade_original_S2.pth
198,2,cascade,33.745880126953125,0.915073573589325,weights/cascade_original_S2.pth
199,2,cascade,33.55562973022461,0.899976909160614,weights/cascade_original_S2.pth
0,2,ddf,38.4750862121582,0.9494926929473877,weights/DDF_c2_best.pth
1,2,ddf,38.35588836669922,0.9496666789054871,weights/DDF_c2_best.pth
2,2,ddf,40.879364013671875,0.9629029035568237,weights/DDF_c2_best.pth
3,2,ddf,40.76350402832031,0.9652522206306458,weights/DDF_c2_best.pth
4,2,ddf,40.82551956176758,0.9630538821220398,weights/DDF_c2_best.pth
5,2,ddf,40.491947174072266,0.9645023345947266,weights/DDF_c2_best.pth
6,2,ddf,39.04888153076172,0.94624924659729,weights/DDF_c2_best.pth
7,2,ddf,37.88475799560547,0.9502922296524048,weights/DDF_c2_best.pth
8,2,ddf,40.760780334472656,0.9675436019897461,weights/DDF_c2_best.pth
9,2,ddf,40.45366287231445,0.9643208980560303,weights/DDF_c2_best.pth
10,2,ddf,40.51065444946289,0.9640457630157471,weights/DDF_c2_best.pth
11,2,ddf,39.95045471191406,0.9606776237487793,weights/DDF_c2_best.pth
12,2,ddf,37.90479278564453,0.9321597814559937,weights/DDF_c2_best.pth
13,2,ddf,39.120323181152344,0.9534595012664795,weights/DDF_c2_best.pth
14,2,ddf,34.377655029296875,0.9068517684936523,weights/DDF_c2_best.pth
15,2,ddf,38.23492431640625,0.9498786330223083,weights/DDF_c2_best.pth
16,2,ddf,40.360565185546875,0.9642390012741089,weights/DDF_c2_best.pth
17,2,ddf,40.169227600097656,0.9551999568939209,weights/DDF_c2_best.pth
18,2,ddf,35.85993957519531,0.9309086799621582,weights/DDF_c2_best.pth
19,2,ddf,38.34651184082031,0.9532606601715088,weights/DDF_c2_best.pth
20,2,ddf,39.57709503173828,0.9606055617332458,weights/DDF_c2_best.pth
21,2,ddf,37.57979965209961,0.931255578994751,weights/DDF_c2_best.pth
22,2,ddf,40.73529815673828,0.9661977291107178,weights/DDF_c2_best.pth
23,2,ddf,35.42679977416992,0.9248849153518677,weights/DDF_c2_best.pth
24,2,ddf,39.03834533691406,0.9545894265174866,weights/DDF_c2_best.pth
25,2,ddf,38.736358642578125,0.9511755704879761,weights/DDF_c2_best.pth
26,2,ddf,38.93233108520508,0.9553442001342773,weights/DDF_c2_best.pth
27,2,ddf,38.41582489013672,0.9490303993225098,weights/DDF_c2_best.pth
28,2,ddf,37.589637756347656,0.9500001072883606,weights/DDF_c2_best.pth
29,2,ddf,39.53428649902344,0.9558230042457581,weights/DDF_c2_best.pth
30,2,ddf,40.816043853759766,0.9587997198104858,weights/DDF_c2_best.pth
31,2,ddf,38.768211364746094,0.9532400369644165,weights/DDF_c2_best.pth
32,2,ddf,39.62582015991211,0.9489151835441589,weights/DDF_c2_best.pth
33,2,ddf,39.19219207763672,0.9519790410995483,weights/DDF_c2_best.pth
34,2,ddf,39.808250427246094,0.9576255679130554,weights/DDF_c2_best.pth
35,2,ddf,38.472171783447266,0.9540828466415405,weights/DDF_c2_best.pth
36,2,ddf,41.475929260253906,0.9683107137680054,weights/DDF_c2_best.pth
37,2,ddf,41.07331085205078,0.9670552611351013,weights/DDF_c2_best.pth
38,2,ddf,38.923126220703125,0.9507911205291748,weights/DDF_c2_best.pth
39,2,ddf,36.02975082397461,0.9252321720123291,weights/DDF_c2_best.pth
40,2,ddf,38.509925842285156,0.9395710229873657,weights/DDF_c2_best.pth
41,2,ddf,36.19923782348633,0.9273827075958252,weights/DDF_c2_best.pth
42,2,ddf,40.19231414794922,0.9606859087944031,weights/DDF_c2_best.pth
43,2,ddf,40.76055145263672,0.9687011241912842,weights/DDF_c2_best.pth
44,2,ddf,40.54802322387695,0.9573605060577393,weights/DDF_c2_best.pth
45,2,ddf,40.03044891357422,0.9598004221916199,weights/DDF_c2_best.pth
46,2,ddf,39.196006774902344,0.9580508470535278,weights/DDF_c2_best.pth
47,2,ddf,40.230857849121094,0.9609230756759644,weights/DDF_c2_best.pth
48,2,ddf,40.05363845825195,0.9547213315963745,weights/DDF_c2_best.pth
49,2,ddf,36.00037384033203,0.9309120178222656,weights/DDF_c2_best.pth
50,2,ddf,40.773162841796875,0.9646794199943542,weights/DDF_c2_best.pth
51,2,ddf,40.17644500732422,0.9583303928375244,weights/DDF_c2_best.pth
52,2,ddf,36.80398178100586,0.943378210067749,weights/DDF_c2_best.pth
53,2,ddf,38.20914077758789,0.9406872987747192,weights/DDF_c2_best.pth
54,2,ddf,40.59044647216797,0.9646289348602295,weights/DDF_c2_best.pth
55,2,ddf,39.18523406982422,0.9535171389579773,weights/DDF_c2_best.pth
56,2,ddf,38.876953125,0.9540600180625916,weights/DDF_c2_best.pth
57,2,ddf,38.78070068359375,0.9533595442771912,weights/DDF_c2_best.pth
58,2,ddf,40.07875061035156,0.9655537605285645,weights/DDF_c2_best.pth
59,2,ddf,38.21628952026367,0.9476840496063232,weights/DDF_c2_best.pth
60,2,ddf,38.939979553222656,0.9448261857032776,weights/DDF_c2_best.pth
61,2,ddf,40.15581512451172,0.9615187644958496,weights/DDF_c2_best.pth
62,2,ddf,41.06672286987305,0.9637709856033325,weights/DDF_c2_best.pth
63,2,ddf,35.10633850097656,0.9277194738388062,weights/DDF_c2_best.pth
64,2,ddf,39.40707778930664,0.9548455476760864,weights/DDF_c2_best.pth
65,2,ddf,38.30208206176758,0.951890230178833,weights/DDF_c2_best.pth
66,2,ddf,40.24169158935547,0.9575760364532471,weights/DDF_c2_best.pth
67,2,ddf,39.34261703491211,0.9533515572547913,weights/DDF_c2_best.pth
68,2,ddf,41.08650207519531,0.9682055115699768,weights/DDF_c2_best.pth
69,2,ddf,40.95728302001953,0.9662880301475525,weights/DDF_c2_best.pth
70,2,ddf,39.89921188354492,0.9611159563064575,weights/DDF_c2_best.pth
71,2,ddf,35.88190460205078,0.929225742816925,weights/DDF_c2_best.pth
72,2,ddf,39.28881072998047,0.9587485194206238,weights/DDF_c2_best.pth
73,2,ddf,39.73377990722656,0.9495299458503723,weights/DDF_c2_best.pth
74,2,ddf,39.361385345458984,0.9497994184494019,weights/DDF_c2_best.pth
75,2,ddf,38.467872619628906,0.9473448991775513,weights/DDF_c2_best.pth
76,2,ddf,40.1085090637207,0.9565297365188599,weights/DDF_c2_best.pth
77,2,ddf,39.27080535888672,0.9558796882629395,weights/DDF_c2_best.pth
78,2,ddf,39.73822784423828,0.9593022465705872,weights/DDF_c2_best.pth
79,2,ddf,38.200538635253906,0.9510552883148193,weights/DDF_c2_best.pth
80,2,ddf,36.54305648803711,0.9467702507972717,weights/DDF_c2_best.pth
81,2,ddf,40.24663543701172,0.9610538482666016,weights/DDF_c2_best.pth
82,2,ddf,40.63369369506836,0.967278003692627,weights/DDF_c2_best.pth
83,2,ddf,39.45231628417969,0.9580444097518921,weights/DDF_c2_best.pth
84,2,ddf,40.310157775878906,0.9624701738357544,weights/DDF_c2_best.pth
85,2,ddf,39.797645568847656,0.9599529504776001,weights/DDF_c2_best.pth
86,2,ddf,40.371299743652344,0.9640511274337769,weights/DDF_c2_best.pth
87,2,ddf,40.26596450805664,0.9591304063796997,weights/DDF_c2_best.pth
88,2,ddf,41.34561538696289,0.9680709838867188,weights/DDF_c2_best.pth
89,2,ddf,41.14448928833008,0.9677834510803223,weights/DDF_c2_best.pth
90,2,ddf,37.844642639160156,0.9451379179954529,weights/DDF_c2_best.pth
91,2,ddf,39.9588623046875,0.9548660516738892,weights/DDF_c2_best.pth
92,2,ddf,40.20062255859375,0.9611278176307678,weights/DDF_c2_best.pth
93,2,ddf,38.40748596191406,0.9536502957344055,weights/DDF_c2_best.pth
94,2,ddf,41.52054214477539,0.970335066318512,weights/DDF_c2_best.pth
95,2,ddf,38.37196350097656,0.9441913962364197,weights/DDF_c2_best.pth
96,2,ddf,39.97926712036133,0.9605323076248169,weights/DDF_c2_best.pth
97,2,ddf,39.08217239379883,0.9458708167076111,weights/DDF_c2_best.pth
98,2,ddf,40.388641357421875,0.9621454477310181,weights/DDF_c2_best.pth
99,2,ddf,36.243446350097656,0.9314281344413757,weights/DDF_c2_best.pth
100,2,ddf,41.020999908447266,0.9705547094345093,weights/DDF_c2_best.pth
101,2,ddf,39.00638198852539,0.9562988877296448,weights/DDF_c2_best.pth
102,2,ddf,39.83666229248047,0.9582030773162842,weights/DDF_c2_best.pth
103,2,ddf,40.79047393798828,0.9691879749298096,weights/DDF_c2_best.pth
104,2,ddf,38.847965240478516,0.9543038606643677,weights/DDF_c2_best.pth
105,2,ddf,37.91672134399414,0.9500714540481567,weights/DDF_c2_best.pth
106,2,ddf,41.39251708984375,0.9654281139373779,weights/DDF_c2_best.pth
107,2,ddf,40.34280776977539,0.9653377532958984,weights/DDF_c2_best.pth
108,2,ddf,38.884666442871094,0.9515218138694763,weights/DDF_c2_best.pth
109,2,ddf,41.12212371826172,0.9671926498413086,weights/DDF_c2_best.pth
110,2,ddf,41.19310760498047,0.9704601764678955,weights/DDF_c2_best.pth
111,2,ddf,39.79640579223633,0.9601284265518188,weights/DDF_c2_best.pth
112,2,ddf,38.78379440307617,0.9533689022064209,weights/DDF_c2_best.pth
113,2,ddf,40.85997009277344,0.9691777229309082,weights/DDF_c2_best.pth
114,2,ddf,40.88745880126953,0.9639238715171814,weights/DDF_c2_best.pth
115,2,ddf,39.14920425415039,0.947102427482605,weights/DDF_c2_best.pth
116,2,ddf,38.33660888671875,0.9412862062454224,weights/DDF_c2_best.pth
117,2,ddf,35.34510803222656,0.9079667329788208,weights/DDF_c2_best.pth
118,2,ddf,37.282623291015625,0.9414889216423035,weights/DDF_c2_best.pth
119,2,ddf,34.92601013183594,0.8824537992477417,weights/DDF_c2_best.pth
120,2,ddf,39.02204895019531,0.9549568891525269,weights/DDF_c2_best.pth
121,2,ddf,38.864036560058594,0.9536917805671692,weights/DDF_c2_best.pth
122,2,ddf,38.4927864074707,0.9512377977371216,weights/DDF_c2_best.pth
123,2,ddf,40.038414001464844,0.9637249708175659,weights/DDF_c2_best.pth
124,2,ddf,40.04906463623047,0.9646639823913574,weights/DDF_c2_best.pth
125,2,ddf,37.837928771972656,0.9353086948394775,weights/DDF_c2_best.pth
126,2,ddf,40.865814208984375,0.9682591557502747,weights/DDF_c2_best.pth
127,2,ddf,40.263362884521484,0.965247392654419,weights/DDF_c2_best.pth
128,2,ddf,39.85261535644531,0.9587157964706421,weights/DDF_c2_best.pth
129,2,ddf,37.168243408203125,0.9339947700500488,weights/DDF_c2_best.pth
130,2,ddf,41.64533615112305,0.9738798141479492,weights/DDF_c2_best.pth
131,2,ddf,41.204742431640625,0.9673892259597778,weights/DDF_c2_best.pth
132,2,ddf,40.41339874267578,0.962056040763855,weights/DDF_c2_best.pth
133,2,ddf,39.15911102294922,0.9574633240699768,weights/DDF_c2_best.pth
134,2,ddf,36.95099639892578,0.9307471513748169,weights/DDF_c2_best.pth
135,2,ddf,38.88203430175781,0.9514340162277222,weights/DDF_c2_best.pth
136,2,ddf,39.13456344604492,0.9527190923690796,weights/DDF_c2_best.pth
137,2,ddf,39.272151947021484,0.956011950969696,weights/DDF_c2_best.pth
138,2,ddf,38.91797637939453,0.9483141303062439,weights/DDF_c2_best.pth
139,2,ddf,40.984832763671875,0.9656115770339966,weights/DDF_c2_best.pth
140,2,ddf,40.46498107910156,0.9667872190475464,weights/DDF_c2_best.pth
141,2,ddf,41.11351013183594,0.964483380317688,weights/DDF_c2_best.pth
142,2,ddf,39.90972137451172,0.95380699634552,weights/DDF_c2_best.pth
143,2,ddf,38.998294830322266,0.9530209302902222,weights/DDF_c2_best.pth
144,2,ddf,41.25213623046875,0.968035876750946,weights/DDF_c2_best.pth
145,2,ddf,40.93141555786133,0.9679069519042969,weights/DDF_c2_best.pth
146,2,ddf,40.017234802246094,0.9608874320983887,weights/DDF_c2_best.pth
147,2,ddf,40.57960510253906,0.9628753662109375,weights/DDF_c2_best.pth
148,2,ddf,39.8498420715332,0.9629656076431274,weights/DDF_c2_best.pth
149,2,ddf,40.47206497192383,0.965643048286438,weights/DDF_c2_best.pth
150,2,ddf,39.45233917236328,0.9570774435997009,weights/DDF_c2_best.pth
151,2,ddf,38.9830436706543,0.9574644565582275,weights/DDF_c2_best.pth
152,2,ddf,38.3386344909668,0.9410609006881714,weights/DDF_c2_best.pth
153,2,ddf,41.03654479980469,0.9697262048721313,weights/DDF_c2_best.pth
154,2,ddf,38.84431076049805,0.9493484497070312,weights/DDF_c2_best.pth
155,2,ddf,39.06597900390625,0.9569483399391174,weights/DDF_c2_best.pth
156,2,ddf,40.053985595703125,0.9629683494567871,weights/DDF_c2_best.pth
157,2,ddf,39.570892333984375,0.95845627784729,weights/DDF_c2_best.pth
158,2,ddf,39.14187240600586,0.952189028263092,weights/DDF_c2_best.pth
159,2,ddf,37.26403045654297,0.9430453777313232,weights/DDF_c2_best.pth
160,2,ddf,39.611019134521484,0.9574714303016663,weights/DDF_c2_best.pth
161,2,ddf,39.09477615356445,0.9539201259613037,weights/DDF_c2_best.pth
162,2,ddf,38.81243896484375,0.9525718688964844,weights/DDF_c2_best.pth
163,2,ddf,40.80767059326172,0.9677344560623169,weights/DDF_c2_best.pth
164,2,ddf,39.10173416137695,0.955895185470581,weights/DDF_c2_best.pth
165,2,ddf,38.638282775878906,0.952886700630188,weights/DDF_c2_best.pth
166,2,ddf,38.47048568725586,0.9532195925712585,weights/DDF_c2_best.pth
167,2,ddf,40.68705749511719,0.9630263447761536,weights/DDF_c2_best.pth
168,2,ddf,38.68313217163086,0.9408969879150391,weights/DDF_c2_best.pth
169,2,ddf,38.847801208496094,0.9570649862289429,weights/DDF_c2_best.pth
170,2,ddf,39.35942077636719,0.9605460166931152,weights/DDF_c2_best.pth
171,2,ddf,41.05742645263672,0.9672034978866577,weights/DDF_c2_best.pth
172,2,ddf,38.681922912597656,0.9514262080192566,weights/DDF_c2_best.pth
173,2,ddf,39.63433074951172,0.9495149850845337,weights/DDF_c2_best.pth
174,2,ddf,39.68898391723633,0.9629718065261841,weights/DDF_c2_best.pth
175,2,ddf,38.2895393371582,0.9409784078598022,weights/DDF_c2_best.pth
176,2,ddf,39.01189041137695,0.9529882073402405,weights/DDF_c2_best.pth
177,2,ddf,39.58476257324219,0.9599082469940186,weights/DDF_c2_best.pth
178,2,ddf,40.90803146362305,0.9684092998504639,weights/DDF_c2_best.pth
179,2,ddf,38.5782470703125,0.9487641453742981,weights/DDF_c2_best.pth
180,2,ddf,40.89305114746094,0.9684778451919556,weights/DDF_c2_best.pth
181,2,ddf,33.986907958984375,0.8822379112243652,weights/DDF_c2_best.pth
182,2,ddf,39.04347229003906,0.9540258646011353,weights/DDF_c2_best.pth
183,2,ddf,38.87342834472656,0.9519835710525513,weights/DDF_c2_best.pth
184,2,ddf,40.16521453857422,0.95538729429245,weights/DDF_c2_best.pth
185,2,ddf,39.03078079223633,0.957266092300415,weights/DDF_c2_best.pth
186,2,ddf,36.09344482421875,0.9311878681182861,weights/DDF_c2_best.pth
187,2,ddf,38.458290100097656,0.9518090486526489,weights/DDF_c2_best.pth
188,2,ddf,38.46770095825195,0.9521719217300415,weights/DDF_c2_best.pth
189,2,ddf,38.57331085205078,0.9519073963165283,weights/DDF_c2_best.pth
190,2,ddf,39.628448486328125,0.9552220702171326,weights/DDF_c2_best.pth
191,2,ddf,38.80277633666992,0.9526764154434204,weights/DDF_c2_best.pth
192,2,ddf,41.24873733520508,0.9698382019996643,weights/DDF_c2_best.pth
193,2,ddf,38.87699508666992,0.9454612135887146,weights/DDF_c2_best.pth
194,2,ddf,39.29243469238281,0.9478366374969482,weights/DDF_c2_best.pth
195,2,ddf,39.60557556152344,0.9587353467941284,weights/DDF_c2_best.pth
196,2,ddf,38.8267936706543,0.9536794424057007,weights/DDF_c2_best.pth
197,2,ddf,38.540767669677734,0.9547032713890076,weights/DDF_c2_best.pth
198,2,ddf,41.1369514465332,0.9689159989356995,weights/DDF_c2_best.pth
199,2,ddf,39.95272445678711,0.9615975022315979,weights/DDF_c2_best.pth
0,4,sparse_fbp,22.11756706237793,0.6840676069259644,
1,4,sparse_fbp,22.0970516204834,0.6841803789138794,
2,4,sparse_fbp,23.784164428710938,0.7430272102355957,
3,4,sparse_fbp,22.40540313720703,0.7360461950302124,
4,4,sparse_fbp,23.972158432006836,0.7459454536437988,
5,4,sparse_fbp,25.299253463745117,0.7513346672058105,
6,4,sparse_fbp,23.758638381958008,0.7087143063545227,
7,4,sparse_fbp,22.751733779907227,0.7160391807556152,
8,4,sparse_fbp,25.184057235717773,0.7528870701789856,
9,4,sparse_fbp,22.55617332458496,0.7236341834068298,
10,4,sparse_fbp,22.676273345947266,0.7189884185791016,
11,4,sparse_fbp,22.652530670166016,0.7009613513946533,
12,4,sparse_fbp,23.814617156982422,0.6979881525039673,
13,4,sparse_fbp,22.108556747436523,0.7011051774024963,
14,4,sparse_fbp,22.614810943603516,0.6946366429328918,
15,4,sparse_fbp,22.626670837402344,0.6761506199836731,
16,4,sparse_fbp,22.83637809753418,0.7308979034423828,
17,4,sparse_fbp,23.788787841796875,0.738311231136322,
18,4,sparse_fbp,22.21369743347168,0.6766778230667114,
19,4,sparse_fbp,22.585033416748047,0.6748872995376587,
20,4,sparse_fbp,22.282941818237305,0.6729400753974915,
21,4,sparse_fbp,26.51567268371582,0.7718355655670166,
22,4,sparse_fbp,25.12371253967285,0.7468465566635132,
23,4,sparse_fbp,22.541351318359375,0.6970160007476807,
24,4,sparse_fbp,22.127487182617188,0.6814979314804077,
25,4,sparse_fbp,22.79224395751953,0.6972670555114746,
26,4,sparse_fbp,21.975074768066406,0.6922962665557861,
27,4,sparse_fbp,22.797985076904297,0.6973834037780762,
28,4,sparse_fbp,24.779083251953125,0.7439008951187134,
29,4,sparse_fbp,22.640161514282227,0.7348505854606628,
30,4,sparse_fbp,24.29783821105957,0.749750018119812,
31,4,sparse_fbp,22.265335083007812,0.701479971408844,
32,4,sparse_fbp,23.77667236328125,0.7130630016326904,
33,4,sparse_fbp,22.831745147705078,0.6952064037322998,
34,4,sparse_fbp,23.129470825195312,0.707801103591919,
35,4,sparse_fbp,22.683902740478516,0.6808870434761047,
36,4,sparse_fbp,26.055450439453125,0.770663857460022,
37,4,sparse_fbp,24.778701782226562,0.73750901222229,
38,4,sparse_fbp,22.129365921020508,0.699560821056366,
39,4,sparse_fbp,23.06946563720703,0.6973252296447754,
40,4,sparse_fbp,23.803739547729492,0.7108232378959656,
41,4,sparse_fbp,23.201379776000977,0.7098848819732666,
42,4,sparse_fbp,23.979583740234375,0.7473903894424438,
43,4,sparse_fbp,24.967662811279297,0.74195396900177,
44,4,sparse_fbp,23.692306518554688,0.7360888719558716,
45,4,sparse_fbp,22.319040298461914,0.6941621899604797,
46,4,sparse_fbp,22.46152687072754,0.6909219026565552,
47,4,sparse_fbp,23.762706756591797,0.7397705316543579,
48,4,sparse_fbp,27.085105895996094,0.7831985950469971,
49,4,sparse_fbp,22.085514068603516,0.6910494565963745,
50,4,sparse_fbp,24.539525985717773,0.7428855895996094,
51,4,sparse_fbp,25.401714324951172,0.7601446509361267,
52,4,sparse_fbp,23.056495666503906,0.7108775973320007,
53,4,sparse_fbp,23.33305549621582,0.7296767234802246,
54,4,sparse_fbp,22.64539337158203,0.7180938124656677,
55,4,sparse_fbp,23.284826278686523,0.715972900390625,
56,4,sparse_fbp,22.236652374267578,0.683006763458252,
57,4,sparse_fbp,22.018299102783203,0.6948721408843994,
58,4,sparse_fbp,22.264751434326172,0.7013677358627319,
59,4,sparse_fbp,22.605249404907227,0.6735050082206726,
60,4,sparse_fbp,23.17513656616211,0.7039985656738281,
61,4,sparse_fbp,22.927452087402344,0.7088705897331238,
62,4,sparse_fbp,24.431522369384766,0.7614870071411133,
63,4,sparse_fbp,22.957990646362305,0.7053845524787903,
64,4,sparse_fbp,23.11330795288086,0.7088180184364319,
65,4,sparse_fbp,25.82736587524414,0.7672991752624512,
66,4,sparse_fbp,26.96291160583496,0.7759690284729004,
67,4,sparse_fbp,23.128864288330078,0.7162888646125793,
68,4,sparse_fbp,24.714191436767578,0.7485591173171997,
69,4,sparse_fbp,24.645748138427734,0.7355252504348755,
70,4,sparse_fbp,22.284421920776367,0.7044681310653687,
71,4,sparse_fbp,22.16958999633789,0.6975910663604736,
72,4,sparse_fbp,22.207944869995117,0.6730636954307556,
73,4,sparse_fbp,27.23891258239746,0.7803840637207031,
74,4,sparse_fbp,22.964981079101562,0.6963027715682983,
75,4,sparse_fbp,22.462656021118164,0.6956489086151123,
76,4,sparse_fbp,26.954734802246094,0.7743949294090271,
77,4,sparse_fbp,22.166404724121094,0.7038493752479553,
78,4,sparse_fbp,22.087127685546875,0.6926265954971313,
79,4,sparse_fbp,22.7207088470459,0.6829471588134766,
80,4,sparse_fbp,25.24277114868164,0.7514908313751221,
81,4,sparse_fbp,23.886795043945312,0.7421578168869019,
82,4,sparse_fbp,22.64076042175293,0.7230079174041748,
83,4,sparse_fbp,22.242630004882812,0.6783552169799805,
84,4,sparse_fbp,22.467918395996094,0.7170611619949341,
85,4,sparse_fbp,22.599180221557617,0.7273377776145935,
86,4,sparse_fbp,22.539966583251953,0.7207443118095398,
87,4,sparse_fbp,25.31090545654297,0.7514640092849731,
88,4,sparse_fbp,25.161731719970703,0.7590420842170715,
89,4,sparse_fbp,24.671106338500977,0.7455294728279114,
90,4,sparse_fbp,22.902223587036133,0.6896142959594727,
91,4,sparse_fbp,23.588035583496094,0.727632462978363,
92,4,sparse_fbp,23.838159561157227,0.7416890263557434,
93,4,sparse_fbp,22.577804565429688,0.681618869304657,
94,4,sparse_fbp,24.96628761291504,0.7505004405975342,
95,4,sparse_fbp,23.1279296875,0.691743016242981,
96,4,sparse_fbp,22.419309616088867,0.6993163824081421,
97,4,sparse_fbp,23.877151489257812,0.7072629928588867,
98,4,sparse_fbp,22.472393035888672,0.7162597179412842,
99,4,sparse_fbp,22.041748046875,0.6995658278465271,
100,4,sparse_fbp,22.404857635498047,0.7346576452255249,
101,4,sparse_fbp,22.529186248779297,0.7040669918060303,
102,4,sparse_fbp,22.23687171936035,0.7055026292800903,
103,4,sparse_fbp,25.053871154785156,0.7433366775512695,
104,4,sparse_fbp,22.175479888916016,0.6996870636940002,
105,4,sparse_fbp,24.872547149658203,0.751328706741333,
106,4,sparse_fbp,26.29792022705078,0.7742902040481567,
107,4,sparse_fbp,22.592327117919922,0.7228456735610962,
108,4,sparse_fbp,22.172136306762695,0.6823247075080872,
109,4,sparse_fbp,25.550121307373047,0.7614970803260803,
110,4,sparse_fbp,24.91415786743164,0.7441578507423401,
111,4,sparse_fbp,22.176708221435547,0.7072683572769165,
112,4,sparse_fbp,22.784889221191406,0.6909152269363403,
113,4,sparse_fbp,22.406517028808594,0.7351025938987732,
114,4,sparse_fbp,23.968074798583984,0.7462446689605713,
115,4,sparse_fbp,23.77271270751953,0.7071976065635681,
116,4,sparse_fbp,23.754600524902344,0.708722710609436,
117,4,sparse_fbp,25.168514251708984,0.747458279132843,
118,4,sparse_fbp,22.723560333251953,0.7304580211639404,
119,4,sparse_fbp,24.663755416870117,0.7287918329238892,
120,4,sparse_fbp,22.108657836914062,0.6786512136459351,
121,4,sparse_fbp,22.25777816772461,0.6722591519355774,
122,4,sparse_fbp,22.035066604614258,0.6850370168685913,
123,4,sparse_fbp,23.010902404785156,0.7231805920600891,
124,4,sparse_fbp,23.527238845825195,0.7297900915145874,
125,4,sparse_fbp,23.72977066040039,0.7058209180831909,
126,4,sparse_fbp,25.006893157958984,0.7440829277038574,
127,4,sparse_fbp,22.28850555419922,0.7081925868988037,
128,4,sparse_fbp,22.306781768798828,0.7024757862091064,
129,4,sparse_fbp,23.653223037719727,0.7312078475952148,
130,4,sparse_fbp,24.46526527404785,0.7368197441101074,
131,4,sparse_fbp,24.833179473876953,0.7513625621795654,
132,4,sparse_fbp,23.360050201416016,0.7248702049255371,
133,4,sparse_fbp,22.13333511352539,0.7068699598312378,
134,4,sparse_fbp,23.329689025878906,0.7141472697257996,
135,4,sparse_fbp,22.398359298706055,0.6656718254089355,
136,4,sparse_fbp,23.012788772583008,0.702277660369873,
137,4,sparse_fbp,22.43345069885254,0.6868177652359009,
138,4,sparse_fbp,23.17768096923828,0.7152925729751587,
139,4,sparse_fbp,24.762889862060547,0.7504053115844727,
140,4,sparse_fbp,22.384418487548828,0.7076182961463928,
141,4,sparse_fbp,24.564207077026367,0.744594156742096,
142,4,sparse_fbp,26.512359619140625,0.7712427377700806,
143,4,sparse_fbp,22.537050247192383,0.69178307056427,
144,4,sparse_fbp,25.243789672851562,0.761208176612854,
145,4,sparse_fbp,25.27617645263672,0.7518131136894226,
146,4,sparse_fbp,22.658205032348633,0.7186896204948425,
147,4,sparse_fbp,23.481491088867188,0.7326842546463013,
148,4,sparse_fbp,22.992107391357422,0.7245888710021973,
149,4,sparse_fbp,22.51087188720703,0.7160083651542664,
150,4,sparse_fbp,22.5283260345459,0.6878033876419067,
151,4,sparse_fbp,22.7367000579834,0.6921692490577698,
152,4,sparse_fbp,23.5410099029541,0.707431435585022,
153,4,sparse_fbp,25.129701614379883,0.7491183280944824,
154,4,sparse_fbp,23.056072235107422,0.6905272006988525,
155,4,sparse_fbp,22.55419158935547,0.7052844762802124,
156,4,sparse_fbp,22.918224334716797,0.708441436290741,
157,4,sparse_fbp,22.578758239746094,0.723016083240509,
158,4,sparse_fbp,22.252822875976562,0.6846936941146851,
159,4,sparse_fbp,22.47376251220703,0.7180442214012146,
160,4,sparse_fbp,23.04857635498047,0.7328934669494629,
161,4,sparse_fbp,22.444326400756836,0.6751528382301331,
162,4,sparse_fbp,22.28267478942871,0.7023497819900513,
163,4,sparse_fbp,22.7702693939209,0.7258212566375732,
164,4,sparse_fbp,22.42633819580078,0.7040205597877502,
165,4,sparse_fbp,22.238826751708984,0.6825764179229736,
166,4,sparse_fbp,22.398225784301758,0.6868485808372498,
167,4,sparse_fbp,24.568260192871094,0.74528968334198,
168,4,sparse_fbp,23.787097930908203,0.7094259262084961,
169,4,sparse_fbp,21.96753692626953,0.6786627769470215,
170,4,sparse_fbp,22.295459747314453,0.6946898698806763,
171,4,sparse_fbp,25.547945022583008,0.7601533532142639,
172,4,sparse_fbp,22.470407485961914,0.7050199508666992,
173,4,sparse_fbp,27.34317970275879,0.7824122309684753,
174,4,sparse_fbp,22.222354888916016,0.7023340463638306,
175,4,sparse_fbp,23.28199577331543,0.7293152809143066,
176,4,sparse_fbp,22.493824005126953,0.6834825277328491,
177,4,sparse_fbp,22.394311904907227,0.6754492521286011,
178,4,sparse_fbp,22.6514892578125,0.7225387096405029,
179,4,sparse_fbp,22.420547485351562,0.6917737722396851,
180,4,sparse_fbp,25.068655014038086,0.7491633892059326,
181,4,sparse_fbp,23.144418716430664,0.6916427612304688,
182,4,sparse_fbp,22.317970275878906,0.7077356576919556,
183,4,sparse_fbp,23.143081665039062,0.7133163213729858,
184,4,sparse_fbp,27.142744064331055,0.784268856048584,
185,4,sparse_fbp,22.508840560913086,0.7054574489593506,
186,4,sparse_fbp,22.158733367919922,0.6946099400520325,
187,4,sparse_fbp,22.438682556152344,0.6989551782608032,
188,4,sparse_fbp,22.547672271728516,0.6796071529388428,
189,4,sparse_fbp,22.48992156982422,0.6926267147064209,
190,4,sparse_fbp,23.14801788330078,0.7101801037788391,
191,4,sparse_fbp,22.68842315673828,0.6837648749351501,
192,4,sparse_fbp,24.861007690429688,0.7539962530136108,
193,4,sparse_fbp,23.296796798706055,0.7082904577255249,
194,4,sparse_fbp,23.345603942871094,0.7075648307800293,
195,4,sparse_fbp,22.812110900878906,0.7271819114685059,
196,4,sparse_fbp,22.327051162719727,0.7011312246322632,
197,4,sparse_fbp,22.588481903076172,0.6812108755111694,
198,4,sparse_fbp,25.148643493652344,0.7511596083641052,
199,4,sparse_fbp,22.69373321533203,0.6990914344787598,
0,4,redcnn,22.230140686035156,0.7009890675544739,/root/autodl-fs/PAPER2/redcnn_autodl/save/REDCNN_100000iter.ckpt
1,4,redcnn,22.204896926879883,0.6976073384284973,/root/autodl-fs/PAPER2/redcnn_autodl/save/REDCNN_100000iter.ckpt
2,4,redcnn,23.923324584960938,0.7571446895599365,/root/autodl-fs/PAPER2/redcnn_autodl/save/REDCNN_100000iter.ckpt
3,4,redcnn,22.533977508544922,0.7497471570968628,/root/autodl-fs/PAPER2/redcnn_autodl/save/REDCNN_100000iter.ckpt
4,4,redcnn,24.131738662719727,0.7598347067832947,/root/autodl-fs/PAPER2/redcnn_autodl/save/REDCNN_100000iter.ckpt
5,4,redcnn,25.325702667236328,0.7537887096405029,/root/autodl-fs/PAPER2/redcnn_autodl/save/REDCNN_100000iter.ckpt
6,4,redcnn,23.881624221801758,0.7244650721549988,/root/autodl-fs/PAPER2/redcnn_autodl/save/REDCNN_100000iter.ckpt
7,4,redcnn,22.89971351623535,0.7317820191383362,/root/autodl-fs/PAPER2/redcnn_autodl/save/REDCNN_100000iter.ckpt
8,4,redcnn,25.211647033691406,0.7560665607452393,/root/autodl-fs/PAPER2/redcnn_autodl/save/REDCNN_100000iter.ckpt
9,4,redcnn,22.76610565185547,0.738373339176178,/root/autodl-fs/PAPER2/redcnn_autodl/save/REDCNN_100000iter.ckpt
10,4,redcnn,22.83470344543457,0.7359744906425476,/root/autodl-fs/PAPER2/redcnn_autodl/save/REDCNN_100000iter.ckpt
11,4,redcnn,22.793899536132812,0.7111753821372986,/root/autodl-fs/PAPER2/redcnn_autodl/save/REDCNN_100000iter.ckpt
12,4,redcnn,23.929515838623047,0.7062538266181946,/root/autodl-fs/PAPER2/redcnn_autodl/save/REDCNN_100000iter.ckpt
13,4,redcnn,22.225313186645508,0.7164852619171143,/root/autodl-fs/PAPER2/redcnn_autodl/save/REDCNN_100000iter.ckpt
14,4,redcnn,22.820453643798828,0.7082860469818115,/root/autodl-fs/PAPER2/redcnn_autodl/save/REDCNN_100000iter.ckpt
15,4,redcnn,22.77301788330078,0.686420738697052,/root/autodl-fs/PAPER2/redcnn_autodl/save/REDCNN_100000iter.ckpt
16,4,redcnn,23.058910369873047,0.7447994947433472,/root/autodl-fs/PAPER2/redcnn_autodl/save/REDCNN_100000iter.ckpt
17,4,redcnn,23.9182071685791,0.7517285346984863,/root/autodl-fs/PAPER2/redcnn_autodl/save/REDCNN_100000iter.ckpt
18,4,redcnn,22.412328720092773,0.6934544444084167,/root/autodl-fs/PAPER2/redcnn_autodl/save/REDCNN_100000iter.ckpt
19,4,redcnn,22.735553741455078,0.6872967481613159,/root/autodl-fs/PAPER2/redcnn_autodl/save/REDCNN_100000iter.ckpt
20,4,redcnn,22.43886947631836,0.6853776574134827,/root/autodl-fs/PAPER2/redcnn_autodl/save/REDCNN_100000iter.ckpt
21,4,redcnn,26.62041473388672,0.7745556831359863,/root/autodl-fs/PAPER2/redcnn_autodl/save/REDCNN_100000iter.ckpt
22,4,redcnn,25.16216468811035,0.7503212690353394,/root/autodl-fs/PAPER2/redcnn_autodl/save/REDCNN_100000iter.ckpt
23,4,redcnn,22.76573944091797,0.7089792490005493,/root/autodl-fs/PAPER2/redcnn_autodl/save/REDCNN_100000iter.ckpt
24,4,redcnn,22.240314483642578,0.7003526091575623,/root/autodl-fs/PAPER2/redcnn_autodl/save/REDCNN_100000iter.ckpt
25,4,redcnn,22.99474334716797,0.7091308832168579,/root/autodl-fs/PAPER2/redcnn_autodl/save/REDCNN_100000iter.ckpt
26,4,redcnn,22.131986618041992,0.7098226547241211,/root/autodl-fs/PAPER2/redcnn_autodl/save/REDCNN_100000iter.ckpt
27,4,redcnn,23.006507873535156,0.7083555459976196,/root/autodl-fs/PAPER2/redcnn_autodl/save/REDCNN_100000iter.ckpt
28,4,redcnn,24.825162887573242,0.7484035491943359,/root/autodl-fs/PAPER2/redcnn_autodl/save/REDCNN_100000iter.ckpt
29,4,redcnn,22.717008590698242,0.7450878620147705,/root/autodl-fs/PAPER2/redcnn_autodl/save/REDCNN_100000iter.ckpt
30,4,redcnn,24.483842849731445,0.7624468803405762,/root/autodl-fs/PAPER2/redcnn_autodl/save/REDCNN_100000iter.ckpt
31,4,redcnn,22.413747787475586,0.7144854068756104,/root/autodl-fs/PAPER2/redcnn_autodl/save/REDCNN_100000iter.ckpt
32,4,redcnn,23.912769317626953,0.7286046743392944,/root/autodl-fs/PAPER2/redcnn_autodl/save/REDCNN_100000iter.ckpt
33,4,redcnn,23.039772033691406,0.7082780599594116,/root/autodl-fs/PAPER2/redcnn_autodl/save/REDCNN_100000iter.ckpt
34,4,redcnn,23.238239288330078,0.7217050194740295,/root/autodl-fs/PAPER2/redcnn_autodl/save/REDCNN_100000iter.ckpt
35,4,redcnn,22.83228874206543,0.6931126117706299,/root/autodl-fs/PAPER2/redcnn_autodl/save/REDCNN_100000iter.ckpt
36,4,redcnn,26.098365783691406,0.7733008861541748,/root/autodl-fs/PAPER2/redcnn_autodl/save/REDCNN_100000iter.ckpt
37,4,redcnn,24.791057586669922,0.7434297800064087,/root/autodl-fs/PAPER2/redcnn_autodl/save/REDCNN_100000iter.ckpt
38,4,redcnn,22.244617462158203,0.7146954536437988,/root/autodl-fs/PAPER2/redcnn_autodl/save/REDCNN_100000iter.ckpt
39,4,redcnn,23.1794376373291,0.7146553993225098,/root/autodl-fs/PAPER2/redcnn_autodl/save/REDCNN_100000iter.ckpt
40,4,redcnn,23.928253173828125,0.7265925407409668,/root/autodl-fs/PAPER2/redcnn_autodl/save/REDCNN_100000iter.ckpt
41,4,redcnn,23.295516967773438,0.7255599498748779,/root/autodl-fs/PAPER2/redcnn_autodl/save/REDCNN_100000iter.ckpt
42,4,redcnn,24.2189998626709,0.7579104900360107,/root/autodl-fs/PAPER2/redcnn_autodl/save/REDCNN_100000iter.ckpt
43,4,redcnn,25.008956909179688,0.7454476356506348,/root/autodl-fs/PAPER2/redcnn_autodl/save/REDCNN_100000iter.ckpt
44,4,redcnn,23.817764282226562,0.7505084872245789,/root/autodl-fs/PAPER2/redcnn_autodl/save/REDCNN_100000iter.ckpt
45,4,redcnn,22.448104858398438,0.7118462920188904,/root/autodl-fs/PAPER2/redcnn_autodl/save/REDCNN_100000iter.ckpt
46,4,redcnn,22.690153121948242,0.703518271446228,/root/autodl-fs/PAPER2/redcnn_autodl/save/REDCNN_100000iter.ckpt
47,4,redcnn,23.998823165893555,0.7499138712882996,/root/autodl-fs/PAPER2/redcnn_autodl/save/REDCNN_100000iter.ckpt
48,4,redcnn,27.236669540405273,0.7834650278091431,/root/autodl-fs/PAPER2/redcnn_autodl/save/REDCNN_100000iter.ckpt
49,4,redcnn,22.245548248291016,0.7048536539077759,/root/autodl-fs/PAPER2/redcnn_autodl/save/REDCNN_100000iter.ckpt
50,4,redcnn,24.553749084472656,0.7463313937187195,/root/autodl-fs/PAPER2/redcnn_autodl/save/REDCNN_100000iter.ckpt
51,4,redcnn,25.448856353759766,0.7610003352165222,/root/autodl-fs/PAPER2/redcnn_autodl/save/REDCNN_100000iter.ckpt
52,4,redcnn,23.171777725219727,0.7292598485946655,/root/autodl-fs/PAPER2/redcnn_autodl/save/REDCNN_100000iter.ckpt
53,4,redcnn,23.442386627197266,0.7410277128219604,/root/autodl-fs/PAPER2/redcnn_autodl/save/REDCNN_100000iter.ckpt
54,4,redcnn,22.79864501953125,0.7345157265663147,/root/autodl-fs/PAPER2/redcnn_autodl/save/REDCNN_100000iter.ckpt
55,4,redcnn,23.51220703125,0.7272458076477051,/root/autodl-fs/PAPER2/redcnn_autodl/save/REDCNN_100000iter.ckpt
56,4,redcnn,22.40637969970703,0.6950429677963257,/root/autodl-fs/PAPER2/redcnn_autodl/save/REDCNN_100000iter.ckpt
57,4,redcnn,22.17431640625,0.7126764059066772,/root/autodl-fs/PAPER2/redcnn_autodl/save/REDCNN_100000iter.ckpt
58,4,redcnn,22.365949630737305,0.7182437181472778,/root/autodl-fs/PAPER2/redcnn_autodl/save/REDCNN_100000iter.ckpt
59,4,redcnn,22.75761604309082,0.6852543354034424,/root/autodl-fs/PAPER2/redcnn_autodl/save/REDCNN_100000iter.ckpt
60,4,redcnn,23.289417266845703,0.720119059085846,/root/autodl-fs/PAPER2/redcnn_autodl/save/REDCNN_100000iter.ckpt
61,4,redcnn,23.038835525512695,0.7276075482368469,/root/autodl-fs/PAPER2/redcnn_autodl/save/REDCNN_100000iter.ckpt
62,4,redcnn,24.630321502685547,0.7732428312301636,/root/autodl-fs/PAPER2/redcnn_autodl/save/REDCNN_100000iter.ckpt
63,4,redcnn,23.180858612060547,0.7163251638412476,/root/autodl-fs/PAPER2/redcnn_autodl/save/REDCNN_100000iter.ckpt
64,4,redcnn,23.223770141601562,0.7228692770004272,/root/autodl-fs/PAPER2/redcnn_autodl/save/REDCNN_100000iter.ckpt
65,4,redcnn,25.864961624145508,0.7701714634895325,/root/autodl-fs/PAPER2/redcnn_autodl/save/REDCNN_100000iter.ckpt
66,4,redcnn,27.109050750732422,0.776822566986084,/root/autodl-fs/PAPER2/redcnn_autodl/save/REDCNN_100000iter.ckpt
67,4,redcnn,23.2205867767334,0.7260587215423584,/root/autodl-fs/PAPER2/redcnn_autodl/save/REDCNN_100000iter.ckpt
68,4,redcnn,24.739803314208984,0.7523370981216431,/root/autodl-fs/PAPER2/redcnn_autodl/save/REDCNN_100000iter.ckpt
69,4,redcnn,24.651615142822266,0.7412527203559875,/root/autodl-fs/PAPER2/redcnn_autodl/save/REDCNN_100000iter.ckpt
70,4,redcnn,22.420650482177734,0.7197755575180054,/root/autodl-fs/PAPER2/redcnn_autodl/save/REDCNN_100000iter.ckpt
71,4,redcnn,22.319324493408203,0.7135054469108582,/root/autodl-fs/PAPER2/redcnn_autodl/save/REDCNN_100000iter.ckpt
72,4,redcnn,22.389938354492188,0.6882930994033813,/root/autodl-fs/PAPER2/redcnn_autodl/save/REDCNN_100000iter.ckpt
73,4,redcnn,27.389511108398438,0.7808868288993835,/root/autodl-fs/PAPER2/redcnn_autodl/save/REDCNN_100000iter.ckpt
74,4,redcnn,23.061954498291016,0.7127387523651123,/root/autodl-fs/PAPER2/redcnn_autodl/save/REDCNN_100000iter.ckpt
75,4,redcnn,22.661497116088867,0.707729697227478,/root/autodl-fs/PAPER2/redcnn_autodl/save/REDCNN_100000iter.ckpt
76,4,redcnn,27.097623825073242,0.775031328201294,/root/autodl-fs/PAPER2/redcnn_autodl/save/REDCNN_100000iter.ckpt
77,4,redcnn,22.2957706451416,0.7187201976776123,/root/autodl-fs/PAPER2/redcnn_autodl/save/REDCNN_100000iter.ckpt
78,4,redcnn,22.21341896057129,0.7099915742874146,/root/autodl-fs/PAPER2/redcnn_autodl/save/REDCNN_100000iter.ckpt
79,4,redcnn,22.86881446838379,0.6949700713157654,/root/autodl-fs/PAPER2/redcnn_autodl/save/REDCNN_100000iter.ckpt
80,4,redcnn,25.28038787841797,0.7542986869812012,/root/autodl-fs/PAPER2/redcnn_autodl/save/REDCNN_100000iter.ckpt
81,4,redcnn,24.125732421875,0.7529160976409912,/root/autodl-fs/PAPER2/redcnn_autodl/save/REDCNN_100000iter.ckpt
82,4,redcnn,22.737995147705078,0.7384157776832581,/root/autodl-fs/PAPER2/redcnn_autodl/save/REDCNN_100000iter.ckpt
83,4,redcnn,22.445287704467773,0.6945605278015137,/root/autodl-fs/PAPER2/redcnn_autodl/save/REDCNN_100000iter.ckpt
84,4,redcnn,22.669857025146484,0.7333551645278931,/root/autodl-fs/PAPER2/redcnn_autodl/save/REDCNN_100000iter.ckpt
85,4,redcnn,22.69036865234375,0.7391191720962524,/root/autodl-fs/PAPER2/redcnn_autodl/save/REDCNN_100000iter.ckpt
86,4,redcnn,22.732465744018555,0.7374346256256104,/root/autodl-fs/PAPER2/redcnn_autodl/save/REDCNN_100000iter.ckpt
87,4,redcnn,25.354106903076172,0.7531235218048096,/root/autodl-fs/PAPER2/redcnn_autodl/save/REDCNN_100000iter.ckpt
88,4,redcnn,25.197246551513672,0.7599543333053589,/root/autodl-fs/PAPER2/redcnn_autodl/save/REDCNN_100000iter.ckpt
89,4,redcnn,24.699951171875,0.7503138780593872,/root/autodl-fs/PAPER2/redcnn_autodl/save/REDCNN_100000iter.ckpt
90,4,redcnn,23.05844497680664,0.6998518705368042,/root/autodl-fs/PAPER2/redcnn_autodl/save/REDCNN_100000iter.ckpt
91,4,redcnn,23.82516098022461,0.7387741804122925,/root/autodl-fs/PAPER2/redcnn_autodl/save/REDCNN_100000iter.ckpt
92,4,redcnn,24.081531524658203,0.7525520920753479,/root/autodl-fs/PAPER2/redcnn_autodl/save/REDCNN_100000iter.ckpt
93,4,redcnn,22.725400924682617,0.6961909532546997,/root/autodl-fs/PAPER2/redcnn_autodl/save/REDCNN_100000iter.ckpt
94,4,redcnn,25.019094467163086,0.7538560032844543,/root/autodl-fs/PAPER2/redcnn_autodl/save/REDCNN_100000iter.ckpt
95,4,redcnn,23.296356201171875,0.7017664909362793,/root/autodl-fs/PAPER2/redcnn_autodl/save/REDCNN_100000iter.ckpt
96,4,redcnn,22.526777267456055,0.7151405215263367,/root/autodl-fs/PAPER2/redcnn_autodl/save/REDCNN_100000iter.ckpt
97,4,redcnn,24.001575469970703,0.7227562665939331,/root/autodl-fs/PAPER2/redcnn_autodl/save/REDCNN_100000iter.ckpt
98,4,redcnn,22.67917251586914,0.7326153516769409,/root/autodl-fs/PAPER2/redcnn_autodl/save/REDCNN_100000iter.ckpt
99,4,redcnn,22.16394805908203,0.7163230776786804,/root/autodl-fs/PAPER2/redcnn_autodl/save/REDCNN_100000iter.ckpt
100,4,redcnn,22.527048110961914,0.7490890026092529,/root/autodl-fs/PAPER2/redcnn_autodl/save/REDCNN_100000iter.ckpt
101,4,redcnn,22.722957611083984,0.715546727180481,/root/autodl-fs/PAPER2/redcnn_autodl/save/REDCNN_100000iter.ckpt
102,4,redcnn,22.363285064697266,0.7194753885269165,/root/autodl-fs/PAPER2/redcnn_autodl/save/REDCNN_100000iter.ckpt
103,4,redcnn,25.09363555908203,0.7468868494033813,/root/autodl-fs/PAPER2/redcnn_autodl/save/REDCNN_100000iter.ckpt
104,4,redcnn,22.32644271850586,0.7156287431716919,/root/autodl-fs/PAPER2/redcnn_autodl/save/REDCNN_100000iter.ckpt
105,4,redcnn,24.89680290222168,0.756260335445404,/root/autodl-fs/PAPER2/redcnn_autodl/save/REDCNN_100000iter.ckpt
106,4,redcnn,26.357908248901367,0.7779715061187744,/root/autodl-fs/PAPER2/redcnn_autodl/save/REDCNN_100000iter.ckpt
107,4,redcnn,22.689313888549805,0.7377207279205322,/root/autodl-fs/PAPER2/redcnn_autodl/save/REDCNN_100000iter.ckpt
108,4,redcnn,22.27978515625,0.6987391710281372,/root/autodl-fs/PAPER2/redcnn_autodl/save/REDCNN_100000iter.ckpt
109,4,redcnn,25.582656860351562,0.7637391686439514,/root/autodl-fs/PAPER2/redcnn_autodl/save/REDCNN_100000iter.ckpt
110,4,redcnn,24.927310943603516,0.7493488788604736,/root/autodl-fs/PAPER2/redcnn_autodl/save/REDCNN_100000iter.ckpt
111,4,redcnn,22.305051803588867,0.7235012054443359,/root/autodl-fs/PAPER2/redcnn_autodl/save/REDCNN_100000iter.ckpt
112,4,redcnn,22.90665626525879,0.7040896415710449,/root/autodl-fs/PAPER2/redcnn_autodl/save/REDCNN_100000iter.ckpt
113,4,redcnn,22.526777267456055,0.7491326928138733,/root/autodl-fs/PAPER2/redcnn_autodl/save/REDCNN_100000iter.ckpt
114,4,redcnn,24.124530792236328,0.759966254234314,/root/autodl-fs/PAPER2/redcnn_autodl/save/REDCNN_100000iter.ckpt
115,4,redcnn,23.895435333251953,0.7225593328475952,/root/autodl-fs/PAPER2/redcnn_autodl/save/REDCNN_100000iter.ckpt
116,4,redcnn,23.84835433959961,0.717708945274353,/root/autodl-fs/PAPER2/redcnn_autodl/save/REDCNN_100000iter.ckpt
117,4,redcnn,25.216657638549805,0.7492004632949829,/root/autodl-fs/PAPER2/redcnn_autodl/save/REDCNN_100000iter.ckpt
118,4,redcnn,22.815561294555664,0.744439959526062,/root/autodl-fs/PAPER2/redcnn_autodl/save/REDCNN_100000iter.ckpt
119,4,redcnn,24.813825607299805,0.73919677734375,/root/autodl-fs/PAPER2/redcnn_autodl/save/REDCNN_100000iter.ckpt
120,4,redcnn,22.220792770385742,0.6953719854354858,/root/autodl-fs/PAPER2/redcnn_autodl/save/REDCNN_100000iter.ckpt
121,4,redcnn,22.456214904785156,0.6896871328353882,/root/autodl-fs/PAPER2/redcnn_autodl/save/REDCNN_100000iter.ckpt
122,4,redcnn,22.157087326049805,0.6984400749206543,/root/autodl-fs/PAPER2/redcnn_autodl/save/REDCNN_100000iter.ckpt
123,4,redcnn,23.110172271728516,0.7319397330284119,/root/autodl-fs/PAPER2/redcnn_autodl/save/REDCNN_100000iter.ckpt
124,4,redcnn,23.763153076171875,0.7363464832305908,/root/autodl-fs/PAPER2/redcnn_autodl/save/REDCNN_100000iter.ckpt
125,4,redcnn,23.826465606689453,0.7148424983024597,/root/autodl-fs/PAPER2/redcnn_autodl/save/REDCNN_100000iter.ckpt
126,4,redcnn,25.044519424438477,0.7476128339767456,/root/autodl-fs/PAPER2/redcnn_autodl/save/REDCNN_100000iter.ckpt
127,4,redcnn,22.42409896850586,0.7243756651878357,/root/autodl-fs/PAPER2/redcnn_autodl/save/REDCNN_100000iter.ckpt
128,4,redcnn,22.42283058166504,0.7179535627365112,/root/autodl-fs/PAPER2/redcnn_autodl/save/REDCNN_100000iter.ckpt
129,4,redcnn,23.88934326171875,0.7419672012329102,/root/autodl-fs/PAPER2/redcnn_autodl/save/REDCNN_100000iter.ckpt
130,4,redcnn,24.49066162109375,0.742286205291748,/root/autodl-fs/PAPER2/redcnn_autodl/save/REDCNN_100000iter.ckpt
131,4,redcnn,24.863079071044922,0.756034255027771,/root/autodl-fs/PAPER2/redcnn_autodl/save/REDCNN_100000iter.ckpt
132,4,redcnn,23.467876434326172,0.7421318292617798,/root/autodl-fs/PAPER2/redcnn_autodl/save/REDCNN_100000iter.ckpt
133,4,redcnn,22.309310913085938,0.724778413772583,/root/autodl-fs/PAPER2/redcnn_autodl/save/REDCNN_100000iter.ckpt
134,4,redcnn,23.44315528869629,0.7285399436950684,/root/autodl-fs/PAPER2/redcnn_autodl/save/REDCNN_100000iter.ckpt
135,4,redcnn,22.582393646240234,0.6804295182228088,/root/autodl-fs/PAPER2/redcnn_autodl/save/REDCNN_100000iter.ckpt
136,4,redcnn,23.22639274597168,0.713668704032898,/root/autodl-fs/PAPER2/redcnn_autodl/save/REDCNN_100000iter.ckpt
137,4,redcnn,22.64202880859375,0.7012706995010376,/root/autodl-fs/PAPER2/redcnn_autodl/save/REDCNN_100000iter.ckpt
138,4,redcnn,23.262554168701172,0.7255414724349976,/root/autodl-fs/PAPER2/redcnn_autodl/save/REDCNN_100000iter.ckpt
139,4,redcnn,24.79893684387207,0.7547190189361572,/root/autodl-fs/PAPER2/redcnn_autodl/save/REDCNN_100000iter.ckpt
140,4,redcnn,22.487659454345703,0.7239989042282104,/root/autodl-fs/PAPER2/redcnn_autodl/save/REDCNN_100000iter.ckpt
141,4,redcnn,24.587648391723633,0.7481606006622314,/root/autodl-fs/PAPER2/redcnn_autodl/save/REDCNN_100000iter.ckpt
142,4,redcnn,26.617759704589844,0.7736192345619202,/root/autodl-fs/PAPER2/redcnn_autodl/save/REDCNN_100000iter.ckpt
143,4,redcnn,22.677757263183594,0.701598048210144,/root/autodl-fs/PAPER2/redcnn_autodl/save/REDCNN_100000iter.ckpt
144,4,redcnn,25.281190872192383,0.7624207139015198,/root/autodl-fs/PAPER2/redcnn_autodl/save/REDCNN_100000iter.ckpt
145,4,redcnn,25.316373825073242,0.7551040649414062,/root/autodl-fs/PAPER2/redcnn_autodl/save/REDCNN_100000iter.ckpt
146,4,redcnn,22.84136962890625,0.7345990538597107,/root/autodl-fs/PAPER2/redcnn_autodl/save/REDCNN_100000iter.ckpt
147,4,redcnn,23.606361389160156,0.7476679086685181,/root/autodl-fs/PAPER2/redcnn_autodl/save/REDCNN_100000iter.ckpt
148,4,redcnn,23.09542465209961,0.7337081432342529,/root/autodl-fs/PAPER2/redcnn_autodl/save/REDCNN_100000iter.ckpt
149,4,redcnn,22.65098762512207,0.7311974763870239,/root/autodl-fs/PAPER2/redcnn_autodl/save/REDCNN_100000iter.ckpt
150,4,redcnn,22.73397445678711,0.700417160987854,/root/autodl-fs/PAPER2/redcnn_autodl/save/REDCNN_100000iter.ckpt
151,4,redcnn,22.855792999267578,0.7050734758377075,/root/autodl-fs/PAPER2/redcnn_autodl/save/REDCNN_100000iter.ckpt
152,4,redcnn,23.63933753967285,0.7178180813789368,/root/autodl-fs/PAPER2/redcnn_autodl/save/REDCNN_100000iter.ckpt
153,4,redcnn,25.178802490234375,0.7532433271408081,/root/autodl-fs/PAPER2/redcnn_autodl/save/REDCNN_100000iter.ckpt
154,4,redcnn,23.255483627319336,0.7012678384780884,/root/autodl-fs/PAPER2/redcnn_autodl/save/REDCNN_100000iter.ckpt
155,4,redcnn,22.748849868774414,0.7170114517211914,/root/autodl-fs/PAPER2/redcnn_autodl/save/REDCNN_100000iter.ckpt
156,4,redcnn,23.150699615478516,0.7205246686935425,/root/autodl-fs/PAPER2/redcnn_autodl/save/REDCNN_100000iter.ckpt
157,4,redcnn,22.672740936279297,0.7351043820381165,/root/autodl-fs/PAPER2/redcnn_autodl/save/REDCNN_100000iter.ckpt
158,4,redcnn,22.34693145751953,0.6976063251495361,/root/autodl-fs/PAPER2/redcnn_autodl/save/REDCNN_100000iter.ckpt
159,4,redcnn,22.65354347229004,0.7314627766609192,/root/autodl-fs/PAPER2/redcnn_autodl/save/REDCNN_100000iter.ckpt
160,4,redcnn,23.151094436645508,0.7409094572067261,/root/autodl-fs/PAPER2/redcnn_autodl/save/REDCNN_100000iter.ckpt
161,4,redcnn,22.63394546508789,0.689359188079834,/root/autodl-fs/PAPER2/redcnn_autodl/save/REDCNN_100000iter.ckpt
162,4,redcnn,22.37628746032715,0.7152438163757324,/root/autodl-fs/PAPER2/redcnn_autodl/save/REDCNN_100000iter.ckpt
163,4,redcnn,22.93366241455078,0.7425337433815002,/root/autodl-fs/PAPER2/redcnn_autodl/save/REDCNN_100000iter.ckpt
164,4,redcnn,22.543983459472656,0.7213038802146912,/root/autodl-fs/PAPER2/redcnn_autodl/save/REDCNN_100000iter.ckpt
165,4,redcnn,22.43777084350586,0.6952755451202393,/root/autodl-fs/PAPER2/redcnn_autodl/save/REDCNN_100000iter.ckpt
166,4,redcnn,22.567155838012695,0.6986874341964722,/root/autodl-fs/PAPER2/redcnn_autodl/save/REDCNN_100000iter.ckpt
167,4,redcnn,24.58184814453125,0.7486121654510498,/root/autodl-fs/PAPER2/redcnn_autodl/save/REDCNN_100000iter.ckpt
168,4,redcnn,23.92228889465332,0.7248389720916748,/root/autodl-fs/PAPER2/redcnn_autodl/save/REDCNN_100000iter.ckpt
169,4,redcnn,22.07712173461914,0.6951636075973511,/root/autodl-fs/PAPER2/redcnn_autodl/save/REDCNN_100000iter.ckpt
170,4,redcnn,22.495014190673828,0.7070105671882629,/root/autodl-fs/PAPER2/redcnn_autodl/save/REDCNN_100000iter.ckpt
171,4,redcnn,25.586423873901367,0.7635583877563477,/root/autodl-fs/PAPER2/redcnn_autodl/save/REDCNN_100000iter.ckpt
172,4,redcnn,22.559856414794922,0.7177984714508057,/root/autodl-fs/PAPER2/redcnn_autodl/save/REDCNN_100000iter.ckpt
173,4,redcnn,27.479293823242188,0.7817826271057129,/root/autodl-fs/PAPER2/redcnn_autodl/save/REDCNN_100000iter.ckpt
174,4,redcnn,22.327062606811523,0.7191372513771057,/root/autodl-fs/PAPER2/redcnn_autodl/save/REDCNN_100000iter.ckpt
175,4,redcnn,23.39181137084961,0.7405803203582764,/root/autodl-fs/PAPER2/redcnn_autodl/save/REDCNN_100000iter.ckpt
176,4,redcnn,22.70320701599121,0.6984127759933472,/root/autodl-fs/PAPER2/redcnn_autodl/save/REDCNN_100000iter.ckpt
177,4,redcnn,22.548133850097656,0.6872798204421997,/root/autodl-fs/PAPER2/redcnn_autodl/save/REDCNN_100000iter.ckpt
178,4,redcnn,22.748455047607422,0.7377277612686157,/root/autodl-fs/PAPER2/redcnn_autodl/save/REDCNN_100000iter.ckpt
179,4,redcnn,22.616905212402344,0.7030931711196899,/root/autodl-fs/PAPER2/redcnn_autodl/save/REDCNN_100000iter.ckpt
180,4,redcnn,25.10606575012207,0.7525842189788818,/root/autodl-fs/PAPER2/redcnn_autodl/save/REDCNN_100000iter.ckpt
181,4,redcnn,23.30816078186035,0.7003320455551147,/root/autodl-fs/PAPER2/redcnn_autodl/save/REDCNN_100000iter.ckpt
182,4,redcnn,22.41552734375,0.720134973526001,/root/autodl-fs/PAPER2/redcnn_autodl/save/REDCNN_100000iter.ckpt
183,4,redcnn,23.32204818725586,0.7229281663894653,/root/autodl-fs/PAPER2/redcnn_autodl/save/REDCNN_100000iter.ckpt
184,4,redcnn,27.29498291015625,0.7843724489212036,/root/autodl-fs/PAPER2/redcnn_autodl/save/REDCNN_100000iter.ckpt
185,4,redcnn,22.705228805541992,0.7175698280334473,/root/autodl-fs/PAPER2/redcnn_autodl/save/REDCNN_100000iter.ckpt
186,4,redcnn,22.320125579833984,0.7078345417976379,/root/autodl-fs/PAPER2/redcnn_autodl/save/REDCNN_100000iter.ckpt
187,4,redcnn,22.652023315429688,0.7104624509811401,/root/autodl-fs/PAPER2/redcnn_autodl/save/REDCNN_100000iter.ckpt
188,4,redcnn,22.703689575195312,0.6937540769577026,/root/autodl-fs/PAPER2/redcnn_autodl/save/REDCNN_100000iter.ckpt
189,4,redcnn,22.65094566345215,0.7052704095840454,/root/autodl-fs/PAPER2/redcnn_autodl/save/REDCNN_100000iter.ckpt
190,4,redcnn,23.326547622680664,0.7214456796646118,/root/autodl-fs/PAPER2/redcnn_autodl/save/REDCNN_100000iter.ckpt
191,4,redcnn,22.8962345123291,0.6954556703567505,/root/autodl-fs/PAPER2/redcnn_autodl/save/REDCNN_100000iter.ckpt
192,4,redcnn,24.87689971923828,0.7577707767486572,/root/autodl-fs/PAPER2/redcnn_autodl/save/REDCNN_100000iter.ckpt
193,4,redcnn,23.396203994750977,0.7185764312744141,/root/autodl-fs/PAPER2/redcnn_autodl/save/REDCNN_100000iter.ckpt
194,4,redcnn,23.456335067749023,0.7230996489524841,/root/autodl-fs/PAPER2/redcnn_autodl/save/REDCNN_100000iter.ckpt
195,4,redcnn,23.035593032836914,0.7411797642707825,/root/autodl-fs/PAPER2/redcnn_autodl/save/REDCNN_100000iter.ckpt
196,4,redcnn,22.415607452392578,0.7147477865219116,/root/autodl-fs/PAPER2/redcnn_autodl/save/REDCNN_100000iter.ckpt
197,4,redcnn,22.735233306884766,0.6955316066741943,/root/autodl-fs/PAPER2/redcnn_autodl/save/REDCNN_100000iter.ckpt
198,4,redcnn,25.176109313964844,0.7542859315872192,/root/autodl-fs/PAPER2/redcnn_autodl/save/REDCNN_100000iter.ckpt
199,4,redcnn,22.83329200744629,0.7105202674865723,/root/autodl-fs/PAPER2/redcnn_autodl/save/REDCNN_100000iter.ckpt
0,4,dudotrans,35.12047164202595,0.9098613467308068,/autodl-fs/data/PAPER2/FH/dudotrans_autodl/results_paper_S4/models/view_090/best_val_psnr.pth.tar
1,4,dudotrans,34.95946699565869,0.9033413567652998,/autodl-fs/data/PAPER2/FH/dudotrans_autodl/results_paper_S4/models/view_090/best_val_psnr.pth.tar
2,4,dudotrans,36.76618664432596,0.9392552304098131,/autodl-fs/data/PAPER2/FH/dudotrans_autodl/results_paper_S4/models/view_090/best_val_psnr.pth.tar
3,4,dudotrans,37.35708919223649,0.9415145515853932,/autodl-fs/data/PAPER2/FH/dudotrans_autodl/results_paper_S4/models/view_090/best_val_psnr.pth.tar
4,4,dudotrans,37.06799688367896,0.9409295975943558,/autodl-fs/data/PAPER2/FH/dudotrans_autodl/results_paper_S4/models/view_090/best_val_psnr.pth.tar
5,4,dudotrans,35.720036241636045,0.9260341959282228,/autodl-fs/data/PAPER2/FH/dudotrans_autodl/results_paper_S4/models/view_090/best_val_psnr.pth.tar
6,4,dudotrans,36.01216069297401,0.9068051813957727,/autodl-fs/data/PAPER2/FH/dudotrans_autodl/results_paper_S4/models/view_090/best_val_psnr.pth.tar
7,4,dudotrans,37.032522084107235,0.9414981556592872,/autodl-fs/data/PAPER2/FH/dudotrans_autodl/results_paper_S4/models/view_090/best_val_psnr.pth.tar
8,4,dudotrans,35.81399867552811,0.9317425641890501,/autodl-fs/data/PAPER2/FH/dudotrans_autodl/results_paper_S4/models/view_090/best_val_psnr.pth.tar
9,4,dudotrans,36.22464813498308,0.9320432029640598,/autodl-fs/data/PAPER2/FH/dudotrans_autodl/results_paper_S4/models/view_090/best_val_psnr.pth.tar
10,4,dudotrans,36.78217144649335,0.9412175664348474,/autodl-fs/data/PAPER2/FH/dudotrans_autodl/results_paper_S4/models/view_090/best_val_psnr.pth.tar
11,4,dudotrans,35.216408655648124,0.9147236338952384,/autodl-fs/data/PAPER2/FH/dudotrans_autodl/results_paper_S4/models/view_090/best_val_psnr.pth.tar
12,4,dudotrans,35.632025822107956,0.8915914638370831,/autodl-fs/data/PAPER2/FH/dudotrans_autodl/results_paper_S4/models/view_090/best_val_psnr.pth.tar
13,4,dudotrans,35.98958011222897,0.9228173542732698,/autodl-fs/data/PAPER2/FH/dudotrans_autodl/results_paper_S4/models/view_090/best_val_psnr.pth.tar
14,4,dudotrans,34.9007861296901,0.9074548587372702,/autodl-fs/data/PAPER2/FH/dudotrans_autodl/results_paper_S4/models/view_090/best_val_psnr.pth.tar
15,4,dudotrans,34.27378157958175,0.8885811827986074,/autodl-fs/data/PAPER2/FH/dudotrans_autodl/results_paper_S4/models/view_090/best_val_psnr.pth.tar
16,4,dudotrans,36.33274825042821,0.9325870237705755,/autodl-fs/data/PAPER2/FH/dudotrans_autodl/results_paper_S4/models/view_090/best_val_psnr.pth.tar
17,4,dudotrans,36.83929608624562,0.9374063086728055,/autodl-fs/data/PAPER2/FH/dudotrans_autodl/results_paper_S4/models/view_090/best_val_psnr.pth.tar
18,4,dudotrans,34.55916763123281,0.8981110320963659,/autodl-fs/data/PAPER2/FH/dudotrans_autodl/results_paper_S4/models/view_090/best_val_psnr.pth.tar
19,4,dudotrans,34.23301778467598,0.8903076129917544,/autodl-fs/data/PAPER2/FH/dudotrans_autodl/results_paper_S4/models/view_090/best_val_psnr.pth.tar
20,4,dudotrans,34.321601787784644,0.8965492395058846,/autodl-fs/data/PAPER2/FH/dudotrans_autodl/results_paper_S4/models/view_090/best_val_psnr.pth.tar
21,4,dudotrans,36.68388764720005,0.9224480905901029,/autodl-fs/data/PAPER2/FH/dudotrans_autodl/results_paper_S4/models/view_090/best_val_psnr.pth.tar
22,4,dudotrans,35.54804367391274,0.9280701091190621,/autodl-fs/data/PAPER2/FH/dudotrans_autodl/results_paper_S4/models/view_090/best_val_psnr.pth.tar
23,4,dudotrans,34.96070203941781,0.9070248085181931,/autodl-fs/data/PAPER2/FH/dudotrans_autodl/results_paper_S4/models/view_090/best_val_psnr.pth.tar
24,4,dudotrans,35.361647615835444,0.9129289422032544,/autodl-fs/data/PAPER2/FH/dudotrans_autodl/results_paper_S4/models/view_090/best_val_psnr.pth.tar
25,4,dudotrans,35.24575097060222,0.9099916657037044,/autodl-fs/data/PAPER2/FH/dudotrans_autodl/results_paper_S4/models/view_090/best_val_psnr.pth.tar
26,4,dudotrans,35.33786151456682,0.9150870900487814,/autodl-fs/data/PAPER2/FH/dudotrans_autodl/results_paper_S4/models/view_090/best_val_psnr.pth.tar
27,4,dudotrans,35.110021778831126,0.9030771044531216,/autodl-fs/data/PAPER2/FH/dudotrans_autodl/results_paper_S4/models/view_090/best_val_psnr.pth.tar
28,4,dudotrans,35.58637250704017,0.9285713703003105,/autodl-fs/data/PAPER2/FH/dudotrans_autodl/results_paper_S4/models/view_090/best_val_psnr.pth.tar
29,4,dudotrans,36.40672868190429,0.9266449757332271,/autodl-fs/data/PAPER2/FH/dudotrans_autodl/results_paper_S4/models/view_090/best_val_psnr.pth.tar
30,4,dudotrans,37.36182751786571,0.9409600621521081,/autodl-fs/data/PAPER2/FH/dudotrans_autodl/results_paper_S4/models/view_090/best_val_psnr.pth.tar
31,4,dudotrans,35.372651167329195,0.9089411724330293,/autodl-fs/data/PAPER2/FH/dudotrans_autodl/results_paper_S4/models/view_090/best_val_psnr.pth.tar
32,4,dudotrans,36.19779375251391,0.9109328962320611,/autodl-fs/data/PAPER2/FH/dudotrans_autodl/results_paper_S4/models/view_090/best_val_psnr.pth.tar
33,4,dudotrans,35.143896912261035,0.9090409557685886,/autodl-fs/data/PAPER2/FH/dudotrans_autodl/results_paper_S4/models/view_090/best_val_psnr.pth.tar
34,4,dudotrans,35.87631147759623,0.9220334408291394,/autodl-fs/data/PAPER2/FH/dudotrans_autodl/results_paper_S4/models/view_090/best_val_psnr.pth.tar
35,4,dudotrans,34.501659596372825,0.8930506881548613,/autodl-fs/data/PAPER2/FH/dudotrans_autodl/results_paper_S4/models/view_090/best_val_psnr.pth.tar
36,4,dudotrans,36.71487472040208,0.9337848585651823,/autodl-fs/data/PAPER2/FH/dudotrans_autodl/results_paper_S4/models/view_090/best_val_psnr.pth.tar
37,4,dudotrans,35.88135042205374,0.9313468057510579,/autodl-fs/data/PAPER2/FH/dudotrans_autodl/results_paper_S4/models/view_090/best_val_psnr.pth.tar
38,4,dudotrans,35.876096008797724,0.9206260086078358,/autodl-fs/data/PAPER2/FH/dudotrans_autodl/results_paper_S4/models/view_090/best_val_psnr.pth.tar
39,4,dudotrans,35.6741393709163,0.920391221667076,/autodl-fs/data/PAPER2/FH/dudotrans_autodl/results_paper_S4/models/view_090/best_val_psnr.pth.tar
40,4,dudotrans,36.16078600673558,0.9093581158279037,/autodl-fs/data/PAPER2/FH/dudotrans_autodl/results_paper_S4/models/view_090/best_val_psnr.pth.tar
41,4,dudotrans,35.67218254993824,0.9233186158243584,/autodl-fs/data/PAPER2/FH/dudotrans_autodl/results_paper_S4/models/view_090/best_val_psnr.pth.tar
42,4,dudotrans,36.33715798031953,0.9297318022992161,/autodl-fs/data/PAPER2/FH/dudotrans_autodl/results_paper_S4/models/view_090/best_val_psnr.pth.tar
43,4,dudotrans,35.16261395821134,0.9258650548950064,/autodl-fs/data/PAPER2/FH/dudotrans_autodl/results_paper_S4/models/view_090/best_val_psnr.pth.tar
44,4,dudotrans,36.57027161449827,0.9348541358816069,/autodl-fs/data/PAPER2/FH/dudotrans_autodl/results_paper_S4/models/view_090/best_val_psnr.pth.tar
45,4,dudotrans,35.91420546622277,0.9239600725375816,/autodl-fs/data/PAPER2/FH/dudotrans_autodl/results_paper_S4/models/view_090/best_val_psnr.pth.tar
46,4,dudotrans,35.02669157401251,0.9077153447155839,/autodl-fs/data/PAPER2/FH/dudotrans_autodl/results_paper_S4/models/view_090/best_val_psnr.pth.tar
47,4,dudotrans,36.16525126200989,0.9278596675143131,/autodl-fs/data/PAPER2/FH/dudotrans_autodl/results_paper_S4/models/view_090/best_val_psnr.pth.tar
48,4,dudotrans,36.728701265806365,0.9209368342149921,/autodl-fs/data/PAPER2/FH/dudotrans_autodl/results_paper_S4/models/view_090/best_val_psnr.pth.tar
49,4,dudotrans,35.10092158778624,0.9143325139525442,/autodl-fs/data/PAPER2/FH/dudotrans_autodl/results_paper_S4/models/view_090/best_val_psnr.pth.tar
50,4,dudotrans,35.491783613285776,0.9289013148478553,/autodl-fs/data/PAPER2/FH/dudotrans_autodl/results_paper_S4/models/view_090/best_val_psnr.pth.tar
51,4,dudotrans,36.29800790636108,0.923131217254163,/autodl-fs/data/PAPER2/FH/dudotrans_autodl/results_paper_S4/models/view_090/best_val_psnr.pth.tar
52,4,dudotrans,35.75438090723366,0.9321132228764438,/autodl-fs/data/PAPER2/FH/dudotrans_autodl/results_paper_S4/models/view_090/best_val_psnr.pth.tar
53,4,dudotrans,36.20005928776284,0.9086320819414057,/autodl-fs/data/PAPER2/FH/dudotrans_autodl/results_paper_S4/models/view_090/best_val_psnr.pth.tar
54,4,dudotrans,36.8428231321035,0.941037549281188,/autodl-fs/data/PAPER2/FH/dudotrans_autodl/results_paper_S4/models/view_090/best_val_psnr.pth.tar
55,4,dudotrans,35.83065139882693,0.9192765699950679,/autodl-fs/data/PAPER2/FH/dudotrans_autodl/results_paper_S4/models/view_090/best_val_psnr.pth.tar
56,4,dudotrans,34.77688291912231,0.9057796823174052,/autodl-fs/data/PAPER2/FH/dudotrans_autodl/results_paper_S4/models/view_090/best_val_psnr.pth.tar
57,4,dudotrans,35.3798499153513,0.9160817884785597,/autodl-fs/data/PAPER2/FH/dudotrans_autodl/results_paper_S4/models/view_090/best_val_psnr.pth.tar
58,4,dudotrans,36.05301295379553,0.9269859803842159,/autodl-fs/data/PAPER2/FH/dudotrans_autodl/results_paper_S4/models/view_090/best_val_psnr.pth.tar
59,4,dudotrans,34.347856872466735,0.889430209477456,/autodl-fs/data/PAPER2/FH/dudotrans_autodl/results_paper_S4/models/view_090/best_val_psnr.pth.tar
60,4,dudotrans,36.2197821480925,0.9222215337211688,/autodl-fs/data/PAPER2/FH/dudotrans_autodl/results_paper_S4/models/view_090/best_val_psnr.pth.tar
61,4,dudotrans,35.81326251112203,0.931907533788817,/autodl-fs/data/PAPER2/FH/dudotrans_autodl/results_paper_S4/models/view_090/best_val_psnr.pth.tar
62,4,dudotrans,37.2912411036162,0.9428167376717876,/autodl-fs/data/PAPER2/FH/dudotrans_autodl/results_paper_S4/models/view_090/best_val_psnr.pth.tar
63,4,dudotrans,34.368325031687654,0.9029879765721278,/autodl-fs/data/PAPER2/FH/dudotrans_autodl/results_paper_S4/models/view_090/best_val_psnr.pth.tar
64,4,dudotrans,35.93497563799676,0.9221265819997229,/autodl-fs/data/PAPER2/FH/dudotrans_autodl/results_paper_S4/models/view_090/best_val_psnr.pth.tar
65,4,dudotrans,36.74154350360454,0.9360471170279598,/autodl-fs/data/PAPER2/FH/dudotrans_autodl/results_paper_S4/models/view_090/best_val_psnr.pth.tar
66,4,dudotrans,36.503680347171425,0.9188898446165082,/autodl-fs/data/PAPER2/FH/dudotrans_autodl/results_paper_S4/models/view_090/best_val_psnr.pth.tar
67,4,dudotrans,35.93680850173761,0.9153945312668572,/autodl-fs/data/PAPER2/FH/dudotrans_autodl/results_paper_S4/models/view_090/best_val_psnr.pth.tar
68,4,dudotrans,35.68874710616103,0.929041960993094,/autodl-fs/data/PAPER2/FH/dudotrans_autodl/results_paper_S4/models/view_090/best_val_psnr.pth.tar
69,4,dudotrans,35.41574504314228,0.9284847898722782,/autodl-fs/data/PAPER2/FH/dudotrans_autodl/results_paper_S4/models/view_090/best_val_psnr.pth.tar
70,4,dudotrans,36.050539145558005,0.9294529660797941,/autodl-fs/data/PAPER2/FH/dudotrans_autodl/results_paper_S4/models/view_090/best_val_psnr.pth.tar
71,4,dudotrans,35.33956236236611,0.9136594246292233,/autodl-fs/data/PAPER2/FH/dudotrans_autodl/results_paper_S4/models/view_090/best_val_psnr.pth.tar
72,4,dudotrans,34.34544139005662,0.8976623058883119,/autodl-fs/data/PAPER2/FH/dudotrans_autodl/results_paper_S4/models/view_090/best_val_psnr.pth.tar
73,4,dudotrans,36.885238303101275,0.9196460324562447,/autodl-fs/data/PAPER2/FH/dudotrans_autodl/results_paper_S4/models/view_090/best_val_psnr.pth.tar
74,4,dudotrans,35.50575031984775,0.9209675438720323,/autodl-fs/data/PAPER2/FH/dudotrans_autodl/results_paper_S4/models/view_090/best_val_psnr.pth.tar
75,4,dudotrans,35.10905142718629,0.9062424620854679,/autodl-fs/data/PAPER2/FH/dudotrans_autodl/results_paper_S4/models/view_090/best_val_psnr.pth.tar
76,4,dudotrans,36.58442127230458,0.917387928240779,/autodl-fs/data/PAPER2/FH/dudotrans_autodl/results_paper_S4/models/view_090/best_val_psnr.pth.tar
77,4,dudotrans,35.95397894521302,0.9227013057492933,/autodl-fs/data/PAPER2/FH/dudotrans_autodl/results_paper_S4/models/view_090/best_val_psnr.pth.tar
78,4,dudotrans,35.85035259531525,0.9238350507586399,/autodl-fs/data/PAPER2/FH/dudotrans_autodl/results_paper_S4/models/view_090/best_val_psnr.pth.tar
79,4,dudotrans,34.6503005181297,0.893980984768428,/autodl-fs/data/PAPER2/FH/dudotrans_autodl/results_paper_S4/models/view_090/best_val_psnr.pth.tar
80,4,dudotrans,35.37123718076913,0.9265849379983055,/autodl-fs/data/PAPER2/FH/dudotrans_autodl/results_paper_S4/models/view_090/best_val_psnr.pth.tar
81,4,dudotrans,36.063158972824596,0.9272095598678897,/autodl-fs/data/PAPER2/FH/dudotrans_autodl/results_paper_S4/models/view_090/best_val_psnr.pth.tar
82,4,dudotrans,36.35428716495719,0.9326017140136548,/autodl-fs/data/PAPER2/FH/dudotrans_autodl/results_paper_S4/models/view_090/best_val_psnr.pth.tar
83,4,dudotrans,34.551780776750725,0.8976428270411159,/autodl-fs/data/PAPER2/FH/dudotrans_autodl/results_paper_S4/models/view_090/best_val_psnr.pth.tar
84,4,dudotrans,35.87813933201837,0.9275553437990903,/autodl-fs/data/PAPER2/FH/dudotrans_autodl/results_paper_S4/models/view_090/best_val_psnr.pth.tar
85,4,dudotrans,35.98428055266544,0.9251138804708877,/autodl-fs/data/PAPER2/FH/dudotrans_autodl/results_paper_S4/models/view_090/best_val_psnr.pth.tar
86,4,dudotrans,36.163947147991344,0.9313118045712814,/autodl-fs/data/PAPER2/FH/dudotrans_autodl/results_paper_S4/models/view_090/best_val_psnr.pth.tar
87,4,dudotrans,36.06522829394479,0.9196924481072005,/autodl-fs/data/PAPER2/FH/dudotrans_autodl/results_paper_S4/models/view_090/best_val_psnr.pth.tar
88,4,dudotrans,36.06545166249772,0.9301029194483262,/autodl-fs/data/PAPER2/FH/dudotrans_autodl/results_paper_S4/models/view_090/best_val_psnr.pth.tar
89,4,dudotrans,36.02163410689342,0.9316782407975245,/autodl-fs/data/PAPER2/FH/dudotrans_autodl/results_paper_S4/models/view_090/best_val_psnr.pth.tar
90,4,dudotrans,34.82872717328035,0.894037382837412,/autodl-fs/data/PAPER2/FH/dudotrans_autodl/results_paper_S4/models/view_090/best_val_psnr.pth.tar
91,4,dudotrans,35.97439298216259,0.9225366741708402,/autodl-fs/data/PAPER2/FH/dudotrans_autodl/results_paper_S4/models/view_090/best_val_psnr.pth.tar
92,4,dudotrans,36.157924752585814,0.9290213343663328,/autodl-fs/data/PAPER2/FH/dudotrans_autodl/results_paper_S4/models/view_090/best_val_psnr.pth.tar
93,4,dudotrans,34.64933729884133,0.9024124499883251,/autodl-fs/data/PAPER2/FH/dudotrans_autodl/results_paper_S4/models/view_090/best_val_psnr.pth.tar
94,4,dudotrans,35.661648950873534,0.9305228311193906,/autodl-fs/data/PAPER2/FH/dudotrans_autodl/results_paper_S4/models/view_090/best_val_psnr.pth.tar
95,4,dudotrans,35.28162715125728,0.8982437419767565,/autodl-fs/data/PAPER2/FH/dudotrans_autodl/results_paper_S4/models/view_090/best_val_psnr.pth.tar
96,4,dudotrans,35.74829901801839,0.9188711391016705,/autodl-fs/data/PAPER2/FH/dudotrans_autodl/results_paper_S4/models/view_090/best_val_psnr.pth.tar
97,4,dudotrans,35.973916693164,0.9059088124673573,/autodl-fs/data/PAPER2/FH/dudotrans_autodl/results_paper_S4/models/view_090/best_val_psnr.pth.tar
98,4,dudotrans,36.00934948827364,0.9295892401890011,/autodl-fs/data/PAPER2/FH/dudotrans_autodl/results_paper_S4/models/view_090/best_val_psnr.pth.tar
99,4,dudotrans,35.949516004777344,0.9226863628732934,/autodl-fs/data/PAPER2/FH/dudotrans_autodl/results_paper_S4/models/view_090/best_val_psnr.pth.tar
100,4,dudotrans,37.13715333566989,0.9429303888879647,/autodl-fs/data/PAPER2/FH/dudotrans_autodl/results_paper_S4/models/view_090/best_val_psnr.pth.tar
101,4,dudotrans,35.00549999861779,0.9073629434672505,/autodl-fs/data/PAPER2/FH/dudotrans_autodl/results_paper_S4/models/view_090/best_val_psnr.pth.tar
102,4,dudotrans,36.256233456272334,0.9257897784822666,/autodl-fs/data/PAPER2/FH/dudotrans_autodl/results_paper_S4/models/view_090/best_val_psnr.pth.tar
103,4,dudotrans,35.34546114628662,0.9270628368043037,/autodl-fs/data/PAPER2/FH/dudotrans_autodl/results_paper_S4/models/view_090/best_val_psnr.pth.tar
104,4,dudotrans,35.57238714654634,0.9157251951365524,/autodl-fs/data/PAPER2/FH/dudotrans_autodl/results_paper_S4/models/view_090/best_val_psnr.pth.tar
105,4,dudotrans,36.11774647339594,0.9350431053910796,/autodl-fs/data/PAPER2/FH/dudotrans_autodl/results_paper_S4/models/view_090/best_val_psnr.pth.tar
106,4,dudotrans,36.97340174566697,0.9351338004235038,/autodl-fs/data/PAPER2/FH/dudotrans_autodl/results_paper_S4/models/view_090/best_val_psnr.pth.tar
107,4,dudotrans,36.27256947629041,0.931869011372607,/autodl-fs/data/PAPER2/FH/dudotrans_autodl/results_paper_S4/models/view_090/best_val_psnr.pth.tar
108,4,dudotrans,35.27051778678303,0.9114910156697165,/autodl-fs/data/PAPER2/FH/dudotrans_autodl/results_paper_S4/models/view_090/best_val_psnr.pth.tar
109,4,dudotrans,36.285906063928486,0.9330759676263888,/autodl-fs/data/PAPER2/FH/dudotrans_autodl/results_paper_S4/models/view_090/best_val_psnr.pth.tar
110,4,dudotrans,36.04162549879096,0.9309111057295616,/autodl-fs/data/PAPER2/FH/dudotrans_autodl/results_paper_S4/models/view_090/best_val_psnr.pth.tar
111,4,dudotrans,36.32016765676468,0.9284538380413914,/autodl-fs/data/PAPER2/FH/dudotrans_autodl/results_paper_S4/models/view_090/best_val_psnr.pth.tar
112,4,dudotrans,35.098147179058884,0.9101145899177865,/autodl-fs/data/PAPER2/FH/dudotrans_autodl/results_paper_S4/models/view_090/best_val_psnr.pth.tar
113,4,dudotrans,37.17859727723534,0.9434365891386112,/autodl-fs/data/PAPER2/FH/dudotrans_autodl/results_paper_S4/models/view_090/best_val_psnr.pth.tar
114,4,dudotrans,37.030541212908894,0.9413851645355356,/autodl-fs/data/PAPER2/FH/dudotrans_autodl/results_paper_S4/models/view_090/best_val_psnr.pth.tar
115,4,dudotrans,36.113865399507084,0.9086193291304114,/autodl-fs/data/PAPER2/FH/dudotrans_autodl/results_paper_S4/models/view_090/best_val_psnr.pth.tar
116,4,dudotrans,35.695731060367265,0.8985780437033497,/autodl-fs/data/PAPER2/FH/dudotrans_autodl/results_paper_S4/models/view_090/best_val_psnr.pth.tar
117,4,dudotrans,35.886594446869786,0.9132821900497756,/autodl-fs/data/PAPER2/FH/dudotrans_autodl/results_paper_S4/models/view_090/best_val_psnr.pth.tar
118,4,dudotrans,36.64577109693723,0.9332383789512828,/autodl-fs/data/PAPER2/FH/dudotrans_autodl/results_paper_S4/models/view_090/best_val_psnr.pth.tar
119,4,dudotrans,36.02638682522355,0.9008757447813919,/autodl-fs/data/PAPER2/FH/dudotrans_autodl/results_paper_S4/models/view_090/best_val_psnr.pth.tar
120,4,dudotrans,35.21058461938479,0.9123669424024944,/autodl-fs/data/PAPER2/FH/dudotrans_autodl/results_paper_S4/models/view_090/best_val_psnr.pth.tar
121,4,dudotrans,34.3492762724623,0.8969146149897893,/autodl-fs/data/PAPER2/FH/dudotrans_autodl/results_paper_S4/models/view_090/best_val_psnr.pth.tar
122,4,dudotrans,34.80036493594368,0.9046501196058455,/autodl-fs/data/PAPER2/FH/dudotrans_autodl/results_paper_S4/models/view_090/best_val_psnr.pth.tar
123,4,dudotrans,35.60516823577877,0.9240800431649382,/autodl-fs/data/PAPER2/FH/dudotrans_autodl/results_paper_S4/models/view_090/best_val_psnr.pth.tar
124,4,dudotrans,33.933804764467254,0.8970471086198929,/autodl-fs/data/PAPER2/FH/dudotrans_autodl/results_paper_S4/models/view_090/best_val_psnr.pth.tar
125,4,dudotrans,35.60517869109098,0.8962020711919707,/autodl-fs/data/PAPER2/FH/dudotrans_autodl/results_paper_S4/models/view_090/best_val_psnr.pth.tar
126,4,dudotrans,35.19449318722825,0.9256791448704185,/autodl-fs/data/PAPER2/FH/dudotrans_autodl/results_paper_S4/models/view_090/best_val_psnr.pth.tar
127,4,dudotrans,36.13654487742152,0.9313992599628823,/autodl-fs/data/PAPER2/FH/dudotrans_autodl/results_paper_S4/models/view_090/best_val_psnr.pth.tar
128,4,dudotrans,35.8211284690448,0.9237058467509797,/autodl-fs/data/PAPER2/FH/dudotrans_autodl/results_paper_S4/models/view_090/best_val_psnr.pth.tar
129,4,dudotrans,36.31688193878128,0.9259491344860238,/autodl-fs/data/PAPER2/FH/dudotrans_autodl/results_paper_S4/models/view_090/best_val_psnr.pth.tar
130,4,dudotrans,35.185229654034515,0.9280830153465638,/autodl-fs/data/PAPER2/FH/dudotrans_autodl/results_paper_S4/models/view_090/best_val_psnr.pth.tar
131,4,dudotrans,36.06469990441345,0.9339388073169755,/autodl-fs/data/PAPER2/FH/dudotrans_autodl/results_paper_S4/models/view_090/best_val_psnr.pth.tar
132,4,dudotrans,36.271331940661334,0.9361743125726016,/autodl-fs/data/PAPER2/FH/dudotrans_autodl/results_paper_S4/models/view_090/best_val_psnr.pth.tar
133,4,dudotrans,35.52149480509548,0.9250601577549079,/autodl-fs/data/PAPER2/FH/dudotrans_autodl/results_paper_S4/models/view_090/best_val_psnr.pth.tar
134,4,dudotrans,36.19104075530075,0.9259782630834139,/autodl-fs/data/PAPER2/FH/dudotrans_autodl/results_paper_S4/models/view_090/best_val_psnr.pth.tar
135,4,dudotrans,34.04106525232394,0.8933715110648073,/autodl-fs/data/PAPER2/FH/dudotrans_autodl/results_paper_S4/models/view_090/best_val_psnr.pth.tar
136,4,dudotrans,35.505212906381885,0.9117083998510014,/autodl-fs/data/PAPER2/FH/dudotrans_autodl/results_paper_S4/models/view_090/best_val_psnr.pth.tar
137,4,dudotrans,34.80395345950293,0.9002097220267394,/autodl-fs/data/PAPER2/FH/dudotrans_autodl/results_paper_S4/models/view_090/best_val_psnr.pth.tar
138,4,dudotrans,36.074215250702565,0.914647413943435,/autodl-fs/data/PAPER2/FH/dudotrans_autodl/results_paper_S4/models/view_090/best_val_psnr.pth.tar
139,4,dudotrans,36.3170412422891,0.9336757980830352,/autodl-fs/data/PAPER2/FH/dudotrans_autodl/results_paper_S4/models/view_090/best_val_psnr.pth.tar
140,4,dudotrans,36.03737246391348,0.9275202506493581,/autodl-fs/data/PAPER2/FH/dudotrans_autodl/results_paper_S4/models/view_090/best_val_psnr.pth.tar
141,4,dudotrans,35.51424997503426,0.9290064189787242,/autodl-fs/data/PAPER2/FH/dudotrans_autodl/results_paper_S4/models/view_090/best_val_psnr.pth.tar
142,4,dudotrans,36.66630296122749,0.9215802267580272,/autodl-fs/data/PAPER2/FH/dudotrans_autodl/results_paper_S4/models/view_090/best_val_psnr.pth.tar
143,4,dudotrans,34.829149710718,0.9089603638020902,/autodl-fs/data/PAPER2/FH/dudotrans_autodl/results_paper_S4/models/view_090/best_val_psnr.pth.tar
144,4,dudotrans,36.30571574463548,0.9323347335418276,/autodl-fs/data/PAPER2/FH/dudotrans_autodl/results_paper_S4/models/view_090/best_val_psnr.pth.tar
145,4,dudotrans,35.74967560128978,0.9269858378442544,/autodl-fs/data/PAPER2/FH/dudotrans_autodl/results_paper_S4/models/view_090/best_val_psnr.pth.tar
146,4,dudotrans,36.016767281913936,0.9276691260849685,/autodl-fs/data/PAPER2/FH/dudotrans_autodl/results_paper_S4/models/view_090/best_val_psnr.pth.tar
147,4,dudotrans,36.5129092780366,0.934691030300566,/autodl-fs/data/PAPER2/FH/dudotrans_autodl/results_paper_S4/models/view_090/best_val_psnr.pth.tar
148,4,dudotrans,35.678086973290846,0.9244888693742799,/autodl-fs/data/PAPER2/FH/dudotrans_autodl/results_paper_S4/models/view_090/best_val_psnr.pth.tar
149,4,dudotrans,36.599122554120655,0.9371251656475362,/autodl-fs/data/PAPER2/FH/dudotrans_autodl/results_paper_S4/models/view_090/best_val_psnr.pth.tar
150,4,dudotrans,34.524002932138764,0.9024575104194956,/autodl-fs/data/PAPER2/FH/dudotrans_autodl/results_paper_S4/models/view_090/best_val_psnr.pth.tar
151,4,dudotrans,34.99507300238489,0.9078794403730966,/autodl-fs/data/PAPER2/FH/dudotrans_autodl/results_paper_S4/models/view_090/best_val_psnr.pth.tar
152,4,dudotrans,35.88759978081753,0.9050587122486384,/autodl-fs/data/PAPER2/FH/dudotrans_autodl/results_paper_S4/models/view_090/best_val_psnr.pth.tar
153,4,dudotrans,35.676833626652666,0.9292526170345441,/autodl-fs/data/PAPER2/FH/dudotrans_autodl/results_paper_S4/models/view_090/best_val_psnr.pth.tar
154,4,dudotrans,34.99375707375699,0.9023240485359912,/autodl-fs/data/PAPER2/FH/dudotrans_autodl/results_paper_S4/models/view_090/best_val_psnr.pth.tar
155,4,dudotrans,35.08326922065441,0.9073699421018395,/autodl-fs/data/PAPER2/FH/dudotrans_autodl/results_paper_S4/models/view_090/best_val_psnr.pth.tar
156,4,dudotrans,35.22647990320461,0.9140660403796685,/autodl-fs/data/PAPER2/FH/dudotrans_autodl/results_paper_S4/models/view_090/best_val_psnr.pth.tar
157,4,dudotrans,35.74605614616725,0.9219136136173824,/autodl-fs/data/PAPER2/FH/dudotrans_autodl/results_paper_S4/models/view_090/best_val_psnr.pth.tar
158,4,dudotrans,35.081466465316886,0.9042908339133008,/autodl-fs/data/PAPER2/FH/dudotrans_autodl/results_paper_S4/models/view_090/best_val_psnr.pth.tar
159,4,dudotrans,36.14813321245662,0.9286322169970233,/autodl-fs/data/PAPER2/FH/dudotrans_autodl/results_paper_S4/models/view_090/best_val_psnr.pth.tar
160,4,dudotrans,35.67337011113205,0.9224773073852124,/autodl-fs/data/PAPER2/FH/dudotrans_autodl/results_paper_S4/models/view_090/best_val_psnr.pth.tar
161,4,dudotrans,34.296307767695055,0.8961249917939066,/autodl-fs/data/PAPER2/FH/dudotrans_autodl/results_paper_S4/models/view_090/best_val_psnr.pth.tar
162,4,dudotrans,35.48840098148514,0.9160189489555232,/autodl-fs/data/PAPER2/FH/dudotrans_autodl/results_paper_S4/models/view_090/best_val_psnr.pth.tar
163,4,dudotrans,36.87533326593942,0.9418012644899332,/autodl-fs/data/PAPER2/FH/dudotrans_autodl/results_paper_S4/models/view_090/best_val_psnr.pth.tar
164,4,dudotrans,35.94875728375409,0.9215618309033111,/autodl-fs/data/PAPER2/FH/dudotrans_autodl/results_paper_S4/models/view_090/best_val_psnr.pth.tar
165,4,dudotrans,34.78176517304168,0.9027876860022389,/autodl-fs/data/PAPER2/FH/dudotrans_autodl/results_paper_S4/models/view_090/best_val_psnr.pth.tar
166,4,dudotrans,34.55491462823522,0.9050033929304996,/autodl-fs/data/PAPER2/FH/dudotrans_autodl/results_paper_S4/models/view_090/best_val_psnr.pth.tar
167,4,dudotrans,35.412017950859976,0.9280056386568549,/autodl-fs/data/PAPER2/FH/dudotrans_autodl/results_paper_S4/models/view_090/best_val_psnr.pth.tar
168,4,dudotrans,36.12459185453402,0.9086801399475936,/autodl-fs/data/PAPER2/FH/dudotrans_autodl/results_paper_S4/models/view_090/best_val_psnr.pth.tar
169,4,dudotrans,35.000550849212,0.911234333527742,/autodl-fs/data/PAPER2/FH/dudotrans_autodl/results_paper_S4/models/view_090/best_val_psnr.pth.tar
170,4,dudotrans,34.72339953487147,0.9073294538657339,/autodl-fs/data/PAPER2/FH/dudotrans_autodl/results_paper_S4/models/view_090/best_val_psnr.pth.tar
171,4,dudotrans,36.29152270826795,0.9313178037410308,/autodl-fs/data/PAPER2/FH/dudotrans_autodl/results_paper_S4/models/view_090/best_val_psnr.pth.tar
172,4,dudotrans,35.21673195195092,0.9130495679836996,/autodl-fs/data/PAPER2/FH/dudotrans_autodl/results_paper_S4/models/view_090/best_val_psnr.pth.tar
173,4,dudotrans,36.77628420318619,0.9156049230989218,/autodl-fs/data/PAPER2/FH/dudotrans_autodl/results_paper_S4/models/view_090/best_val_psnr.pth.tar
174,4,dudotrans,35.71108064875357,0.924652527248913,/autodl-fs/data/PAPER2/FH/dudotrans_autodl/results_paper_S4/models/view_090/best_val_psnr.pth.tar
175,4,dudotrans,36.19694986183086,0.9083226676374695,/autodl-fs/data/PAPER2/FH/dudotrans_autodl/results_paper_S4/models/view_090/best_val_psnr.pth.tar
176,4,dudotrans,34.69221893309446,0.8996744222738245,/autodl-fs/data/PAPER2/FH/dudotrans_autodl/results_paper_S4/models/view_090/best_val_psnr.pth.tar
177,4,dudotrans,34.38342923869582,0.897826247783449,/autodl-fs/data/PAPER2/FH/dudotrans_autodl/results_paper_S4/models/view_090/best_val_psnr.pth.tar
178,4,dudotrans,36.27891515892901,0.9315733726945139,/autodl-fs/data/PAPER2/FH/dudotrans_autodl/results_paper_S4/models/view_090/best_val_psnr.pth.tar
179,4,dudotrans,35.03257953524651,0.9044100965719916,/autodl-fs/data/PAPER2/FH/dudotrans_autodl/results_paper_S4/models/view_090/best_val_psnr.pth.tar
180,4,dudotrans,35.56282986781408,0.9280588394366864,/autodl-fs/data/PAPER2/FH/dudotrans_autodl/results_paper_S4/models/view_090/best_val_psnr.pth.tar
181,4,dudotrans,35.13316191497933,0.8979360176673508,/autodl-fs/data/PAPER2/FH/dudotrans_autodl/results_paper_S4/models/view_090/best_val_psnr.pth.tar
182,4,dudotrans,35.46851473164971,0.9168544670548467,/autodl-fs/data/PAPER2/FH/dudotrans_autodl/results_paper_S4/models/view_090/best_val_psnr.pth.tar
183,4,dudotrans,35.22271992933795,0.9093324527928519,/autodl-fs/data/PAPER2/FH/dudotrans_autodl/results_paper_S4/models/view_090/best_val_psnr.pth.tar
184,4,dudotrans,36.649730070723386,0.9206329690764429,/autodl-fs/data/PAPER2/FH/dudotrans_autodl/results_paper_S4/models/view_090/best_val_psnr.pth.tar
185,4,dudotrans,35.08333613585826,0.909097274637517,/autodl-fs/data/PAPER2/FH/dudotrans_autodl/results_paper_S4/models/view_090/best_val_psnr.pth.tar
186,4,dudotrans,35.21448489940127,0.9153744384267386,/autodl-fs/data/PAPER2/FH/dudotrans_autodl/results_paper_S4/models/view_090/best_val_psnr.pth.tar
187,4,dudotrans,34.98817686511415,0.9077365041138151,/autodl-fs/data/PAPER2/FH/dudotrans_autodl/results_paper_S4/models/view_090/best_val_psnr.pth.tar
188,4,dudotrans,34.39212629778638,0.8975181074839129,/autodl-fs/data/PAPER2/FH/dudotrans_autodl/results_paper_S4/models/view_090/best_val_psnr.pth.tar
189,4,dudotrans,34.89102623231267,0.9078212333623629,/autodl-fs/data/PAPER2/FH/dudotrans_autodl/results_paper_S4/models/view_090/best_val_psnr.pth.tar
190,4,dudotrans,35.34397801491729,0.9155381365060521,/autodl-fs/data/PAPER2/FH/dudotrans_autodl/results_paper_S4/models/view_090/best_val_psnr.pth.tar
191,4,dudotrans,34.81631766448465,0.8962276903797564,/autodl-fs/data/PAPER2/FH/dudotrans_autodl/results_paper_S4/models/view_090/best_val_psnr.pth.tar
192,4,dudotrans,35.832690474960934,0.9310709622974591,/autodl-fs/data/PAPER2/FH/dudotrans_autodl/results_paper_S4/models/view_090/best_val_psnr.pth.tar
193,4,dudotrans,36.00941933327077,0.9096367981782915,/autodl-fs/data/PAPER2/FH/dudotrans_autodl/results_paper_S4/models/view_090/best_val_psnr.pth.tar
194,4,dudotrans,36.01340997864441,0.9116447378032185,/autodl-fs/data/PAPER2/FH/dudotrans_autodl/results_paper_S4/models/view_090/best_val_psnr.pth.tar
195,4,dudotrans,36.098873983749,0.9310881962186314,/autodl-fs/data/PAPER2/FH/dudotrans_autodl/results_paper_S4/models/view_090/best_val_psnr.pth.tar
196,4,dudotrans,35.25859550831649,0.9134462541168707,/autodl-fs/data/PAPER2/FH/dudotrans_autodl/results_paper_S4/models/view_090/best_val_psnr.pth.tar
197,4,dudotrans,34.43097760941957,0.8997176423085663,/autodl-fs/data/PAPER2/FH/dudotrans_autodl/results_paper_S4/models/view_090/best_val_psnr.pth.tar
198,4,dudotrans,35.64298369903674,0.9294469307478896,/autodl-fs/data/PAPER2/FH/dudotrans_autodl/results_paper_S4/models/view_090/best_val_psnr.pth.tar
199,4,dudotrans,35.20476333133424,0.9163828068452384,/autodl-fs/data/PAPER2/FH/dudotrans_autodl/results_paper_S4/models/view_090/best_val_psnr.pth.tar
0,4,cascade,32.50156021118164,0.8757181167602539,weights/cascade_original_S4.pth
1,4,cascade,32.03168487548828,0.8619732856750488,weights/cascade_original_S4.pth
2,4,cascade,35.12759780883789,0.9141514301300049,weights/cascade_original_S4.pth
3,4,cascade,34.30547332763672,0.9136901497840881,weights/cascade_original_S4.pth
4,4,cascade,35.14071273803711,0.9150076508522034,weights/cascade_original_S4.pth
5,4,cascade,33.52198028564453,0.9018436074256897,weights/cascade_original_S4.pth
6,4,cascade,33.39907455444336,0.8536161184310913,weights/cascade_original_S4.pth
7,4,cascade,32.69746398925781,0.8976224660873413,weights/cascade_original_S4.pth
8,4,cascade,32.94794464111328,0.9028465151786804,weights/cascade_original_S4.pth
9,4,cascade,34.29307556152344,0.9112354516983032,weights/cascade_original_S4.pth
10,4,cascade,34.246604919433594,0.9113907814025879,weights/cascade_original_S4.pth
11,4,cascade,32.053688049316406,0.8734220862388611,weights/cascade_original_S4.pth
12,4,cascade,32.346519470214844,0.808897078037262,weights/cascade_original_S4.pth
13,4,cascade,33.08639144897461,0.8876521587371826,weights/cascade_original_S4.pth
14,4,cascade,30.668516159057617,0.8456316590309143,weights/cascade_original_S4.pth
15,4,cascade,31.837867736816406,0.8430390357971191,weights/cascade_original_S4.pth
16,4,cascade,34.301597595214844,0.9119400978088379,weights/cascade_original_S4.pth
17,4,cascade,34.729862213134766,0.9052552580833435,weights/cascade_original_S4.pth
18,4,cascade,30.828144073486328,0.8526484966278076,weights/cascade_original_S4.pth
19,4,cascade,31.864870071411133,0.8487322926521301,weights/cascade_original_S4.pth
20,4,cascade,32.65797805786133,0.8717137575149536,weights/cascade_original_S4.pth
21,4,cascade,33.65616226196289,0.8738575577735901,weights/cascade_original_S4.pth
22,4,cascade,33.569664001464844,0.909892201423645,weights/cascade_original_S4.pth
23,4,cascade,31.90823745727539,0.8659915924072266,weights/cascade_original_S4.pth
24,4,cascade,32.36195755004883,0.8732702136039734,weights/cascade_original_S4.pth
25,4,cascade,32.67659378051758,0.8617462515830994,weights/cascade_original_S4.pth
26,4,cascade,32.831024169921875,0.8848504424095154,weights/cascade_original_S4.pth
27,4,cascade,32.604671478271484,0.8571834564208984,weights/cascade_original_S4.pth
28,4,cascade,32.6826057434082,0.8948886394500732,weights/cascade_original_S4.pth
29,4,cascade,31.11221694946289,0.8761411905288696,weights/cascade_original_S4.pth
30,4,cascade,35.53810501098633,0.908565878868103,weights/cascade_original_S4.pth
31,4,cascade,32.89095687866211,0.875449538230896,weights/cascade_original_S4.pth
32,4,cascade,33.02965545654297,0.8549900054931641,weights/cascade_original_S4.pth
33,4,cascade,32.69662857055664,0.8623176217079163,weights/cascade_original_S4.pth
34,4,cascade,32.4671630859375,0.8810104727745056,weights/cascade_original_S4.pth
35,4,cascade,31.828336715698242,0.8503216505050659,weights/cascade_original_S4.pth
36,4,cascade,31.905868530273438,0.8837700486183167,weights/cascade_original_S4.pth
37,4,cascade,34.12337875366211,0.9083251357078552,weights/cascade_original_S4.pth
38,4,cascade,32.831233978271484,0.8835790157318115,weights/cascade_original_S4.pth
39,4,cascade,31.78327178955078,0.871751070022583,weights/cascade_original_S4.pth
40,4,cascade,33.23012161254883,0.8530631065368652,weights/cascade_original_S4.pth
41,4,cascade,32.12529754638672,0.8803223371505737,weights/cascade_original_S4.pth
42,4,cascade,34.50435256958008,0.8981730937957764,weights/cascade_original_S4.pth
43,4,cascade,33.11113357543945,0.9071418046951294,weights/cascade_original_S4.pth
44,4,cascade,34.76050567626953,0.9064013361930847,weights/cascade_original_S4.pth
45,4,cascade,33.382652282714844,0.8918231725692749,weights/cascade_original_S4.pth
46,4,cascade,32.46054458618164,0.8697585463523865,weights/cascade_original_S4.pth
47,4,cascade,33.932350158691406,0.8907274007797241,weights/cascade_original_S4.pth
48,4,cascade,34.03965377807617,0.8714069128036499,weights/cascade_original_S4.pth
49,4,cascade,30.801389694213867,0.8635064363479614,weights/cascade_original_S4.pth
50,4,cascade,33.69966506958008,0.9024559855461121,weights/cascade_original_S4.pth
51,4,cascade,34.0055046081543,0.8845663070678711,weights/cascade_original_S4.pth
52,4,cascade,31.670127868652344,0.8924503326416016,weights/cascade_original_S4.pth
53,4,cascade,32.94845962524414,0.849458634853363,weights/cascade_original_S4.pth
54,4,cascade,34.32957077026367,0.9126912355422974,weights/cascade_original_S4.pth
55,4,cascade,33.492576599121094,0.8789392709732056,weights/cascade_original_S4.pth
56,4,cascade,32.09910202026367,0.8659379482269287,weights/cascade_original_S4.pth
57,4,cascade,32.936431884765625,0.8855043649673462,weights/cascade_original_S4.pth
58,4,cascade,33.7148323059082,0.903519332408905,weights/cascade_original_S4.pth
59,4,cascade,31.959535598754883,0.8403749465942383,weights/cascade_original_S4.pth
60,4,cascade,33.351417541503906,0.8789081573486328,weights/cascade_original_S4.pth
61,4,cascade,33.58803176879883,0.9056409597396851,weights/cascade_original_S4.pth
62,4,cascade,35.699684143066406,0.9140769243240356,weights/cascade_original_S4.pth
63,4,cascade,30.597951889038086,0.8582100868225098,weights/cascade_original_S4.pth
64,4,cascade,33.25457763671875,0.8857263922691345,weights/cascade_original_S4.pth
65,4,cascade,33.45444107055664,0.9022282361984253,weights/cascade_original_S4.pth
66,4,cascade,33.90475082397461,0.8691563606262207,weights/cascade_original_S4.pth
67,4,cascade,33.39073944091797,0.8715691566467285,weights/cascade_original_S4.pth
68,4,cascade,33.985599517822266,0.9065907001495361,weights/cascade_original_S4.pth
69,4,cascade,33.61935043334961,0.9056479334831238,weights/cascade_original_S4.pth
70,4,cascade,33.2968635559082,0.8982093334197998,weights/cascade_original_S4.pth
71,4,cascade,32.22324752807617,0.8781768679618835,weights/cascade_original_S4.pth
72,4,cascade,32.63658905029297,0.8726097941398621,weights/cascade_original_S4.pth
73,4,cascade,33.522918701171875,0.8580023050308228,weights/cascade_original_S4.pth
74,4,cascade,32.992088317871094,0.8838796615600586,weights/cascade_original_S4.pth
75,4,cascade,32.37620544433594,0.8643621206283569,weights/cascade_original_S4.pth
76,4,cascade,33.96976852416992,0.8681992292404175,weights/cascade_original_S4.pth
77,4,cascade,33.21800994873047,0.8885433673858643,weights/cascade_original_S4.pth
78,4,cascade,33.11809158325195,0.8910137414932251,weights/cascade_original_S4.pth
79,4,cascade,31.958358764648438,0.8505531549453735,weights/cascade_original_S4.pth
80,4,cascade,32.41454315185547,0.89647376537323,weights/cascade_original_S4.pth
81,4,cascade,34.22831726074219,0.8967282176017761,weights/cascade_original_S4.pth
82,4,cascade,33.856082916259766,0.9056099057197571,weights/cascade_original_S4.pth
83,4,cascade,30.86351203918457,0.8496012687683105,weights/cascade_original_S4.pth
84,4,cascade,34.37910842895508,0.9114303588867188,weights/cascade_original_S4.pth
85,4,cascade,33.349090576171875,0.8963578939437866,weights/cascade_original_S4.pth
86,4,cascade,34.438175201416016,0.9122533798217773,weights/cascade_original_S4.pth
87,4,cascade,33.94297409057617,0.8814431428909302,weights/cascade_original_S4.pth
88,4,cascade,34.24728012084961,0.9024031162261963,weights/cascade_original_S4.pth
89,4,cascade,34.26545715332031,0.9075728058815002,weights/cascade_original_S4.pth
90,4,cascade,31.93729019165039,0.8430783748626709,weights/cascade_original_S4.pth
91,4,cascade,34.11980438232422,0.8858981132507324,weights/cascade_original_S4.pth
92,4,cascade,34.229713439941406,0.8970072269439697,weights/cascade_original_S4.pth
93,4,cascade,32.3546142578125,0.8681902885437012,weights/cascade_original_S4.pth
94,4,cascade,34.30354690551758,0.9106355905532837,weights/cascade_original_S4.pth
95,4,cascade,32.911376953125,0.8502646684646606,weights/cascade_original_S4.pth
96,4,cascade,32.5508918762207,0.8838091492652893,weights/cascade_original_S4.pth
97,4,cascade,32.85700988769531,0.8486241102218628,weights/cascade_original_S4.pth
98,4,cascade,34.41840744018555,0.9121886491775513,weights/cascade_original_S4.pth
99,4,cascade,32.27323532104492,0.8800351023674011,weights/cascade_original_S4.pth
100,4,cascade,34.424293518066406,0.9232386350631714,weights/cascade_original_S4.pth
101,4,cascade,32.421146392822266,0.8697265386581421,weights/cascade_original_S4.pth
102,4,cascade,33.379146575927734,0.8942655920982361,weights/cascade_original_S4.pth
103,4,cascade,32.94316482543945,0.9054068922996521,weights/cascade_original_S4.pth
104,4,cascade,33.14610290527344,0.8863025903701782,weights/cascade_original_S4.pth
105,4,cascade,33.42701721191406,0.9049643278121948,weights/cascade_original_S4.pth
106,4,cascade,35.10903549194336,0.9055814743041992,weights/cascade_original_S4.pth
107,4,cascade,33.92460250854492,0.9057559370994568,weights/cascade_original_S4.pth
108,4,cascade,32.87312316894531,0.8804889917373657,weights/cascade_original_S4.pth
109,4,cascade,34.270111083984375,0.909847617149353,weights/cascade_original_S4.pth
110,4,cascade,34.18705368041992,0.9078482389450073,weights/cascade_original_S4.pth
111,4,cascade,33.84239196777344,0.9000694155693054,weights/cascade_original_S4.pth
112,4,cascade,32.566131591796875,0.8698654770851135,weights/cascade_original_S4.pth
113,4,cascade,34.443458557128906,0.9233289957046509,weights/cascade_original_S4.pth
114,4,cascade,35.13668441772461,0.9154932498931885,weights/cascade_original_S4.pth
115,4,cascade,33.355587005615234,0.8535938262939453,weights/cascade_original_S4.pth
116,4,cascade,31.373559951782227,0.8152697086334229,weights/cascade_original_S4.pth
117,4,cascade,31.136873245239258,0.8464890122413635,weights/cascade_original_S4.pth
118,4,cascade,33.25189208984375,0.9000778198242188,weights/cascade_original_S4.pth
119,4,cascade,32.43204116821289,0.8266854286193848,weights/cascade_original_S4.pth
120,4,cascade,32.89927291870117,0.8809167146682739,weights/cascade_original_S4.pth
121,4,cascade,32.3963508605957,0.8673464059829712,weights/cascade_original_S4.pth
122,4,cascade,32.12955856323242,0.8656715154647827,weights/cascade_original_S4.pth
123,4,cascade,33.290645599365234,0.894238293170929,weights/cascade_original_S4.pth
124,4,cascade,32.634559631347656,0.8768669366836548,weights/cascade_original_S4.pth
125,4,cascade,32.01000213623047,0.8184848427772522,weights/cascade_original_S4.pth
126,4,cascade,32.967994689941406,0.905586838722229,weights/cascade_original_S4.pth
127,4,cascade,33.55023956298828,0.9049038887023926,weights/cascade_original_S4.pth
128,4,cascade,33.18705749511719,0.8926800489425659,weights/cascade_original_S4.pth
129,4,cascade,33.29546356201172,0.8791509866714478,weights/cascade_original_S4.pth
130,4,cascade,32.41398239135742,0.8989735841751099,weights/cascade_original_S4.pth
131,4,cascade,34.16350173950195,0.9093502759933472,weights/cascade_original_S4.pth
132,4,cascade,34.294979095458984,0.9113789796829224,weights/cascade_original_S4.pth
133,4,cascade,33.32331085205078,0.9010022878646851,weights/cascade_original_S4.pth
134,4,cascade,32.665889739990234,0.880821943283081,weights/cascade_original_S4.pth
135,4,cascade,32.33066940307617,0.8586996793746948,weights/cascade_original_S4.pth
136,4,cascade,33.0786247253418,0.8641906976699829,weights/cascade_original_S4.pth
137,4,cascade,32.826751708984375,0.8711707592010498,weights/cascade_original_S4.pth
138,4,cascade,33.3189582824707,0.8636850118637085,weights/cascade_original_S4.pth
139,4,cascade,34.16950988769531,0.9028739929199219,weights/cascade_original_S4.pth
140,4,cascade,33.826141357421875,0.9034286141395569,weights/cascade_original_S4.pth
141,4,cascade,33.99705123901367,0.9079601764678955,weights/cascade_original_S4.pth
142,4,cascade,33.970115661621094,0.8759183883666992,weights/cascade_original_S4.pth
143,4,cascade,32.439334869384766,0.8712765574455261,weights/cascade_original_S4.pth
144,4,cascade,34.36408233642578,0.9029805064201355,weights/cascade_original_S4.pth
145,4,cascade,33.58088684082031,0.9044476747512817,weights/cascade_original_S4.pth
146,4,cascade,34.17072677612305,0.9052999019622803,weights/cascade_original_S4.pth
147,4,cascade,34.64556121826172,0.9102179408073425,weights/cascade_original_S4.pth
148,4,cascade,33.26728057861328,0.892208993434906,weights/cascade_original_S4.pth
149,4,cascade,34.041446685791016,0.9109010696411133,weights/cascade_original_S4.pth
150,4,cascade,32.972862243652344,0.8773248791694641,weights/cascade_original_S4.pth
151,4,cascade,32.63106155395508,0.871766209602356,weights/cascade_original_S4.pth
152,4,cascade,32.83766174316406,0.8411866426467896,weights/cascade_original_S4.pth
153,4,cascade,33.747764587402344,0.9090879559516907,weights/cascade_original_S4.pth
154,4,cascade,32.49406051635742,0.8517391681671143,weights/cascade_original_S4.pth
155,4,cascade,32.63067626953125,0.8724120855331421,weights/cascade_original_S4.pth
156,4,cascade,32.30757141113281,0.8771443367004395,weights/cascade_original_S4.pth
157,4,cascade,33.276771545410156,0.8944141864776611,weights/cascade_original_S4.pth
158,4,cascade,31.543121337890625,0.8560308218002319,weights/cascade_original_S4.pth
159,4,cascade,32.46338653564453,0.8894791603088379,weights/cascade_original_S4.pth
160,4,cascade,33.238712310791016,0.8862536549568176,weights/cascade_original_S4.pth
161,4,cascade,32.496681213378906,0.8646316528320312,weights/cascade_original_S4.pth
162,4,cascade,32.66200637817383,0.8823575973510742,weights/cascade_original_S4.pth
163,4,cascade,34.5772705078125,0.9158172607421875,weights/cascade_original_S4.pth
164,4,cascade,33.19337463378906,0.890355110168457,weights/cascade_original_S4.pth
165,4,cascade,32.1935920715332,0.8644403219223022,weights/cascade_original_S4.pth
166,4,cascade,32.095115661621094,0.8694043159484863,weights/cascade_original_S4.pth
167,4,cascade,33.50146484375,0.9001235961914062,weights/cascade_original_S4.pth
168,4,cascade,33.11851119995117,0.8522065877914429,weights/cascade_original_S4.pth
169,4,cascade,32.55012512207031,0.8828383684158325,weights/cascade_original_S4.pth
170,4,cascade,31.40650749206543,0.8645286560058594,weights/cascade_original_S4.pth
171,4,cascade,33.931884765625,0.9038655757904053,weights/cascade_original_S4.pth
172,4,cascade,32.824462890625,0.879649817943573,weights/cascade_original_S4.pth
173,4,cascade,33.45516586303711,0.852388858795166,weights/cascade_original_S4.pth
174,4,cascade,33.185733795166016,0.900248646736145,weights/cascade_original_S4.pth
175,4,cascade,32.954742431640625,0.8504998683929443,weights/cascade_original_S4.pth
176,4,cascade,32.73088073730469,0.8682149648666382,weights/cascade_original_S4.pth
177,4,cascade,32.59296417236328,0.8712881803512573,weights/cascade_original_S4.pth
178,4,cascade,32.61151123046875,0.894985556602478,weights/cascade_original_S4.pth
179,4,cascade,32.31269454956055,0.8620879650115967,weights/cascade_original_S4.pth
180,4,cascade,33.2962760925293,0.9087915420532227,weights/cascade_original_S4.pth
181,4,cascade,31.45816421508789,0.8357993364334106,weights/cascade_original_S4.pth
182,4,cascade,32.86770248413086,0.8854143619537354,weights/cascade_original_S4.pth
183,4,cascade,33.034149169921875,0.873909056186676,weights/cascade_original_S4.pth
184,4,cascade,34.031036376953125,0.8695687055587769,weights/cascade_original_S4.pth
185,4,cascade,32.241424560546875,0.8707377910614014,weights/cascade_original_S4.pth
186,4,cascade,32.012245178222656,0.8748570680618286,weights/cascade_original_S4.pth
187,4,cascade,32.203800201416016,0.8666386604309082,weights/cascade_original_S4.pth
188,4,cascade,32.087703704833984,0.8588169813156128,weights/cascade_original_S4.pth
189,4,cascade,32.3930549621582,0.8693801164627075,weights/cascade_original_S4.pth
190,4,cascade,33.49832534790039,0.8821876049041748,weights/cascade_original_S4.pth
191,4,cascade,32.33075714111328,0.8461118936538696,weights/cascade_original_S4.pth
192,4,cascade,34.11233901977539,0.9086639881134033,weights/cascade_original_S4.pth
193,4,cascade,32.983184814453125,0.8500033617019653,weights/cascade_original_S4.pth
194,4,cascade,33.10612106323242,0.86081862449646,weights/cascade_original_S4.pth
195,4,cascade,33.778053283691406,0.9064208269119263,weights/cascade_original_S4.pth
196,4,cascade,32.385162353515625,0.8786218762397766,weights/cascade_original_S4.pth
197,4,cascade,32.208744049072266,0.8654024600982666,weights/cascade_original_S4.pth
198,4,cascade,32.625701904296875,0.9011726379394531,weights/cascade_original_S4.pth
199,4,cascade,33.12961196899414,0.8858105540275574,weights/cascade_original_S4.pth
0,4,ddf,36.64199447631836,0.9271875619888306,weights/DDF_c4_best.pth
1,4,ddf,36.12825012207031,0.920214831829071,weights/DDF_c4_best.pth
2,4,ddf,39.02850341796875,0.948366641998291,weights/DDF_c4_best.pth
3,4,ddf,39.19879150390625,0.9529694318771362,weights/DDF_c4_best.pth
4,4,ddf,39.1835823059082,0.9503595232963562,weights/DDF_c4_best.pth
5,4,ddf,38.53470230102539,0.9521147012710571,weights/DDF_c4_best.pth
6,4,ddf,36.887062072753906,0.9125050902366638,weights/DDF_c4_best.pth
7,4,ddf,35.56243896484375,0.934577465057373,weights/DDF_c4_best.pth
8,4,ddf,38.66305160522461,0.9577609300613403,weights/DDF_c4_best.pth
9,4,ddf,38.8939094543457,0.9525777101516724,weights/DDF_c4_best.pth
10,4,ddf,38.76543045043945,0.9525387287139893,weights/DDF_c4_best.pth
11,4,ddf,38.054359436035156,0.9417897462844849,weights/DDF_c4_best.pth
12,4,ddf,35.17043685913086,0.8717154264450073,weights/DDF_c4_best.pth
13,4,ddf,37.16606903076172,0.9319742918014526,weights/DDF_c4_best.pth
14,4,ddf,31.96842384338379,0.876293957233429,weights/DDF_c4_best.pth
15,4,ddf,35.68212127685547,0.912513256072998,weights/DDF_c4_best.pth
16,4,ddf,38.997650146484375,0.955156683921814,weights/DDF_c4_best.pth
17,4,ddf,38.67284393310547,0.9411559104919434,weights/DDF_c4_best.pth
18,4,ddf,33.762306213378906,0.9070512056350708,weights/DDF_c4_best.pth
19,4,ddf,35.62070083618164,0.9161777496337891,weights/DDF_c4_best.pth
20,4,ddf,37.534812927246094,0.940982460975647,weights/DDF_c4_best.pth
21,4,ddf,35.97514724731445,0.9075294137001038,weights/DDF_c4_best.pth
22,4,ddf,38.54662322998047,0.957910418510437,weights/DDF_c4_best.pth
23,4,ddf,33.867191314697266,0.905953049659729,weights/DDF_c4_best.pth
24,4,ddf,36.76575469970703,0.9307624101638794,weights/DDF_c4_best.pth
25,4,ddf,36.952816009521484,0.930264949798584,weights/DDF_c4_best.pth
26,4,ddf,36.97279357910156,0.9353922605514526,weights/DDF_c4_best.pth
27,4,ddf,36.14781951904297,0.9176585674285889,weights/DDF_c4_best.pth
28,4,ddf,34.808109283447266,0.9298685193061829,weights/DDF_c4_best.pth
29,4,ddf,37.53076171875,0.9363242983818054,weights/DDF_c4_best.pth
30,4,ddf,39.19988250732422,0.9444398880004883,weights/DDF_c4_best.pth
31,4,ddf,36.71686935424805,0.9311274886131287,weights/DDF_c4_best.pth
32,4,ddf,37.402305603027344,0.9156625270843506,weights/DDF_c4_best.pth
33,4,ddf,37.176700592041016,0.9272116422653198,weights/DDF_c4_best.pth
34,4,ddf,37.26645278930664,0.9345706701278687,weights/DDF_c4_best.pth
35,4,ddf,35.66939926147461,0.9162237644195557,weights/DDF_c4_best.pth
36,4,ddf,38.863922119140625,0.9538001418113708,weights/DDF_c4_best.pth
37,4,ddf,39.134456634521484,0.9587469100952148,weights/DDF_c4_best.pth
38,4,ddf,37.05801773071289,0.9291881322860718,weights/DDF_c4_best.pth
39,4,ddf,34.550933837890625,0.9070398807525635,weights/DDF_c4_best.pth
40,4,ddf,36.762611389160156,0.9101491570472717,weights/DDF_c4_best.pth
41,4,ddf,34.30800247192383,0.9083005785942078,weights/DDF_c4_best.pth
42,4,ddf,38.42686080932617,0.9457606673240662,weights/DDF_c4_best.pth
43,4,ddf,38.744388580322266,0.9601293802261353,weights/DDF_c4_best.pth
44,4,ddf,38.93258285522461,0.942741334438324,weights/DDF_c4_best.pth
45,4,ddf,38.229827880859375,0.9418215155601501,weights/DDF_c4_best.pth
46,4,ddf,36.97949981689453,0.9343123435974121,weights/DDF_c4_best.pth
47,4,ddf,38.370906829833984,0.945005476474762,weights/DDF_c4_best.pth
48,4,ddf,37.693092346191406,0.9279690980911255,weights/DDF_c4_best.pth
49,4,ddf,33.801753997802734,0.9060224294662476,weights/DDF_c4_best.pth
50,4,ddf,38.64230728149414,0.9561160206794739,weights/DDF_c4_best.pth
51,4,ddf,38.321189880371094,0.9402110576629639,weights/DDF_c4_best.pth
52,4,ddf,34.416015625,0.927293062210083,weights/DDF_c4_best.pth
53,4,ddf,35.87889099121094,0.8990219831466675,weights/DDF_c4_best.pth
54,4,ddf,38.71944808959961,0.9535965919494629,weights/DDF_c4_best.pth
55,4,ddf,36.59408187866211,0.9321506023406982,weights/DDF_c4_best.pth
56,4,ddf,36.78631591796875,0.9293820858001709,weights/DDF_c4_best.pth
57,4,ddf,37.02046203613281,0.9360877275466919,weights/DDF_c4_best.pth
58,4,ddf,38.36763000488281,0.9521289467811584,weights/DDF_c4_best.pth
59,4,ddf,35.666465759277344,0.907868504524231,weights/DDF_c4_best.pth
60,4,ddf,37.179176330566406,0.9234082698822021,weights/DDF_c4_best.pth
61,4,ddf,38.31963348388672,0.9472765326499939,weights/DDF_c4_best.pth
62,4,ddf,39.52330780029297,0.9514944553375244,weights/DDF_c4_best.pth
63,4,ddf,31.439800262451172,0.885217010974884,weights/DDF_c4_best.pth
64,4,ddf,37.3593864440918,0.9340840578079224,weights/DDF_c4_best.pth
65,4,ddf,35.57905960083008,0.9343283176422119,weights/DDF_c4_best.pth
66,4,ddf,37.73847198486328,0.9284735918045044,weights/DDF_c4_best.pth
67,4,ddf,37.07276916503906,0.9239962697029114,weights/DDF_c4_best.pth
68,4,ddf,39.042945861816406,0.9585070610046387,weights/DDF_c4_best.pth
69,4,ddf,38.789306640625,0.9573817253112793,weights/DDF_c4_best.pth
70,4,ddf,38.28901290893555,0.9493573307991028,weights/DDF_c4_best.pth
71,4,ddf,33.958518981933594,0.909117579460144,weights/DDF_c4_best.pth
72,4,ddf,37.170631408691406,0.9368999004364014,weights/DDF_c4_best.pth
73,4,ddf,37.25212860107422,0.9194969534873962,weights/DDF_c4_best.pth
74,4,ddf,37.37418746948242,0.9275535345077515,weights/DDF_c4_best.pth
75,4,ddf,36.42182922363281,0.9237865209579468,weights/DDF_c4_best.pth
76,4,ddf,37.567413330078125,0.9275228977203369,weights/DDF_c4_best.pth
77,4,ddf,37.5644645690918,0.9396673440933228,weights/DDF_c4_best.pth
78,4,ddf,38.01124572753906,0.9418091773986816,weights/DDF_c4_best.pth
79,4,ddf,35.733707427978516,0.9159507155418396,weights/DDF_c4_best.pth
80,4,ddf,33.9523811340332,0.9277089238166809,weights/DDF_c4_best.pth
81,4,ddf,38.12724685668945,0.9449605941772461,weights/DDF_c4_best.pth
82,4,ddf,39.05412292480469,0.9559423923492432,weights/DDF_c4_best.pth
83,4,ddf,37.19682312011719,0.9339934587478638,weights/DDF_c4_best.pth
84,4,ddf,38.68348693847656,0.949940025806427,weights/DDF_c4_best.pth
85,4,ddf,37.70649337768555,0.9421037435531616,weights/DDF_c4_best.pth
86,4,ddf,38.70228576660156,0.9507418870925903,weights/DDF_c4_best.pth
87,4,ddf,38.31175231933594,0.938726544380188,weights/DDF_c4_best.pth
88,4,ddf,39.33304977416992,0.9564736485481262,weights/DDF_c4_best.pth
89,4,ddf,39.13865661621094,0.9597510099411011,weights/DDF_c4_best.pth
90,4,ddf,35.36347198486328,0.910942018032074,weights/DDF_c4_best.pth
91,4,ddf,37.8729133605957,0.9372215867042542,weights/DDF_c4_best.pth
92,4,ddf,38.18133544921875,0.9447197914123535,weights/DDF_c4_best.pth
93,4,ddf,36.28449249267578,0.9261550903320312,weights/DDF_c4_best.pth
94,4,ddf,39.672027587890625,0.9640799760818481,weights/DDF_c4_best.pth
95,4,ddf,36.297119140625,0.9116553068161011,weights/DDF_c4_best.pth
96,4,ddf,37.926475524902344,0.9407440423965454,weights/DDF_c4_best.pth
97,4,ddf,36.89848327636719,0.9105400443077087,weights/DDF_c4_best.pth
98,4,ddf,38.773597717285156,0.9500588178634644,weights/DDF_c4_best.pth
99,4,ddf,34.4299430847168,0.913237988948822,weights/DDF_c4_best.pth
100,4,ddf,39.30170440673828,0.9623032808303833,weights/DDF_c4_best.pth
101,4,ddf,36.76854705810547,0.9337450265884399,weights/DDF_c4_best.pth
102,4,ddf,37.85431671142578,0.9394381046295166,weights/DDF_c4_best.pth
103,4,ddf,38.72615432739258,0.9593963623046875,weights/DDF_c4_best.pth
104,4,ddf,36.942893981933594,0.9353197813034058,weights/DDF_c4_best.pth
105,4,ddf,35.312774658203125,0.9349281191825867,weights/DDF_c4_best.pth
106,4,ddf,39.131744384765625,0.9512701034545898,weights/DDF_c4_best.pth
107,4,ddf,38.64860534667969,0.954414963722229,weights/DDF_c4_best.pth
108,4,ddf,37.01856994628906,0.9296733140945435,weights/DDF_c4_best.pth
109,4,ddf,39.27603530883789,0.9591923952102661,weights/DDF_c4_best.pth
110,4,ddf,39.0203857421875,0.9575805068016052,weights/DDF_c4_best.pth
111,4,ddf,38.244407653808594,0.9471692442893982,weights/DDF_c4_best.pth
112,4,ddf,36.79787063598633,0.9289670586585999,weights/DDF_c4_best.pth
113,4,ddf,39.325775146484375,0.9612612724304199,weights/DDF_c4_best.pth
114,4,ddf,39.14106750488281,0.9504696130752563,weights/DDF_c4_best.pth
115,4,ddf,36.96353530883789,0.9126949310302734,weights/DDF_c4_best.pth
116,4,ddf,35.25243377685547,0.8868578672409058,weights/DDF_c4_best.pth
117,4,ddf,32.16145324707031,0.8616857528686523,weights/DDF_c4_best.pth
118,4,ddf,35.54594039916992,0.9270353317260742,weights/DDF_c4_best.pth
119,4,ddf,34.078285217285156,0.8707352876663208,weights/DDF_c4_best.pth
120,4,ddf,37.015132904052734,0.9322535991668701,weights/DDF_c4_best.pth
121,4,ddf,36.883689880371094,0.9322010278701782,weights/DDF_c4_best.pth
122,4,ddf,36.29098892211914,0.9237220883369446,weights/DDF_c4_best.pth
123,4,ddf,38.2015266418457,0.9505590200424194,weights/DDF_c4_best.pth
124,4,ddf,38.261634826660156,0.9499752521514893,weights/DDF_c4_best.pth
125,4,ddf,35.310157775878906,0.8843629360198975,weights/DDF_c4_best.pth
126,4,ddf,38.72998046875,0.9601714611053467,weights/DDF_c4_best.pth
127,4,ddf,38.55890655517578,0.953151524066925,weights/DDF_c4_best.pth
128,4,ddf,38.054481506347656,0.9404569864273071,weights/DDF_c4_best.pth
129,4,ddf,35.13408279418945,0.91448974609375,weights/DDF_c4_best.pth
130,4,ddf,38.95378494262695,0.9627100229263306,weights/DDF_c4_best.pth
131,4,ddf,39.14764404296875,0.9606115818023682,weights/DDF_c4_best.pth
132,4,ddf,38.90474319458008,0.9508897066116333,weights/DDF_c4_best.pth
133,4,ddf,37.590641021728516,0.9434206485748291,weights/DDF_c4_best.pth
134,4,ddf,35.18230056762695,0.9120379686355591,weights/DDF_c4_best.pth
135,4,ddf,36.88554382324219,0.9274937510490417,weights/DDF_c4_best.pth
136,4,ddf,37.155372619628906,0.9305378794670105,weights/DDF_c4_best.pth
137,4,ddf,37.470706939697266,0.9374080896377563,weights/DDF_c4_best.pth
138,4,ddf,36.84101104736328,0.9168216586112976,weights/DDF_c4_best.pth
139,4,ddf,38.90916442871094,0.9562491178512573,weights/DDF_c4_best.pth
140,4,ddf,38.61256790161133,0.9531636238098145,weights/DDF_c4_best.pth
141,4,ddf,39.10930252075195,0.9591158628463745,weights/DDF_c4_best.pth
142,4,ddf,37.37041091918945,0.9247826933860779,weights/DDF_c4_best.pth
143,4,ddf,37.18241500854492,0.9323604106903076,weights/DDF_c4_best.pth
144,4,ddf,39.319793701171875,0.9561949372291565,weights/DDF_c4_best.pth
145,4,ddf,38.7908821105957,0.9592201709747314,weights/DDF_c4_best.pth
146,4,ddf,38.37724304199219,0.9472159147262573,weights/DDF_c4_best.pth
147,4,ddf,38.83762741088867,0.9483687281608582,weights/DDF_c4_best.pth
148,4,ddf,38.14421463012695,0.9495338201522827,weights/DDF_c4_best.pth
149,4,ddf,38.12797164916992,0.9526745080947876,weights/DDF_c4_best.pth
150,4,ddf,37.75196838378906,0.940359354019165,weights/DDF_c4_best.pth
151,4,ddf,36.94379425048828,0.9335145950317383,weights/DDF_c4_best.pth
152,4,ddf,35.99473571777344,0.8985780477523804,weights/DDF_c4_best.pth
153,4,ddf,38.92235565185547,0.9602060317993164,weights/DDF_c4_best.pth
154,4,ddf,36.40468215942383,0.9151930212974548,weights/DDF_c4_best.pth
155,4,ddf,36.886173248291016,0.934404730796814,weights/DDF_c4_best.pth
156,4,ddf,37.334957122802734,0.9382686018943787,weights/DDF_c4_best.pth
157,4,ddf,37.76816940307617,0.9415489435195923,weights/DDF_c4_best.pth
158,4,ddf,36.541221618652344,0.9184756278991699,weights/DDF_c4_best.pth
159,4,ddf,35.670867919921875,0.9290838241577148,weights/DDF_c4_best.pth
160,4,ddf,37.65095520019531,0.9393296837806702,weights/DDF_c4_best.pth
161,4,ddf,37.06232452392578,0.9328159093856812,weights/DDF_c4_best.pth
162,4,ddf,36.914100646972656,0.9318180084228516,weights/DDF_c4_best.pth
163,4,ddf,38.91845703125,0.9563959836959839,weights/DDF_c4_best.pth
164,4,ddf,37.46384048461914,0.9392898082733154,weights/DDF_c4_best.pth
165,4,ddf,36.531005859375,0.9291658401489258,weights/DDF_c4_best.pth
166,4,ddf,36.40407943725586,0.9305606484413147,weights/DDF_c4_best.pth
167,4,ddf,38.674991607666016,0.9559527039527893,weights/DDF_c4_best.pth
168,4,ddf,36.76761245727539,0.9100390076637268,weights/DDF_c4_best.pth
169,4,ddf,36.84819030761719,0.9351226091384888,weights/DDF_c4_best.pth
170,4,ddf,36.31245040893555,0.9340423345565796,weights/DDF_c4_best.pth
171,4,ddf,39.0439567565918,0.9580861330032349,weights/DDF_c4_best.pth
172,4,ddf,36.76411437988281,0.9293602705001831,weights/DDF_c4_best.pth
173,4,ddf,37.079689025878906,0.9164042472839355,weights/DDF_c4_best.pth
174,4,ddf,38.011680603027344,0.9503291845321655,weights/DDF_c4_best.pth
175,4,ddf,35.913780212402344,0.9002997875213623,weights/DDF_c4_best.pth
176,4,ddf,37.146820068359375,0.9344317317008972,weights/DDF_c4_best.pth
177,4,ddf,37.81495666503906,0.9424071311950684,weights/DDF_c4_best.pth
178,4,ddf,39.118350982666016,0.9563339948654175,weights/DDF_c4_best.pth
179,4,ddf,36.447269439697266,0.9246166348457336,weights/DDF_c4_best.pth
180,4,ddf,38.824886322021484,0.9612830877304077,weights/DDF_c4_best.pth
181,4,ddf,32.28150939941406,0.8571433424949646,weights/DDF_c4_best.pth
182,4,ddf,37.295230865478516,0.935245156288147,weights/DDF_c4_best.pth
183,4,ddf,37.07796859741211,0.9311717748641968,weights/DDF_c4_best.pth
184,4,ddf,37.614097595214844,0.9265116453170776,weights/DDF_c4_best.pth
185,4,ddf,36.86006164550781,0.9352887868881226,weights/DDF_c4_best.pth
186,4,ddf,34.14157485961914,0.9098385572433472,weights/DDF_c4_best.pth
187,4,ddf,36.52223205566406,0.9314512014389038,weights/DDF_c4_best.pth
188,4,ddf,36.04591369628906,0.9191679954528809,weights/DDF_c4_best.pth
189,4,ddf,36.64324951171875,0.9303040504455566,weights/DDF_c4_best.pth
190,4,ddf,37.50914764404297,0.9330151081085205,weights/DDF_c4_best.pth
191,4,ddf,35.91477966308594,0.9127820730209351,weights/DDF_c4_best.pth
192,4,ddf,39.207115173339844,0.958889365196228,weights/DDF_c4_best.pth
193,4,ddf,36.4243278503418,0.9049853086471558,weights/DDF_c4_best.pth
194,4,ddf,37.21613693237305,0.9193978309631348,weights/DDF_c4_best.pth
195,4,ddf,38.365692138671875,0.9508198499679565,weights/DDF_c4_best.pth
196,4,ddf,36.801170349121094,0.9311103224754333,weights/DDF_c4_best.pth
197,4,ddf,36.06645202636719,0.9259542226791382,weights/DDF_c4_best.pth
198,4,ddf,38.73746109008789,0.9585933685302734,weights/DDF_c4_best.pth
199,4,ddf,37.84021759033203,0.9435436129570007,weights/DDF_c4_best.pth
0,8,sparse_fbp,19.979433059692383,0.574320912361145,
1,8,sparse_fbp,20.066661834716797,0.5758423805236816,
2,8,sparse_fbp,21.470417022705078,0.6500639319419861,
3,8,sparse_fbp,20.44170379638672,0.6432819962501526,
4,8,sparse_fbp,21.591089248657227,0.6539769172668457,
5,8,sparse_fbp,23.509950637817383,0.667718768119812,
6,8,sparse_fbp,21.228551864624023,0.6108665466308594,
7,8,sparse_fbp,20.600698471069336,0.611222505569458,
8,8,sparse_fbp,23.36813735961914,0.6651306748390198,
9,8,sparse_fbp,20.336498260498047,0.6155126690864563,
10,8,sparse_fbp,20.479108810424805,0.6103995442390442,
11,8,sparse_fbp,20.9207706451416,0.6070493459701538,
12,8,sparse_fbp,21.898361206054688,0.6182665824890137,
13,8,sparse_fbp,20.22280502319336,0.6093671917915344,
14,8,sparse_fbp,20.64896583557129,0.5809788107872009,
15,8,sparse_fbp,20.883636474609375,0.5805374383926392,
16,8,sparse_fbp,20.594892501831055,0.6243231296539307,
17,8,sparse_fbp,21.468143463134766,0.6419926881790161,
18,8,sparse_fbp,19.90688133239746,0.5596618056297302,
19,8,sparse_fbp,20.777833938598633,0.5809506177902222,
20,8,sparse_fbp,20.071517944335938,0.5517792701721191,
21,8,sparse_fbp,24.66565704345703,0.6977862119674683,
22,8,sparse_fbp,23.3101749420166,0.6602002382278442,
23,8,sparse_fbp,20.743366241455078,0.6084714531898499,
24,8,sparse_fbp,19.99588966369629,0.5734379291534424,
25,8,sparse_fbp,20.757295608520508,0.5802670121192932,
26,8,sparse_fbp,19.82780647277832,0.5859646797180176,
27,8,sparse_fbp,20.934734344482422,0.5873709917068481,
28,8,sparse_fbp,23.03150177001953,0.6588202714920044,
29,8,sparse_fbp,20.68326759338379,0.6396815776824951,
30,8,sparse_fbp,21.91421890258789,0.6693147420883179,
31,8,sparse_fbp,20.122329711914062,0.5976278781890869,
32,8,sparse_fbp,21.185914993286133,0.6110085248947144,
33,8,sparse_fbp,20.809995651245117,0.5834765434265137,
34,8,sparse_fbp,20.985637664794922,0.6140166521072388,
35,8,sparse_fbp,20.929243087768555,0.5808440446853638,
36,8,sparse_fbp,23.85652732849121,0.6806669235229492,
37,8,sparse_fbp,23.00385284423828,0.6439670324325562,
38,8,sparse_fbp,20.244462966918945,0.6063212156295776,
39,8,sparse_fbp,20.92028045654297,0.595116138458252,
40,8,sparse_fbp,21.244834899902344,0.6113168001174927,
41,8,sparse_fbp,21.09677505493164,0.6094735860824585,
42,8,sparse_fbp,21.728164672851562,0.641768217086792,
43,8,sparse_fbp,23.03968048095703,0.6492747068405151,
44,8,sparse_fbp,21.333961486816406,0.6373656392097473,
45,8,sparse_fbp,20.294923782348633,0.5903453230857849,
46,8,sparse_fbp,20.708005905151367,0.606874942779541,
47,8,sparse_fbp,21.575138092041016,0.6350187063217163,
48,8,sparse_fbp,25.366168975830078,0.7176600694656372,
49,8,sparse_fbp,20.02210235595703,0.5866901874542236,
50,8,sparse_fbp,22.75165367126465,0.6461434960365295,
51,8,sparse_fbp,23.516944885253906,0.6790934801101685,
52,8,sparse_fbp,20.889415740966797,0.6086982488632202,
53,8,sparse_fbp,21.241052627563477,0.6495047807693481,
54,8,sparse_fbp,20.437843322753906,0.6083045601844788,
55,8,sparse_fbp,21.250083923339844,0.6096864938735962,
56,8,sparse_fbp,20.523181915283203,0.5883523225784302,
57,8,sparse_fbp,19.87342643737793,0.5898705124855042,
58,8,sparse_fbp,20.162343978881836,0.5874438285827637,
59,8,sparse_fbp,20.79605484008789,0.5748428106307983,
60,8,sparse_fbp,20.98341941833496,0.6064549684524536,
61,8,sparse_fbp,20.771608352661133,0.6046668291091919,
62,8,sparse_fbp,22.016170501708984,0.6805534362792969,
63,8,sparse_fbp,20.679946899414062,0.6016272902488708,
64,8,sparse_fbp,20.94216537475586,0.6143752336502075,
65,8,sparse_fbp,23.7460994720459,0.6760092377662659,
66,8,sparse_fbp,25.207901000976562,0.7062034606933594,
67,8,sparse_fbp,21.267200469970703,0.6240121126174927,
68,8,sparse_fbp,22.897607803344727,0.6579566597938538,
69,8,sparse_fbp,22.78165626525879,0.637361466884613,
70,8,sparse_fbp,20.32097625732422,0.6066926121711731,
71,8,sparse_fbp,20.03577423095703,0.5898841619491577,
72,8,sparse_fbp,19.970542907714844,0.5518129467964172,
73,8,sparse_fbp,25.570758819580078,0.7184940576553345,
74,8,sparse_fbp,20.843908309936523,0.5936276912689209,
75,8,sparse_fbp,20.737092971801758,0.604108989238739,
76,8,sparse_fbp,25.19536590576172,0.7044596076011658,
77,8,sparse_fbp,20.24481201171875,0.6072074770927429,
78,8,sparse_fbp,20.070068359375,0.5890478491783142,
79,8,sparse_fbp,20.92953872680664,0.582787275314331,
80,8,sparse_fbp,23.24120330810547,0.658444881439209,
81,8,sparse_fbp,21.664470672607422,0.6372520327568054,
82,8,sparse_fbp,20.528905868530273,0.6152086853981018,
83,8,sparse_fbp,19.920028686523438,0.5567787885665894,
84,8,sparse_fbp,20.227460861206055,0.6050900220870972,
85,8,sparse_fbp,20.56234359741211,0.6219815015792847,
86,8,sparse_fbp,20.352249145507812,0.6113172769546509,
87,8,sparse_fbp,23.42409324645996,0.6675535440444946,
88,8,sparse_fbp,23.366107940673828,0.6710383892059326,
89,8,sparse_fbp,22.9653263092041,0.6507223844528198,
90,8,sparse_fbp,21.100345611572266,0.5992701053619385,
91,8,sparse_fbp,21.428848266601562,0.6171786785125732,
92,8,sparse_fbp,21.63587760925293,0.6363663673400879,
93,8,sparse_fbp,20.82294273376465,0.5866982936859131,
94,8,sparse_fbp,23.21222496032715,0.6634246110916138,
95,8,sparse_fbp,21.32754135131836,0.6030658483505249,
96,8,sparse_fbp,20.26763916015625,0.585780143737793,
97,8,sparse_fbp,21.434080123901367,0.6141334772109985,
98,8,sparse_fbp,20.213577270507812,0.6031706929206848,
99,8,sparse_fbp,20.191173553466797,0.6091933250427246,
100,8,sparse_fbp,20.514881134033203,0.6475670337677002,
101,8,sparse_fbp,20.805255889892578,0.6151832938194275,
102,8,sparse_fbp,20.369565963745117,0.6180766820907593,
103,8,sparse_fbp,23.095666885375977,0.6499048471450806,
104,8,sparse_fbp,20.049955368041992,0.5925073027610779,
105,8,sparse_fbp,23.04190444946289,0.6518029570579529,
106,8,sparse_fbp,23.949588775634766,0.6795181632041931,
107,8,sparse_fbp,20.479928970336914,0.6108867526054382,
108,8,sparse_fbp,20.048551559448242,0.571010947227478,
109,8,sparse_fbp,23.54557991027832,0.6688132286071777,
110,8,sparse_fbp,23.04899024963379,0.6435607671737671,
111,8,sparse_fbp,20.164297103881836,0.604773998260498,
112,8,sparse_fbp,21.04180145263672,0.5942922830581665,
113,8,sparse_fbp,20.522640228271484,0.6471283435821533,
114,8,sparse_fbp,21.599796295166016,0.6544451713562012,
115,8,sparse_fbp,21.278385162353516,0.6120837330818176,
116,8,sparse_fbp,21.861284255981445,0.6325605511665344,
117,8,sparse_fbp,23.255273818969727,0.6561218500137329,
118,8,sparse_fbp,20.567371368408203,0.6260913610458374,
119,8,sparse_fbp,22.4403076171875,0.6462673544883728,
120,8,sparse_fbp,20.008872985839844,0.5748870372772217,
121,8,sparse_fbp,19.976808547973633,0.5576859712600708,
122,8,sparse_fbp,19.98198127746582,0.5821120738983154,
123,8,sparse_fbp,21.27178382873535,0.6406530737876892,
124,8,sparse_fbp,21.048431396484375,0.6228523850440979,
125,8,sparse_fbp,21.852581024169922,0.6300262212753296,
126,8,sparse_fbp,23.078794479370117,0.6514495015144348,
127,8,sparse_fbp,20.277116775512695,0.6075030565261841,
128,8,sparse_fbp,20.462589263916016,0.6136119961738586,
129,8,sparse_fbp,21.502315521240234,0.6236968040466309,
130,8,sparse_fbp,22.6231689453125,0.6370406150817871,
131,8,sparse_fbp,22.98253631591797,0.6514210104942322,
132,8,sparse_fbp,21.117523193359375,0.6179862022399902,
133,8,sparse_fbp,20.026378631591797,0.6004694700241089,
134,8,sparse_fbp,21.053600311279297,0.6181792616844177,
135,8,sparse_fbp,20.110475540161133,0.5437197685241699,
136,8,sparse_fbp,21.004688262939453,0.5869721174240112,
137,8,sparse_fbp,20.14712142944336,0.566687822341919,
138,8,sparse_fbp,21.305265426635742,0.6249632835388184,
139,8,sparse_fbp,23.036502838134766,0.6584855318069458,
140,8,sparse_fbp,20.273828506469727,0.5951674580574036,
141,8,sparse_fbp,22.722463607788086,0.6531181335449219,
142,8,sparse_fbp,24.66963005065918,0.6968182325363159,
143,8,sparse_fbp,20.773052215576172,0.5981775522232056,
144,8,sparse_fbp,23.430152893066406,0.6744835376739502,
145,8,sparse_fbp,23.316801071166992,0.6619194149971008,
146,8,sparse_fbp,20.43918228149414,0.6072867512702942,
147,8,sparse_fbp,21.18746566772461,0.6407238245010376,
148,8,sparse_fbp,21.249908447265625,0.6401491761207581,
149,8,sparse_fbp,20.342147827148438,0.6071536540985107,
150,8,sparse_fbp,20.30320930480957,0.5807111263275146,
151,8,sparse_fbp,21.015045166015625,0.5958555936813354,
152,8,sparse_fbp,21.632476806640625,0.6235634088516235,
153,8,sparse_fbp,23.070022583007812,0.6548409461975098,
154,8,sparse_fbp,21.247547149658203,0.5838782787322998,
155,8,sparse_fbp,20.85525131225586,0.6162232160568237,
156,8,sparse_fbp,21.06428337097168,0.6152143478393555,
157,8,sparse_fbp,20.579347610473633,0.6187642216682434,
158,8,sparse_fbp,20.237123489379883,0.5769938230514526,
159,8,sparse_fbp,20.306034088134766,0.6157609820365906,
160,8,sparse_fbp,21.308061599731445,0.6493145227432251,
161,8,sparse_fbp,20.142915725708008,0.553945779800415,
162,8,sparse_fbp,20.303773880004883,0.5956276655197144,
163,8,sparse_fbp,20.5382080078125,0.6183364987373352,
164,8,sparse_fbp,20.294261932373047,0.5942647457122803,
165,8,sparse_fbp,20.51953887939453,0.5917037725448608,
166,8,sparse_fbp,20.616558074951172,0.5916651487350464,
167,8,sparse_fbp,22.7747745513916,0.648200273513794,
168,8,sparse_fbp,21.20734405517578,0.6084870100021362,
169,8,sparse_fbp,19.870763778686523,0.574174702167511,
170,8,sparse_fbp,20.498628616333008,0.5987458229064941,
171,8,sparse_fbp,23.494176864624023,0.6701289415359497,
172,8,sparse_fbp,20.46078109741211,0.5968911647796631,
173,8,sparse_fbp,25.724313735961914,0.7188048362731934,
174,8,sparse_fbp,20.05657958984375,0.5882855653762817,
175,8,sparse_fbp,21.19418716430664,0.6502400636672974,
176,8,sparse_fbp,20.20641326904297,0.562666654586792,
177,8,sparse_fbp,20.186134338378906,0.558822512626648,
178,8,sparse_fbp,20.553668975830078,0.6146050691604614,
179,8,sparse_fbp,20.66108512878418,0.5976869463920593,
180,8,sparse_fbp,23.143245697021484,0.6601759195327759,
181,8,sparse_fbp,21.350685119628906,0.6050078868865967,
182,8,sparse_fbp,20.351577758789062,0.6005094051361084,
183,8,sparse_fbp,21.294050216674805,0.6245294809341431,
184,8,sparse_fbp,25.430295944213867,0.7197316884994507,
185,8,sparse_fbp,20.753538131713867,0.614040732383728,
186,8,sparse_fbp,20.075584411621094,0.5889674425125122,
187,8,sparse_fbp,20.68253517150879,0.6057500839233398,
188,8,sparse_fbp,20.806800842285156,0.5813696384429932,
189,8,sparse_fbp,20.70265007019043,0.5955579280853271,
190,8,sparse_fbp,21.255626678466797,0.619254469871521,
191,8,sparse_fbp,20.77781867980957,0.5751405358314514,
192,8,sparse_fbp,23.02828598022461,0.6565573215484619,
193,8,sparse_fbp,21.414480209350586,0.6217041015625,
194,8,sparse_fbp,20.862892150878906,0.6040560007095337,
195,8,sparse_fbp,20.58009147644043,0.6217985153198242,
196,8,sparse_fbp,20.33628273010254,0.5941129326820374,
197,8,sparse_fbp,20.844711303710938,0.5867873430252075,
198,8,sparse_fbp,23.338706970214844,0.6640927195549011,
199,8,sparse_fbp,20.979686737060547,0.6081217527389526,
0,8,redcnn,20.012245178222656,0.5851002335548401,/root/autodl-fs/PAPER2/redcnn_autodl/save/REDCNN_100000iter.ckpt
1,8,redcnn,20.105979919433594,0.5866960287094116,/root/autodl-fs/PAPER2/redcnn_autodl/save/REDCNN_100000iter.ckpt
2,8,redcnn,21.507701873779297,0.6594760417938232,/root/autodl-fs/PAPER2/redcnn_autodl/save/REDCNN_100000iter.ckpt
3,8,redcnn,20.4822940826416,0.6545898914337158,/root/autodl-fs/PAPER2/redcnn_autodl/save/REDCNN_100000iter.ckpt
4,8,redcnn,21.635700225830078,0.6642579436302185,/root/autodl-fs/PAPER2/redcnn_autodl/save/REDCNN_100000iter.ckpt
5,8,redcnn,23.540626525878906,0.6718559265136719,/root/autodl-fs/PAPER2/redcnn_autodl/save/REDCNN_100000iter.ckpt
6,8,redcnn,21.298542022705078,0.6211063861846924,/root/autodl-fs/PAPER2/redcnn_autodl/save/REDCNN_100000iter.ckpt
7,8,redcnn,20.63666534423828,0.6211167573928833,/root/autodl-fs/PAPER2/redcnn_autodl/save/REDCNN_100000iter.ckpt
8,8,redcnn,23.402324676513672,0.6693241000175476,/root/autodl-fs/PAPER2/redcnn_autodl/save/REDCNN_100000iter.ckpt
9,8,redcnn,20.39222526550293,0.6247321963310242,/root/autodl-fs/PAPER2/redcnn_autodl/save/REDCNN_100000iter.ckpt
10,8,redcnn,20.51949691772461,0.6206936836242676,/root/autodl-fs/PAPER2/redcnn_autodl/save/REDCNN_100000iter.ckpt
11,8,redcnn,21.00750732421875,0.6171342134475708,/root/autodl-fs/PAPER2/redcnn_autodl/save/REDCNN_100000iter.ckpt
12,8,redcnn,21.966344833374023,0.6263490915298462,/root/autodl-fs/PAPER2/redcnn_autodl/save/REDCNN_100000iter.ckpt
13,8,redcnn,20.2596378326416,0.6209439635276794,/root/autodl-fs/PAPER2/redcnn_autodl/save/REDCNN_100000iter.ckpt
14,8,redcnn,20.726106643676758,0.5906223058700562,/root/autodl-fs/PAPER2/redcnn_autodl/save/REDCNN_100000iter.ckpt
15,8,redcnn,20.967330932617188,0.5909848809242249,/root/autodl-fs/PAPER2/redcnn_autodl/save/REDCNN_100000iter.ckpt
16,8,redcnn,20.652477264404297,0.6332417130470276,/root/autodl-fs/PAPER2/redcnn_autodl/save/REDCNN_100000iter.ckpt
17,8,redcnn,21.50836181640625,0.6519839763641357,/root/autodl-fs/PAPER2/redcnn_autodl/save/REDCNN_100000iter.ckpt
18,8,redcnn,19.984149932861328,0.5706106424331665,/root/autodl-fs/PAPER2/redcnn_autodl/save/REDCNN_100000iter.ckpt
19,8,redcnn,20.863725662231445,0.5922883749008179,/root/autodl-fs/PAPER2/redcnn_autodl/save/REDCNN_100000iter.ckpt
20,8,redcnn,20.133869171142578,0.5629035234451294,/root/autodl-fs/PAPER2/redcnn_autodl/save/REDCNN_100000iter.ckpt
21,8,redcnn,24.72060775756836,0.7015994191169739,/root/autodl-fs/PAPER2/redcnn_autodl/save/REDCNN_100000iter.ckpt
22,8,redcnn,23.356712341308594,0.6650071144104004,/root/autodl-fs/PAPER2/redcnn_autodl/save/REDCNN_100000iter.ckpt
23,8,redcnn,20.835159301757812,0.6185941100120544,/root/autodl-fs/PAPER2/redcnn_autodl/save/REDCNN_100000iter.ckpt
24,8,redcnn,20.025493621826172,0.584263026714325,/root/autodl-fs/PAPER2/redcnn_autodl/save/REDCNN_100000iter.ckpt
25,8,redcnn,20.82955551147461,0.5887637138366699,/root/autodl-fs/PAPER2/redcnn_autodl/save/REDCNN_100000iter.ckpt
26,8,redcnn,19.87737464904785,0.5970431566238403,/root/autodl-fs/PAPER2/redcnn_autodl/save/REDCNN_100000iter.ckpt
27,8,redcnn,21.01488494873047,0.5959173440933228,/root/autodl-fs/PAPER2/redcnn_autodl/save/REDCNN_100000iter.ckpt
28,8,redcnn,23.07600975036621,0.6636160612106323,/root/autodl-fs/PAPER2/redcnn_autodl/save/REDCNN_100000iter.ckpt
29,8,redcnn,20.7108154296875,0.6497066617012024,/root/autodl-fs/PAPER2/redcnn_autodl/save/REDCNN_100000iter.ckpt
30,8,redcnn,21.967172622680664,0.6789486408233643,/root/autodl-fs/PAPER2/redcnn_autodl/save/REDCNN_100000iter.ckpt
31,8,redcnn,20.164087295532227,0.6074068546295166,/root/autodl-fs/PAPER2/redcnn_autodl/save/REDCNN_100000iter.ckpt
32,8,redcnn,21.255319595336914,0.6219083070755005,/root/autodl-fs/PAPER2/redcnn_autodl/save/REDCNN_100000iter.ckpt
33,8,redcnn,20.882152557373047,0.5932435989379883,/root/autodl-fs/PAPER2/redcnn_autodl/save/REDCNN_100000iter.ckpt
34,8,redcnn,21.02301597595215,0.6233197450637817,/root/autodl-fs/PAPER2/redcnn_autodl/save/REDCNN_100000iter.ckpt
35,8,redcnn,21.015789031982422,0.5912721157073975,/root/autodl-fs/PAPER2/redcnn_autodl/save/REDCNN_100000iter.ckpt
36,8,redcnn,23.872480392456055,0.682705283164978,/root/autodl-fs/PAPER2/redcnn_autodl/save/REDCNN_100000iter.ckpt
37,8,redcnn,23.0277042388916,0.6489933729171753,/root/autodl-fs/PAPER2/redcnn_autodl/save/REDCNN_100000iter.ckpt
38,8,redcnn,20.280120849609375,0.6185568571090698,/root/autodl-fs/PAPER2/redcnn_autodl/save/REDCNN_100000iter.ckpt
39,8,redcnn,20.96620750427246,0.605897068977356,/root/autodl-fs/PAPER2/redcnn_autodl/save/REDCNN_100000iter.ckpt
40,8,redcnn,21.31545066833496,0.6213744282722473,/root/autodl-fs/PAPER2/redcnn_autodl/save/REDCNN_100000iter.ckpt
41,8,redcnn,21.14164161682129,0.6199220418930054,/root/autodl-fs/PAPER2/redcnn_autodl/save/REDCNN_100000iter.ckpt
42,8,redcnn,21.816099166870117,0.6494960188865662,/root/autodl-fs/PAPER2/redcnn_autodl/save/REDCNN_100000iter.ckpt
43,8,redcnn,23.093063354492188,0.6538610458374023,/root/autodl-fs/PAPER2/redcnn_autodl/save/REDCNN_100000iter.ckpt
44,8,redcnn,21.367935180664062,0.6474226117134094,/root/autodl-fs/PAPER2/redcnn_autodl/save/REDCNN_100000iter.ckpt
45,8,redcnn,20.332538604736328,0.602557361125946,/root/autodl-fs/PAPER2/redcnn_autodl/save/REDCNN_100000iter.ckpt
46,8,redcnn,20.800981521606445,0.6166942715644836,/root/autodl-fs/PAPER2/redcnn_autodl/save/REDCNN_100000iter.ckpt
47,8,redcnn,21.65963363647461,0.6432677507400513,/root/autodl-fs/PAPER2/redcnn_autodl/save/REDCNN_100000iter.ckpt
48,8,redcnn,25.463333129882812,0.7208468317985535,/root/autodl-fs/PAPER2/redcnn_autodl/save/REDCNN_100000iter.ckpt
49,8,redcnn,20.075397491455078,0.5970153212547302,/root/autodl-fs/PAPER2/redcnn_autodl/save/REDCNN_100000iter.ckpt
50,8,redcnn,22.787006378173828,0.6510602235794067,/root/autodl-fs/PAPER2/redcnn_autodl/save/REDCNN_100000iter.ckpt
51,8,redcnn,23.556821823120117,0.6818505525588989,/root/autodl-fs/PAPER2/redcnn_autodl/save/REDCNN_100000iter.ckpt
52,8,redcnn,20.941410064697266,0.6203877925872803,/root/autodl-fs/PAPER2/redcnn_autodl/save/REDCNN_100000iter.ckpt
53,8,redcnn,21.269445419311523,0.6591348648071289,/root/autodl-fs/PAPER2/redcnn_autodl/save/REDCNN_100000iter.ckpt
54,8,redcnn,20.477874755859375,0.6185082197189331,/root/autodl-fs/PAPER2/redcnn_autodl/save/REDCNN_100000iter.ckpt
55,8,redcnn,21.326934814453125,0.6188551187515259,/root/autodl-fs/PAPER2/redcnn_autodl/save/REDCNN_100000iter.ckpt
56,8,redcnn,20.614755630493164,0.5987377762794495,/root/autodl-fs/PAPER2/redcnn_autodl/save/REDCNN_100000iter.ckpt
57,8,redcnn,19.920032501220703,0.6002790927886963,/root/autodl-fs/PAPER2/redcnn_autodl/save/REDCNN_100000iter.ckpt
58,8,redcnn,20.199649810791016,0.5990091562271118,/root/autodl-fs/PAPER2/redcnn_autodl/save/REDCNN_100000iter.ckpt
59,8,redcnn,20.8806209564209,0.586309552192688,/root/autodl-fs/PAPER2/redcnn_autodl/save/REDCNN_100000iter.ckpt
60,8,redcnn,21.028053283691406,0.6163917183876038,/root/autodl-fs/PAPER2/redcnn_autodl/save/REDCNN_100000iter.ckpt
61,8,redcnn,20.818273544311523,0.6162372827529907,/root/autodl-fs/PAPER2/redcnn_autodl/save/REDCNN_100000iter.ckpt
62,8,redcnn,22.07364845275879,0.6895495057106018,/root/autodl-fs/PAPER2/redcnn_autodl/save/REDCNN_100000iter.ckpt
63,8,redcnn,20.764753341674805,0.6103500723838806,/root/autodl-fs/PAPER2/redcnn_autodl/save/REDCNN_100000iter.ckpt
64,8,redcnn,20.97879409790039,0.623672604560852,/root/autodl-fs/PAPER2/redcnn_autodl/save/REDCNN_100000iter.ckpt
65,8,redcnn,23.759145736694336,0.6783376932144165,/root/autodl-fs/PAPER2/redcnn_autodl/save/REDCNN_100000iter.ckpt
66,8,redcnn,25.301441192626953,0.7092227935791016,/root/autodl-fs/PAPER2/redcnn_autodl/save/REDCNN_100000iter.ckpt
67,8,redcnn,21.321630477905273,0.6324688196182251,/root/autodl-fs/PAPER2/redcnn_autodl/save/REDCNN_100000iter.ckpt
68,8,redcnn,22.93169403076172,0.6619410514831543,/root/autodl-fs/PAPER2/redcnn_autodl/save/REDCNN_100000iter.ckpt
69,8,redcnn,22.801921844482422,0.6418042182922363,/root/autodl-fs/PAPER2/redcnn_autodl/save/REDCNN_100000iter.ckpt
70,8,redcnn,20.357454299926758,0.618006706237793,/root/autodl-fs/PAPER2/redcnn_autodl/save/REDCNN_100000iter.ckpt
71,8,redcnn,20.085433959960938,0.6003804206848145,/root/autodl-fs/PAPER2/redcnn_autodl/save/REDCNN_100000iter.ckpt
72,8,redcnn,20.046785354614258,0.5635293126106262,/root/autodl-fs/PAPER2/redcnn_autodl/save/REDCNN_100000iter.ckpt
73,8,redcnn,25.662567138671875,0.7211712002754211,/root/autodl-fs/PAPER2/redcnn_autodl/save/REDCNN_100000iter.ckpt
74,8,redcnn,20.89063262939453,0.604192316532135,/root/autodl-fs/PAPER2/redcnn_autodl/save/REDCNN_100000iter.ckpt
75,8,redcnn,20.831384658813477,0.6143550872802734,/root/autodl-fs/PAPER2/redcnn_autodl/save/REDCNN_100000iter.ckpt
76,8,redcnn,25.285112380981445,0.7068382501602173,/root/autodl-fs/PAPER2/redcnn_autodl/save/REDCNN_100000iter.ckpt
77,8,redcnn,20.285480499267578,0.6183220744132996,/root/autodl-fs/PAPER2/redcnn_autodl/save/REDCNN_100000iter.ckpt
78,8,redcnn,20.106565475463867,0.6009789109230042,/root/autodl-fs/PAPER2/redcnn_autodl/save/REDCNN_100000iter.ckpt
79,8,redcnn,21.016178131103516,0.593104362487793,/root/autodl-fs/PAPER2/redcnn_autodl/save/REDCNN_100000iter.ckpt
80,8,redcnn,23.28940200805664,0.6618800759315491,/root/autodl-fs/PAPER2/redcnn_autodl/save/REDCNN_100000iter.ckpt
81,8,redcnn,21.750877380371094,0.6452538967132568,/root/autodl-fs/PAPER2/redcnn_autodl/save/REDCNN_100000iter.ckpt
82,8,redcnn,20.566938400268555,0.626358151435852,/root/autodl-fs/PAPER2/redcnn_autodl/save/REDCNN_100000iter.ckpt
83,8,redcnn,20.003524780273438,0.5688998699188232,/root/autodl-fs/PAPER2/redcnn_autodl/save/REDCNN_100000iter.ckpt
84,8,redcnn,20.27919578552246,0.6144596338272095,/root/autodl-fs/PAPER2/redcnn_autodl/save/REDCNN_100000iter.ckpt
85,8,redcnn,20.59755516052246,0.6318085193634033,/root/autodl-fs/PAPER2/redcnn_autodl/save/REDCNN_100000iter.ckpt
86,8,redcnn,20.403488159179688,0.6216528415679932,/root/autodl-fs/PAPER2/redcnn_autodl/save/REDCNN_100000iter.ckpt
87,8,redcnn,23.458328247070312,0.6708306074142456,/root/autodl-fs/PAPER2/redcnn_autodl/save/REDCNN_100000iter.ckpt
88,8,redcnn,23.43097496032715,0.6748826503753662,/root/autodl-fs/PAPER2/redcnn_autodl/save/REDCNN_100000iter.ckpt
89,8,redcnn,22.98855972290039,0.6548392176628113,/root/autodl-fs/PAPER2/redcnn_autodl/save/REDCNN_100000iter.ckpt
90,8,redcnn,21.188146591186523,0.6092109084129333,/root/autodl-fs/PAPER2/redcnn_autodl/save/REDCNN_100000iter.ckpt
91,8,redcnn,21.507396697998047,0.6262993812561035,/root/autodl-fs/PAPER2/redcnn_autodl/save/REDCNN_100000iter.ckpt
92,8,redcnn,21.72357749938965,0.644568920135498,/root/autodl-fs/PAPER2/redcnn_autodl/save/REDCNN_100000iter.ckpt
93,8,redcnn,20.902469635009766,0.5976487994194031,/root/autodl-fs/PAPER2/redcnn_autodl/save/REDCNN_100000iter.ckpt
94,8,redcnn,23.261520385742188,0.667357325553894,/root/autodl-fs/PAPER2/redcnn_autodl/save/REDCNN_100000iter.ckpt
95,8,redcnn,21.415374755859375,0.6124719381332397,/root/autodl-fs/PAPER2/redcnn_autodl/save/REDCNN_100000iter.ckpt
96,8,redcnn,20.307750701904297,0.5965515375137329,/root/autodl-fs/PAPER2/redcnn_autodl/save/REDCNN_100000iter.ckpt
97,8,redcnn,21.50475311279297,0.6242499351501465,/root/autodl-fs/PAPER2/redcnn_autodl/save/REDCNN_100000iter.ckpt
98,8,redcnn,20.267961502075195,0.6133488416671753,/root/autodl-fs/PAPER2/redcnn_autodl/save/REDCNN_100000iter.ckpt
99,8,redcnn,20.22464942932129,0.6195035576820374,/root/autodl-fs/PAPER2/redcnn_autodl/save/REDCNN_100000iter.ckpt
100,8,redcnn,20.555370330810547,0.6595771908760071,/root/autodl-fs/PAPER2/redcnn_autodl/save/REDCNN_100000iter.ckpt
101,8,redcnn,20.897329330444336,0.6250201463699341,/root/autodl-fs/PAPER2/redcnn_autodl/save/REDCNN_100000iter.ckpt
102,8,redcnn,20.41451644897461,0.6292547583580017,/root/autodl-fs/PAPER2/redcnn_autodl/save/REDCNN_100000iter.ckpt
103,8,redcnn,23.145732879638672,0.6543696522712708,/root/autodl-fs/PAPER2/redcnn_autodl/save/REDCNN_100000iter.ckpt
104,8,redcnn,20.097686767578125,0.602946400642395,/root/autodl-fs/PAPER2/redcnn_autodl/save/REDCNN_100000iter.ckpt
105,8,redcnn,23.068906784057617,0.6550604104995728,/root/autodl-fs/PAPER2/redcnn_autodl/save/REDCNN_100000iter.ckpt
106,8,redcnn,23.9615421295166,0.681538462638855,/root/autodl-fs/PAPER2/redcnn_autodl/save/REDCNN_100000iter.ckpt
107,8,redcnn,20.516347885131836,0.622480034828186,/root/autodl-fs/PAPER2/redcnn_autodl/save/REDCNN_100000iter.ckpt
108,8,redcnn,20.08415412902832,0.5814974308013916,/root/autodl-fs/PAPER2/redcnn_autodl/save/REDCNN_100000iter.ckpt
109,8,redcnn,23.569944381713867,0.6712089776992798,/root/autodl-fs/PAPER2/redcnn_autodl/save/REDCNN_100000iter.ckpt
110,8,redcnn,23.079940795898438,0.6484134197235107,/root/autodl-fs/PAPER2/redcnn_autodl/save/REDCNN_100000iter.ckpt
111,8,redcnn,20.20090103149414,0.6153779029846191,/root/autodl-fs/PAPER2/redcnn_autodl/save/REDCNN_100000iter.ckpt
112,8,redcnn,21.12287712097168,0.6053518652915955,/root/autodl-fs/PAPER2/redcnn_autodl/save/REDCNN_100000iter.ckpt
113,8,redcnn,20.561351776123047,0.6588548421859741,/root/autodl-fs/PAPER2/redcnn_autodl/save/REDCNN_100000iter.ckpt
114,8,redcnn,21.64586067199707,0.6650157570838928,/root/autodl-fs/PAPER2/redcnn_autodl/save/REDCNN_100000iter.ckpt
115,8,redcnn,21.349353790283203,0.622342586517334,/root/autodl-fs/PAPER2/redcnn_autodl/save/REDCNN_100000iter.ckpt
116,8,redcnn,21.92350196838379,0.6406497955322266,/root/autodl-fs/PAPER2/redcnn_autodl/save/REDCNN_100000iter.ckpt
117,8,redcnn,23.29952621459961,0.6607228517532349,/root/autodl-fs/PAPER2/redcnn_autodl/save/REDCNN_100000iter.ckpt
118,8,redcnn,20.593957901000977,0.6361416578292847,/root/autodl-fs/PAPER2/redcnn_autodl/save/REDCNN_100000iter.ckpt
119,8,redcnn,22.530319213867188,0.6547725200653076,/root/autodl-fs/PAPER2/redcnn_autodl/save/REDCNN_100000iter.ckpt
120,8,redcnn,20.045669555664062,0.5861514210700989,/root/autodl-fs/PAPER2/redcnn_autodl/save/REDCNN_100000iter.ckpt
121,8,redcnn,20.053577423095703,0.5693219900131226,/root/autodl-fs/PAPER2/redcnn_autodl/save/REDCNN_100000iter.ckpt
122,8,redcnn,20.021181106567383,0.5913485884666443,/root/autodl-fs/PAPER2/redcnn_autodl/save/REDCNN_100000iter.ckpt
123,8,redcnn,21.324121475219727,0.648098886013031,/root/autodl-fs/PAPER2/redcnn_autodl/save/REDCNN_100000iter.ckpt
124,8,redcnn,21.134552001953125,0.6292301416397095,/root/autodl-fs/PAPER2/redcnn_autodl/save/REDCNN_100000iter.ckpt
125,8,redcnn,21.91655158996582,0.637888491153717,/root/autodl-fs/PAPER2/redcnn_autodl/save/REDCNN_100000iter.ckpt
126,8,redcnn,23.129974365234375,0.6558946371078491,/root/autodl-fs/PAPER2/redcnn_autodl/save/REDCNN_100000iter.ckpt
127,8,redcnn,20.315715789794922,0.6190524101257324,/root/autodl-fs/PAPER2/redcnn_autodl/save/REDCNN_100000iter.ckpt
128,8,redcnn,20.500917434692383,0.625490665435791,/root/autodl-fs/PAPER2/redcnn_autodl/save/REDCNN_100000iter.ckpt
129,8,redcnn,21.57808494567871,0.6316982507705688,/root/autodl-fs/PAPER2/redcnn_autodl/save/REDCNN_100000iter.ckpt
130,8,redcnn,22.64917755126953,0.6414293050765991,/root/autodl-fs/PAPER2/redcnn_autodl/save/REDCNN_100000iter.ckpt
131,8,redcnn,23.012310028076172,0.654460608959198,/root/autodl-fs/PAPER2/redcnn_autodl/save/REDCNN_100000iter.ckpt
132,8,redcnn,21.16588592529297,0.6292176246643066,/root/autodl-fs/PAPER2/redcnn_autodl/save/REDCNN_100000iter.ckpt
133,8,redcnn,20.08071517944336,0.6114027500152588,/root/autodl-fs/PAPER2/redcnn_autodl/save/REDCNN_100000iter.ckpt
134,8,redcnn,21.098705291748047,0.6278349757194519,/root/autodl-fs/PAPER2/redcnn_autodl/save/REDCNN_100000iter.ckpt
135,8,redcnn,20.185199737548828,0.553773045539856,/root/autodl-fs/PAPER2/redcnn_autodl/save/REDCNN_100000iter.ckpt
136,8,redcnn,21.083175659179688,0.5954554677009583,/root/autodl-fs/PAPER2/redcnn_autodl/save/REDCNN_100000iter.ckpt
137,8,redcnn,20.22365951538086,0.5770360827445984,/root/autodl-fs/PAPER2/redcnn_autodl/save/REDCNN_100000iter.ckpt
138,8,redcnn,21.356801986694336,0.6334153413772583,/root/autodl-fs/PAPER2/redcnn_autodl/save/REDCNN_100000iter.ckpt
139,8,redcnn,23.067724227905273,0.6629836559295654,/root/autodl-fs/PAPER2/redcnn_autodl/save/REDCNN_100000iter.ckpt
140,8,redcnn,20.31255531311035,0.6071703433990479,/root/autodl-fs/PAPER2/redcnn_autodl/save/REDCNN_100000iter.ckpt
141,8,redcnn,22.752243041992188,0.6570219993591309,/root/autodl-fs/PAPER2/redcnn_autodl/save/REDCNN_100000iter.ckpt
142,8,redcnn,24.725616455078125,0.7007140517234802,/root/autodl-fs/PAPER2/redcnn_autodl/save/REDCNN_100000iter.ckpt
143,8,redcnn,20.855213165283203,0.6067497134208679,/root/autodl-fs/PAPER2/redcnn_autodl/save/REDCNN_100000iter.ckpt
144,8,redcnn,23.496994018554688,0.6789480447769165,/root/autodl-fs/PAPER2/redcnn_autodl/save/REDCNN_100000iter.ckpt
145,8,redcnn,23.358501434326172,0.6652423739433289,/root/autodl-fs/PAPER2/redcnn_autodl/save/REDCNN_100000iter.ckpt
146,8,redcnn,20.48875617980957,0.6167178153991699,/root/autodl-fs/PAPER2/redcnn_autodl/save/REDCNN_100000iter.ckpt
147,8,redcnn,21.222309112548828,0.6506355404853821,/root/autodl-fs/PAPER2/redcnn_autodl/save/REDCNN_100000iter.ckpt
148,8,redcnn,21.301679611206055,0.648280680179596,/root/autodl-fs/PAPER2/redcnn_autodl/save/REDCNN_100000iter.ckpt
149,8,redcnn,20.3734188079834,0.6165305376052856,/root/autodl-fs/PAPER2/redcnn_autodl/save/REDCNN_100000iter.ckpt
150,8,redcnn,20.376741409301758,0.5903931856155396,/root/autodl-fs/PAPER2/redcnn_autodl/save/REDCNN_100000iter.ckpt
151,8,redcnn,21.094688415527344,0.6070234775543213,/root/autodl-fs/PAPER2/redcnn_autodl/save/REDCNN_100000iter.ckpt
152,8,redcnn,21.692066192626953,0.6324652433395386,/root/autodl-fs/PAPER2/redcnn_autodl/save/REDCNN_100000iter.ckpt
153,8,redcnn,23.119028091430664,0.6584954261779785,/root/autodl-fs/PAPER2/redcnn_autodl/save/REDCNN_100000iter.ckpt
154,8,redcnn,21.334671020507812,0.5929772257804871,/root/autodl-fs/PAPER2/redcnn_autodl/save/REDCNN_100000iter.ckpt
155,8,redcnn,20.947551727294922,0.6258561611175537,/root/autodl-fs/PAPER2/redcnn_autodl/save/REDCNN_100000iter.ckpt
156,8,redcnn,21.156288146972656,0.6261630058288574,/root/autodl-fs/PAPER2/redcnn_autodl/save/REDCNN_100000iter.ckpt
157,8,redcnn,20.62100601196289,0.6292300820350647,/root/autodl-fs/PAPER2/redcnn_autodl/save/REDCNN_100000iter.ckpt
158,8,redcnn,20.27170181274414,0.5867159366607666,/root/autodl-fs/PAPER2/redcnn_autodl/save/REDCNN_100000iter.ckpt
159,8,redcnn,20.362316131591797,0.6251729726791382,/root/autodl-fs/PAPER2/redcnn_autodl/save/REDCNN_100000iter.ckpt
160,8,redcnn,21.359846115112305,0.6573497653007507,/root/autodl-fs/PAPER2/redcnn_autodl/save/REDCNN_100000iter.ckpt
161,8,redcnn,20.221542358398438,0.564660906791687,/root/autodl-fs/PAPER2/redcnn_autodl/save/REDCNN_100000iter.ckpt
162,8,redcnn,20.35482406616211,0.6073421239852905,/root/autodl-fs/PAPER2/redcnn_autodl/save/REDCNN_100000iter.ckpt
163,8,redcnn,20.580123901367188,0.6282032132148743,/root/autodl-fs/PAPER2/redcnn_autodl/save/REDCNN_100000iter.ckpt
164,8,redcnn,20.34005355834961,0.6055042147636414,/root/autodl-fs/PAPER2/redcnn_autodl/save/REDCNN_100000iter.ckpt
165,8,redcnn,20.611305236816406,0.6017708778381348,/root/autodl-fs/PAPER2/redcnn_autodl/save/REDCNN_100000iter.ckpt
166,8,redcnn,20.70884895324707,0.6025307774543762,/root/autodl-fs/PAPER2/redcnn_autodl/save/REDCNN_100000iter.ckpt
167,8,redcnn,22.810260772705078,0.6528792381286621,/root/autodl-fs/PAPER2/redcnn_autodl/save/REDCNN_100000iter.ckpt
168,8,redcnn,21.278995513916016,0.6190444231033325,/root/autodl-fs/PAPER2/redcnn_autodl/save/REDCNN_100000iter.ckpt
169,8,redcnn,19.9014949798584,0.5847176313400269,/root/autodl-fs/PAPER2/redcnn_autodl/save/REDCNN_100000iter.ckpt
170,8,redcnn,20.59137725830078,0.6081639528274536,/root/autodl-fs/PAPER2/redcnn_autodl/save/REDCNN_100000iter.ckpt
171,8,redcnn,23.51576805114746,0.6729210615158081,/root/autodl-fs/PAPER2/redcnn_autodl/save/REDCNN_100000iter.ckpt
172,8,redcnn,20.5032901763916,0.6082981824874878,/root/autodl-fs/PAPER2/redcnn_autodl/save/REDCNN_100000iter.ckpt
173,8,redcnn,25.80573272705078,0.7204777002334595,/root/autodl-fs/PAPER2/redcnn_autodl/save/REDCNN_100000iter.ckpt
174,8,redcnn,20.092472076416016,0.598919153213501,/root/autodl-fs/PAPER2/redcnn_autodl/save/REDCNN_100000iter.ckpt
175,8,redcnn,21.22443962097168,0.6595962047576904,/root/autodl-fs/PAPER2/redcnn_autodl/save/REDCNN_100000iter.ckpt
176,8,redcnn,20.286685943603516,0.5736161470413208,/root/autodl-fs/PAPER2/redcnn_autodl/save/REDCNN_100000iter.ckpt
177,8,redcnn,20.249488830566406,0.568402886390686,/root/autodl-fs/PAPER2/redcnn_autodl/save/REDCNN_100000iter.ckpt
178,8,redcnn,20.592750549316406,0.6261353492736816,/root/autodl-fs/PAPER2/redcnn_autodl/save/REDCNN_100000iter.ckpt
179,8,redcnn,20.756437301635742,0.6076403856277466,/root/autodl-fs/PAPER2/redcnn_autodl/save/REDCNN_100000iter.ckpt
180,8,redcnn,23.194034576416016,0.6648622155189514,/root/autodl-fs/PAPER2/redcnn_autodl/save/REDCNN_100000iter.ckpt
181,8,redcnn,21.4408016204834,0.614605188369751,/root/autodl-fs/PAPER2/redcnn_autodl/save/REDCNN_100000iter.ckpt
182,8,redcnn,20.401288986206055,0.6113898158073425,/root/autodl-fs/PAPER2/redcnn_autodl/save/REDCNN_100000iter.ckpt
183,8,redcnn,21.39051628112793,0.6347647905349731,/root/autodl-fs/PAPER2/redcnn_autodl/save/REDCNN_100000iter.ckpt
184,8,redcnn,25.522804260253906,0.7222355604171753,/root/autodl-fs/PAPER2/redcnn_autodl/save/REDCNN_100000iter.ckpt
185,8,redcnn,20.84714126586914,0.624091386795044,/root/autodl-fs/PAPER2/redcnn_autodl/save/REDCNN_100000iter.ckpt
186,8,redcnn,20.130155563354492,0.599177360534668,/root/autodl-fs/PAPER2/redcnn_autodl/save/REDCNN_100000iter.ckpt
187,8,redcnn,20.774394989013672,0.615526556968689,/root/autodl-fs/PAPER2/redcnn_autodl/save/REDCNN_100000iter.ckpt
188,8,redcnn,20.901123046875,0.5927722454071045,/root/autodl-fs/PAPER2/redcnn_autodl/save/REDCNN_100000iter.ckpt
189,8,redcnn,20.793312072753906,0.6066957116127014,/root/autodl-fs/PAPER2/redcnn_autodl/save/REDCNN_100000iter.ckpt
190,8,redcnn,21.347862243652344,0.6303045749664307,/root/autodl-fs/PAPER2/redcnn_autodl/save/REDCNN_100000iter.ckpt
191,8,redcnn,20.85919189453125,0.5830201506614685,/root/autodl-fs/PAPER2/redcnn_autodl/save/REDCNN_100000iter.ckpt
192,8,redcnn,23.062545776367188,0.661419689655304,/root/autodl-fs/PAPER2/redcnn_autodl/save/REDCNN_100000iter.ckpt
193,8,redcnn,21.47464942932129,0.6304246783256531,/root/autodl-fs/PAPER2/redcnn_autodl/save/REDCNN_100000iter.ckpt
194,8,redcnn,20.921676635742188,0.6155993342399597,/root/autodl-fs/PAPER2/redcnn_autodl/save/REDCNN_100000iter.ckpt
195,8,redcnn,20.637826919555664,0.6313573718070984,/root/autodl-fs/PAPER2/redcnn_autodl/save/REDCNN_100000iter.ckpt
196,8,redcnn,20.379274368286133,0.6058617234230042,/root/autodl-fs/PAPER2/redcnn_autodl/save/REDCNN_100000iter.ckpt
197,8,redcnn,20.924938201904297,0.5971863269805908,/root/autodl-fs/PAPER2/redcnn_autodl/save/REDCNN_100000iter.ckpt
198,8,redcnn,23.376895904541016,0.6682302355766296,/root/autodl-fs/PAPER2/redcnn_autodl/save/REDCNN_100000iter.ckpt
199,8,redcnn,21.06428337097168,0.6188029050827026,/root/autodl-fs/PAPER2/redcnn_autodl/save/REDCNN_100000iter.ckpt
0,8,dudotrans,31.753408381266382,0.8759422964256721,/autodl-fs/data/PAPER2/FH/dudotrans_autodl/results_paper_S8/models/view_045/best_val_psnr.pth.tar
1,8,dudotrans,31.826004943221022,0.8733390713169407,/autodl-fs/data/PAPER2/FH/dudotrans_autodl/results_paper_S8/models/view_045/best_val_psnr.pth.tar
2,8,dudotrans,33.494451119468266,0.9144426290126061,/autodl-fs/data/PAPER2/FH/dudotrans_autodl/results_paper_S8/models/view_045/best_val_psnr.pth.tar
3,8,dudotrans,33.73892082335872,0.9117544112287506,/autodl-fs/data/PAPER2/FH/dudotrans_autodl/results_paper_S8/models/view_045/best_val_psnr.pth.tar
4,8,dudotrans,33.77756466709459,0.9176305612545392,/autodl-fs/data/PAPER2/FH/dudotrans_autodl/results_paper_S8/models/view_045/best_val_psnr.pth.tar
5,8,dudotrans,32.73602831034008,0.8913430246505826,/autodl-fs/data/PAPER2/FH/dudotrans_autodl/results_paper_S8/models/view_045/best_val_psnr.pth.tar
6,8,dudotrans,33.44457075879883,0.8780461940183186,/autodl-fs/data/PAPER2/FH/dudotrans_autodl/results_paper_S8/models/view_045/best_val_psnr.pth.tar
7,8,dudotrans,32.91172319828567,0.9089002024740137,/autodl-fs/data/PAPER2/FH/dudotrans_autodl/results_paper_S8/models/view_045/best_val_psnr.pth.tar
8,8,dudotrans,32.43707592237777,0.8940668287439394,/autodl-fs/data/PAPER2/FH/dudotrans_autodl/results_paper_S8/models/view_045/best_val_psnr.pth.tar
9,8,dudotrans,32.660330266201726,0.9014875655749162,/autodl-fs/data/PAPER2/FH/dudotrans_autodl/results_paper_S8/models/view_045/best_val_psnr.pth.tar
10,8,dudotrans,32.72571183288513,0.9106966638490878,/autodl-fs/data/PAPER2/FH/dudotrans_autodl/results_paper_S8/models/view_045/best_val_psnr.pth.tar
11,8,dudotrans,31.99393275972493,0.8817613478443661,/autodl-fs/data/PAPER2/FH/dudotrans_autodl/results_paper_S8/models/view_045/best_val_psnr.pth.tar
12,8,dudotrans,32.86013516532369,0.8654236248301141,/autodl-fs/data/PAPER2/FH/dudotrans_autodl/results_paper_S8/models/view_045/best_val_psnr.pth.tar
13,8,dudotrans,32.68696096119192,0.8929420755186932,/autodl-fs/data/PAPER2/FH/dudotrans_autodl/results_paper_S8/models/view_045/best_val_psnr.pth.tar
14,8,dudotrans,31.87831889146604,0.8792443621430595,/autodl-fs/data/PAPER2/FH/dudotrans_autodl/results_paper_S8/models/view_045/best_val_psnr.pth.tar
15,8,dudotrans,31.46843358192789,0.8602674619541574,/autodl-fs/data/PAPER2/FH/dudotrans_autodl/results_paper_S8/models/view_045/best_val_psnr.pth.tar
16,8,dudotrans,32.53723203430336,0.8983387568737854,/autodl-fs/data/PAPER2/FH/dudotrans_autodl/results_paper_S8/models/view_045/best_val_psnr.pth.tar
17,8,dudotrans,33.669971733272476,0.9130153226591293,/autodl-fs/data/PAPER2/FH/dudotrans_autodl/results_paper_S8/models/view_045/best_val_psnr.pth.tar
18,8,dudotrans,31.320500465127118,0.861305514585224,/autodl-fs/data/PAPER2/FH/dudotrans_autodl/results_paper_S8/models/view_045/best_val_psnr.pth.tar
19,8,dudotrans,31.092063504701613,0.8584952292322646,/autodl-fs/data/PAPER2/FH/dudotrans_autodl/results_paper_S8/models/view_045/best_val_psnr.pth.tar
20,8,dudotrans,31.04059289522373,0.8560862093890138,/autodl-fs/data/PAPER2/FH/dudotrans_autodl/results_paper_S8/models/view_045/best_val_psnr.pth.tar
21,8,dudotrans,33.4762613971736,0.894573333955467,/autodl-fs/data/PAPER2/FH/dudotrans_autodl/results_paper_S8/models/view_045/best_val_psnr.pth.tar
22,8,dudotrans,32.40021081535541,0.8883870846249581,/autodl-fs/data/PAPER2/FH/dudotrans_autodl/results_paper_S8/models/view_045/best_val_psnr.pth.tar
23,8,dudotrans,32.11556554706921,0.8790630236502622,/autodl-fs/data/PAPER2/FH/dudotrans_autodl/results_paper_S8/models/view_045/best_val_psnr.pth.tar
24,8,dudotrans,31.982218395964047,0.8808692551763653,/autodl-fs/data/PAPER2/FH/dudotrans_autodl/results_paper_S8/models/view_045/best_val_psnr.pth.tar
25,8,dudotrans,32.110863616835424,0.8802962464365586,/autodl-fs/data/PAPER2/FH/dudotrans_autodl/results_paper_S8/models/view_045/best_val_psnr.pth.tar
26,8,dudotrans,31.897140383859714,0.8806893335728497,/autodl-fs/data/PAPER2/FH/dudotrans_autodl/results_paper_S8/models/view_045/best_val_psnr.pth.tar
27,8,dudotrans,32.119933065653235,0.874010878027197,/autodl-fs/data/PAPER2/FH/dudotrans_autodl/results_paper_S8/models/view_045/best_val_psnr.pth.tar
28,8,dudotrans,31.850111295625364,0.8801496460705089,/autodl-fs/data/PAPER2/FH/dudotrans_autodl/results_paper_S8/models/view_045/best_val_psnr.pth.tar
29,8,dudotrans,33.269837184616655,0.9002756743168105,/autodl-fs/data/PAPER2/FH/dudotrans_autodl/results_paper_S8/models/view_045/best_val_psnr.pth.tar
30,8,dudotrans,34.13695287909747,0.9192242555353453,/autodl-fs/data/PAPER2/FH/dudotrans_autodl/results_paper_S8/models/view_045/best_val_psnr.pth.tar
31,8,dudotrans,32.35436579690183,0.8801226824165198,/autodl-fs/data/PAPER2/FH/dudotrans_autodl/results_paper_S8/models/view_045/best_val_psnr.pth.tar
32,8,dudotrans,33.46393003399128,0.8819597841581942,/autodl-fs/data/PAPER2/FH/dudotrans_autodl/results_paper_S8/models/view_045/best_val_psnr.pth.tar
33,8,dudotrans,32.15617233397146,0.8816963679047314,/autodl-fs/data/PAPER2/FH/dudotrans_autodl/results_paper_S8/models/view_045/best_val_psnr.pth.tar
34,8,dudotrans,32.805111901698055,0.896001568434604,/autodl-fs/data/PAPER2/FH/dudotrans_autodl/results_paper_S8/models/view_045/best_val_psnr.pth.tar
35,8,dudotrans,31.46566797424264,0.861068927798478,/autodl-fs/data/PAPER2/FH/dudotrans_autodl/results_paper_S8/models/view_045/best_val_psnr.pth.tar
36,8,dudotrans,33.33344683262777,0.8924112431932686,/autodl-fs/data/PAPER2/FH/dudotrans_autodl/results_paper_S8/models/view_045/best_val_psnr.pth.tar
37,8,dudotrans,32.110210157170506,0.8793737643787456,/autodl-fs/data/PAPER2/FH/dudotrans_autodl/results_paper_S8/models/view_045/best_val_psnr.pth.tar
38,8,dudotrans,32.61498356533086,0.8928779088605887,/autodl-fs/data/PAPER2/FH/dudotrans_autodl/results_paper_S8/models/view_045/best_val_psnr.pth.tar
39,8,dudotrans,32.418168129568066,0.891957933509748,/autodl-fs/data/PAPER2/FH/dudotrans_autodl/results_paper_S8/models/view_045/best_val_psnr.pth.tar
40,8,dudotrans,33.42124546691658,0.8800668051210379,/autodl-fs/data/PAPER2/FH/dudotrans_autodl/results_paper_S8/models/view_045/best_val_psnr.pth.tar
41,8,dudotrans,32.3359635913031,0.8964473158208586,/autodl-fs/data/PAPER2/FH/dudotrans_autodl/results_paper_S8/models/view_045/best_val_psnr.pth.tar
42,8,dudotrans,32.900983000367944,0.9003029577170341,/autodl-fs/data/PAPER2/FH/dudotrans_autodl/results_paper_S8/models/view_045/best_val_psnr.pth.tar
43,8,dudotrans,31.664643948113422,0.8767326594428575,/autodl-fs/data/PAPER2/FH/dudotrans_autodl/results_paper_S8/models/view_045/best_val_psnr.pth.tar
44,8,dudotrans,33.53580201439844,0.91153598593996,/autodl-fs/data/PAPER2/FH/dudotrans_autodl/results_paper_S8/models/view_045/best_val_psnr.pth.tar
45,8,dudotrans,32.25720139195087,0.8910500562098025,/autodl-fs/data/PAPER2/FH/dudotrans_autodl/results_paper_S8/models/view_045/best_val_psnr.pth.tar
46,8,dudotrans,31.887199931493214,0.8747099629654238,/autodl-fs/data/PAPER2/FH/dudotrans_autodl/results_paper_S8/models/view_045/best_val_psnr.pth.tar
47,8,dudotrans,32.9573002664461,0.898840970109578,/autodl-fs/data/PAPER2/FH/dudotrans_autodl/results_paper_S8/models/view_045/best_val_psnr.pth.tar
48,8,dudotrans,33.80548955036162,0.8960634501369557,/autodl-fs/data/PAPER2/FH/dudotrans_autodl/results_paper_S8/models/view_045/best_val_psnr.pth.tar
49,8,dudotrans,31.826251710280236,0.8834413398887,/autodl-fs/data/PAPER2/FH/dudotrans_autodl/results_paper_S8/models/view_045/best_val_psnr.pth.tar
50,8,dudotrans,31.652238431806534,0.8742012736101596,/autodl-fs/data/PAPER2/FH/dudotrans_autodl/results_paper_S8/models/view_045/best_val_psnr.pth.tar
51,8,dudotrans,32.87133644883936,0.8915316827758922,/autodl-fs/data/PAPER2/FH/dudotrans_autodl/results_paper_S8/models/view_045/best_val_psnr.pth.tar
52,8,dudotrans,32.301031630520654,0.9055538295856032,/autodl-fs/data/PAPER2/FH/dudotrans_autodl/results_paper_S8/models/view_045/best_val_psnr.pth.tar
53,8,dudotrans,33.49611937748964,0.8857853130888959,/autodl-fs/data/PAPER2/FH/dudotrans_autodl/results_paper_S8/models/view_045/best_val_psnr.pth.tar
54,8,dudotrans,32.88758326276988,0.9105077872034539,/autodl-fs/data/PAPER2/FH/dudotrans_autodl/results_paper_S8/models/view_045/best_val_psnr.pth.tar
55,8,dudotrans,32.64996778415954,0.8933884937977271,/autodl-fs/data/PAPER2/FH/dudotrans_autodl/results_paper_S8/models/view_045/best_val_psnr.pth.tar
56,8,dudotrans,31.63021100883273,0.8740849200662263,/autodl-fs/data/PAPER2/FH/dudotrans_autodl/results_paper_S8/models/view_045/best_val_psnr.pth.tar
57,8,dudotrans,32.099608788146384,0.8855790621487496,/autodl-fs/data/PAPER2/FH/dudotrans_autodl/results_paper_S8/models/view_045/best_val_psnr.pth.tar
58,8,dudotrans,32.53203955633593,0.8930746803333328,/autodl-fs/data/PAPER2/FH/dudotrans_autodl/results_paper_S8/models/view_045/best_val_psnr.pth.tar
59,8,dudotrans,31.545255612051562,0.8606173473448933,/autodl-fs/data/PAPER2/FH/dudotrans_autodl/results_paper_S8/models/view_045/best_val_psnr.pth.tar
60,8,dudotrans,33.18180882624584,0.8975798765343875,/autodl-fs/data/PAPER2/FH/dudotrans_autodl/results_paper_S8/models/view_045/best_val_psnr.pth.tar
61,8,dudotrans,32.290940370529164,0.9035792332834863,/autodl-fs/data/PAPER2/FH/dudotrans_autodl/results_paper_S8/models/view_045/best_val_psnr.pth.tar
62,8,dudotrans,34.116215649420404,0.9221623262087307,/autodl-fs/data/PAPER2/FH/dudotrans_autodl/results_paper_S8/models/view_045/best_val_psnr.pth.tar
63,8,dudotrans,30.6766903193665,0.8492320344737213,/autodl-fs/data/PAPER2/FH/dudotrans_autodl/results_paper_S8/models/view_045/best_val_psnr.pth.tar
64,8,dudotrans,32.685030570193696,0.8951247240932728,/autodl-fs/data/PAPER2/FH/dudotrans_autodl/results_paper_S8/models/view_045/best_val_psnr.pth.tar
65,8,dudotrans,33.23532393666508,0.900428059158553,/autodl-fs/data/PAPER2/FH/dudotrans_autodl/results_paper_S8/models/view_045/best_val_psnr.pth.tar
66,8,dudotrans,33.4465099729166,0.8922707782370841,/autodl-fs/data/PAPER2/FH/dudotrans_autodl/results_paper_S8/models/view_045/best_val_psnr.pth.tar
67,8,dudotrans,32.91279272421051,0.8893866946021867,/autodl-fs/data/PAPER2/FH/dudotrans_autodl/results_paper_S8/models/view_045/best_val_psnr.pth.tar
68,8,dudotrans,31.711148939339306,0.8800714228186397,/autodl-fs/data/PAPER2/FH/dudotrans_autodl/results_paper_S8/models/view_045/best_val_psnr.pth.tar
69,8,dudotrans,31.93494061950018,0.8782921366579683,/autodl-fs/data/PAPER2/FH/dudotrans_autodl/results_paper_S8/models/view_045/best_val_psnr.pth.tar
70,8,dudotrans,32.55801421864702,0.8951294263156011,/autodl-fs/data/PAPER2/FH/dudotrans_autodl/results_paper_S8/models/view_045/best_val_psnr.pth.tar
71,8,dudotrans,32.217004432341,0.8840677736671083,/autodl-fs/data/PAPER2/FH/dudotrans_autodl/results_paper_S8/models/view_045/best_val_psnr.pth.tar
72,8,dudotrans,31.05812889837327,0.8593439716775947,/autodl-fs/data/PAPER2/FH/dudotrans_autodl/results_paper_S8/models/view_045/best_val_psnr.pth.tar
73,8,dudotrans,33.920723393743565,0.8927014293853803,/autodl-fs/data/PAPER2/FH/dudotrans_autodl/results_paper_S8/models/view_045/best_val_psnr.pth.tar
74,8,dudotrans,32.15644019121376,0.8921483965525843,/autodl-fs/data/PAPER2/FH/dudotrans_autodl/results_paper_S8/models/view_045/best_val_psnr.pth.tar
75,8,dudotrans,32.05056896675273,0.8732680437373411,/autodl-fs/data/PAPER2/FH/dudotrans_autodl/results_paper_S8/models/view_045/best_val_psnr.pth.tar
76,8,dudotrans,33.3389816304565,0.8911756351430757,/autodl-fs/data/PAPER2/FH/dudotrans_autodl/results_paper_S8/models/view_045/best_val_psnr.pth.tar
77,8,dudotrans,32.56927522558781,0.8913765529896948,/autodl-fs/data/PAPER2/FH/dudotrans_autodl/results_paper_S8/models/view_045/best_val_psnr.pth.tar
78,8,dudotrans,32.18117713789357,0.8907725943178483,/autodl-fs/data/PAPER2/FH/dudotrans_autodl/results_paper_S8/models/view_045/best_val_psnr.pth.tar
79,8,dudotrans,31.548474459413992,0.8630032508791975,/autodl-fs/data/PAPER2/FH/dudotrans_autodl/results_paper_S8/models/view_045/best_val_psnr.pth.tar
80,8,dudotrans,32.006832547102,0.8842796693412647,/autodl-fs/data/PAPER2/FH/dudotrans_autodl/results_paper_S8/models/view_045/best_val_psnr.pth.tar
81,8,dudotrans,32.75111359800277,0.8998470255947525,/autodl-fs/data/PAPER2/FH/dudotrans_autodl/results_paper_S8/models/view_045/best_val_psnr.pth.tar
82,8,dudotrans,32.90194952666973,0.9010155970173004,/autodl-fs/data/PAPER2/FH/dudotrans_autodl/results_paper_S8/models/view_045/best_val_psnr.pth.tar
83,8,dudotrans,31.265535597878777,0.8599556702674188,/autodl-fs/data/PAPER2/FH/dudotrans_autodl/results_paper_S8/models/view_045/best_val_psnr.pth.tar
84,8,dudotrans,32.42497209773488,0.8959918789370391,/autodl-fs/data/PAPER2/FH/dudotrans_autodl/results_paper_S8/models/view_045/best_val_psnr.pth.tar
85,8,dudotrans,32.76781599667801,0.8957555451220481,/autodl-fs/data/PAPER2/FH/dudotrans_autodl/results_paper_S8/models/view_045/best_val_psnr.pth.tar
86,8,dudotrans,32.411178091755616,0.8992797111910757,/autodl-fs/data/PAPER2/FH/dudotrans_autodl/results_paper_S8/models/view_045/best_val_psnr.pth.tar
87,8,dudotrans,32.435401509716044,0.8860887188863085,/autodl-fs/data/PAPER2/FH/dudotrans_autodl/results_paper_S8/models/view_045/best_val_psnr.pth.tar
88,8,dudotrans,32.342511167818024,0.8869745318560007,/autodl-fs/data/PAPER2/FH/dudotrans_autodl/results_paper_S8/models/view_045/best_val_psnr.pth.tar
89,8,dudotrans,32.24999230017745,0.8799676110477966,/autodl-fs/data/PAPER2/FH/dudotrans_autodl/results_paper_S8/models/view_045/best_val_psnr.pth.tar
90,8,dudotrans,31.979967619001258,0.8653272458164716,/autodl-fs/data/PAPER2/FH/dudotrans_autodl/results_paper_S8/models/view_045/best_val_psnr.pth.tar
91,8,dudotrans,32.84713398321782,0.8954606217843584,/autodl-fs/data/PAPER2/FH/dudotrans_autodl/results_paper_S8/models/view_045/best_val_psnr.pth.tar
92,8,dudotrans,32.889330708937834,0.9005110824484336,/autodl-fs/data/PAPER2/FH/dudotrans_autodl/results_paper_S8/models/view_045/best_val_psnr.pth.tar
93,8,dudotrans,31.614551916276593,0.8688353150799543,/autodl-fs/data/PAPER2/FH/dudotrans_autodl/results_paper_S8/models/view_045/best_val_psnr.pth.tar
94,8,dudotrans,32.008529402448204,0.8838216119080256,/autodl-fs/data/PAPER2/FH/dudotrans_autodl/results_paper_S8/models/view_045/best_val_psnr.pth.tar
95,8,dudotrans,32.38664513032812,0.8698244934217211,/autodl-fs/data/PAPER2/FH/dudotrans_autodl/results_paper_S8/models/view_045/best_val_psnr.pth.tar
96,8,dudotrans,32.54972325485399,0.8870978677111842,/autodl-fs/data/PAPER2/FH/dudotrans_autodl/results_paper_S8/models/view_045/best_val_psnr.pth.tar
97,8,dudotrans,33.37789984691188,0.876602872051875,/autodl-fs/data/PAPER2/FH/dudotrans_autodl/results_paper_S8/models/view_045/best_val_psnr.pth.tar
98,8,dudotrans,32.4687673539673,0.8985632866909012,/autodl-fs/data/PAPER2/FH/dudotrans_autodl/results_paper_S8/models/view_045/best_val_psnr.pth.tar
99,8,dudotrans,32.94512539985587,0.8952494335789818,/autodl-fs/data/PAPER2/FH/dudotrans_autodl/results_paper_S8/models/view_045/best_val_psnr.pth.tar
100,8,dudotrans,33.427162909611134,0.9113023565478406,/autodl-fs/data/PAPER2/FH/dudotrans_autodl/results_paper_S8/models/view_045/best_val_psnr.pth.tar
101,8,dudotrans,31.885395809791007,0.8762226621445418,/autodl-fs/data/PAPER2/FH/dudotrans_autodl/results_paper_S8/models/view_045/best_val_psnr.pth.tar
102,8,dudotrans,32.709906518257135,0.8926751404158259,/autodl-fs/data/PAPER2/FH/dudotrans_autodl/results_paper_S8/models/view_045/best_val_psnr.pth.tar
103,8,dudotrans,31.702798187649528,0.8750954545844992,/autodl-fs/data/PAPER2/FH/dudotrans_autodl/results_paper_S8/models/view_045/best_val_psnr.pth.tar
104,8,dudotrans,32.33699011633634,0.8852592688563081,/autodl-fs/data/PAPER2/FH/dudotrans_autodl/results_paper_S8/models/view_045/best_val_psnr.pth.tar
105,8,dudotrans,32.22549182979553,0.8825873811173759,/autodl-fs/data/PAPER2/FH/dudotrans_autodl/results_paper_S8/models/view_045/best_val_psnr.pth.tar
106,8,dudotrans,33.634105768459534,0.9006009099289506,/autodl-fs/data/PAPER2/FH/dudotrans_autodl/results_paper_S8/models/view_045/best_val_psnr.pth.tar
107,8,dudotrans,33.104663675509315,0.9017091909319785,/autodl-fs/data/PAPER2/FH/dudotrans_autodl/results_paper_S8/models/view_045/best_val_psnr.pth.tar
108,8,dudotrans,32.0868750190907,0.8789852363651892,/autodl-fs/data/PAPER2/FH/dudotrans_autodl/results_paper_S8/models/view_045/best_val_psnr.pth.tar
109,8,dudotrans,32.87207050092441,0.8965626044056697,/autodl-fs/data/PAPER2/FH/dudotrans_autodl/results_paper_S8/models/view_045/best_val_psnr.pth.tar
110,8,dudotrans,32.33270570663917,0.8854123355771362,/autodl-fs/data/PAPER2/FH/dudotrans_autodl/results_paper_S8/models/view_045/best_val_psnr.pth.tar
111,8,dudotrans,32.73497814902229,0.8965684832921875,/autodl-fs/data/PAPER2/FH/dudotrans_autodl/results_paper_S8/models/view_045/best_val_psnr.pth.tar
112,8,dudotrans,31.938594057425746,0.8760197040045635,/autodl-fs/data/PAPER2/FH/dudotrans_autodl/results_paper_S8/models/view_045/best_val_psnr.pth.tar
113,8,dudotrans,33.5404455915438,0.9117800765088099,/autodl-fs/data/PAPER2/FH/dudotrans_autodl/results_paper_S8/models/view_045/best_val_psnr.pth.tar
114,8,dudotrans,33.612880759275036,0.9162270705002962,/autodl-fs/data/PAPER2/FH/dudotrans_autodl/results_paper_S8/models/view_045/best_val_psnr.pth.tar
115,8,dudotrans,33.45693455675965,0.8791570913844984,/autodl-fs/data/PAPER2/FH/dudotrans_autodl/results_paper_S8/models/view_045/best_val_psnr.pth.tar
116,8,dudotrans,33.02607004458605,0.8737371692590099,/autodl-fs/data/PAPER2/FH/dudotrans_autodl/results_paper_S8/models/view_045/best_val_psnr.pth.tar
117,8,dudotrans,32.2442722806755,0.8799470949307749,/autodl-fs/data/PAPER2/FH/dudotrans_autodl/results_paper_S8/models/view_045/best_val_psnr.pth.tar
118,8,dudotrans,33.223788851993426,0.9037461623128203,/autodl-fs/data/PAPER2/FH/dudotrans_autodl/results_paper_S8/models/view_045/best_val_psnr.pth.tar
119,8,dudotrans,33.4466991461903,0.8700767997650206,/autodl-fs/data/PAPER2/FH/dudotrans_autodl/results_paper_S8/models/view_045/best_val_psnr.pth.tar
120,8,dudotrans,32.182272591421686,0.8826496540706309,/autodl-fs/data/PAPER2/FH/dudotrans_autodl/results_paper_S8/models/view_045/best_val_psnr.pth.tar
121,8,dudotrans,31.144043141093803,0.8599373932615717,/autodl-fs/data/PAPER2/FH/dudotrans_autodl/results_paper_S8/models/view_045/best_val_psnr.pth.tar
122,8,dudotrans,31.48603201430816,0.8725608187864914,/autodl-fs/data/PAPER2/FH/dudotrans_autodl/results_paper_S8/models/view_045/best_val_psnr.pth.tar
123,8,dudotrans,32.43679177916719,0.8932027990362643,/autodl-fs/data/PAPER2/FH/dudotrans_autodl/results_paper_S8/models/view_045/best_val_psnr.pth.tar
124,8,dudotrans,30.44840486860634,0.8498780140219083,/autodl-fs/data/PAPER2/FH/dudotrans_autodl/results_paper_S8/models/view_045/best_val_psnr.pth.tar
125,8,dudotrans,32.96125337992368,0.8723473570843217,/autodl-fs/data/PAPER2/FH/dudotrans_autodl/results_paper_S8/models/view_045/best_val_psnr.pth.tar
126,8,dudotrans,31.555396848979314,0.8683700831230178,/autodl-fs/data/PAPER2/FH/dudotrans_autodl/results_paper_S8/models/view_045/best_val_psnr.pth.tar
127,8,dudotrans,32.46442207953034,0.8990158320058873,/autodl-fs/data/PAPER2/FH/dudotrans_autodl/results_paper_S8/models/view_045/best_val_psnr.pth.tar
128,8,dudotrans,32.57107066632331,0.8934202965358412,/autodl-fs/data/PAPER2/FH/dudotrans_autodl/results_paper_S8/models/view_045/best_val_psnr.pth.tar
129,8,dudotrans,33.27786532428072,0.9013408211599594,/autodl-fs/data/PAPER2/FH/dudotrans_autodl/results_paper_S8/models/view_045/best_val_psnr.pth.tar
130,8,dudotrans,31.3263695401712,0.8748815153696287,/autodl-fs/data/PAPER2/FH/dudotrans_autodl/results_paper_S8/models/view_045/best_val_psnr.pth.tar
131,8,dudotrans,32.05626327776606,0.8836136438486901,/autodl-fs/data/PAPER2/FH/dudotrans_autodl/results_paper_S8/models/view_045/best_val_psnr.pth.tar
132,8,dudotrans,32.75521553090011,0.9062896526925737,/autodl-fs/data/PAPER2/FH/dudotrans_autodl/results_paper_S8/models/view_045/best_val_psnr.pth.tar
133,8,dudotrans,31.92051152719621,0.8917716753745745,/autodl-fs/data/PAPER2/FH/dudotrans_autodl/results_paper_S8/models/view_045/best_val_psnr.pth.tar
134,8,dudotrans,32.73523286676093,0.899005811747807,/autodl-fs/data/PAPER2/FH/dudotrans_autodl/results_paper_S8/models/view_045/best_val_psnr.pth.tar
135,8,dudotrans,30.844857734495143,0.8552245864695706,/autodl-fs/data/PAPER2/FH/dudotrans_autodl/results_paper_S8/models/view_045/best_val_psnr.pth.tar
136,8,dudotrans,32.56739138842245,0.8843406433885851,/autodl-fs/data/PAPER2/FH/dudotrans_autodl/results_paper_S8/models/view_045/best_val_psnr.pth.tar
137,8,dudotrans,31.645705736529123,0.8639013285062188,/autodl-fs/data/PAPER2/FH/dudotrans_autodl/results_paper_S8/models/view_045/best_val_psnr.pth.tar
138,8,dudotrans,33.01638783745412,0.8884147364556451,/autodl-fs/data/PAPER2/FH/dudotrans_autodl/results_paper_S8/models/view_045/best_val_psnr.pth.tar
139,8,dudotrans,32.37314396246421,0.8846855462677531,/autodl-fs/data/PAPER2/FH/dudotrans_autodl/results_paper_S8/models/view_045/best_val_psnr.pth.tar
140,8,dudotrans,32.62980306490692,0.8954863313686867,/autodl-fs/data/PAPER2/FH/dudotrans_autodl/results_paper_S8/models/view_045/best_val_psnr.pth.tar
141,8,dudotrans,31.51678332695443,0.8768694890458166,/autodl-fs/data/PAPER2/FH/dudotrans_autodl/results_paper_S8/models/view_045/best_val_psnr.pth.tar
142,8,dudotrans,33.6058690905063,0.8941611595078797,/autodl-fs/data/PAPER2/FH/dudotrans_autodl/results_paper_S8/models/view_045/best_val_psnr.pth.tar
143,8,dudotrans,31.68912081511104,0.877717718199923,/autodl-fs/data/PAPER2/FH/dudotrans_autodl/results_paper_S8/models/view_045/best_val_psnr.pth.tar
144,8,dudotrans,32.366717378136926,0.8893817601357035,/autodl-fs/data/PAPER2/FH/dudotrans_autodl/results_paper_S8/models/view_045/best_val_psnr.pth.tar
145,8,dudotrans,32.513554486180915,0.8843201864795434,/autodl-fs/data/PAPER2/FH/dudotrans_autodl/results_paper_S8/models/view_045/best_val_psnr.pth.tar
146,8,dudotrans,32.69583216758423,0.8973475187528467,/autodl-fs/data/PAPER2/FH/dudotrans_autodl/results_paper_S8/models/view_045/best_val_psnr.pth.tar
147,8,dudotrans,33.249661583107866,0.9107312668309213,/autodl-fs/data/PAPER2/FH/dudotrans_autodl/results_paper_S8/models/view_045/best_val_psnr.pth.tar
148,8,dudotrans,32.36568849719343,0.893192387384406,/autodl-fs/data/PAPER2/FH/dudotrans_autodl/results_paper_S8/models/view_045/best_val_psnr.pth.tar
149,8,dudotrans,32.61767023279952,0.9043454072143691,/autodl-fs/data/PAPER2/FH/dudotrans_autodl/results_paper_S8/models/view_045/best_val_psnr.pth.tar
150,8,dudotrans,31.052164361813595,0.8615706724194794,/autodl-fs/data/PAPER2/FH/dudotrans_autodl/results_paper_S8/models/view_045/best_val_psnr.pth.tar
151,8,dudotrans,32.03117276280786,0.8763187418689478,/autodl-fs/data/PAPER2/FH/dudotrans_autodl/results_paper_S8/models/view_045/best_val_psnr.pth.tar
152,8,dudotrans,33.177002583923134,0.8813294933241067,/autodl-fs/data/PAPER2/FH/dudotrans_autodl/results_paper_S8/models/view_045/best_val_psnr.pth.tar
153,8,dudotrans,32.080108167623635,0.8856545852232031,/autodl-fs/data/PAPER2/FH/dudotrans_autodl/results_paper_S8/models/view_045/best_val_psnr.pth.tar
154,8,dudotrans,31.65263282503004,0.8705102177284931,/autodl-fs/data/PAPER2/FH/dudotrans_autodl/results_paper_S8/models/view_045/best_val_psnr.pth.tar
155,8,dudotrans,32.15643826741549,0.8778521884371615,/autodl-fs/data/PAPER2/FH/dudotrans_autodl/results_paper_S8/models/view_045/best_val_psnr.pth.tar
156,8,dudotrans,32.083886766007154,0.8823509307325178,/autodl-fs/data/PAPER2/FH/dudotrans_autodl/results_paper_S8/models/view_045/best_val_psnr.pth.tar
157,8,dudotrans,32.391678022327085,0.8911557965965142,/autodl-fs/data/PAPER2/FH/dudotrans_autodl/results_paper_S8/models/view_045/best_val_psnr.pth.tar
158,8,dudotrans,32.14643525922338,0.8775415649107027,/autodl-fs/data/PAPER2/FH/dudotrans_autodl/results_paper_S8/models/view_045/best_val_psnr.pth.tar
159,8,dudotrans,32.98568843769286,0.9007970181173669,/autodl-fs/data/PAPER2/FH/dudotrans_autodl/results_paper_S8/models/view_045/best_val_psnr.pth.tar
160,8,dudotrans,32.46825209751006,0.8934441180123132,/autodl-fs/data/PAPER2/FH/dudotrans_autodl/results_paper_S8/models/view_045/best_val_psnr.pth.tar
161,8,dudotrans,30.976753355555267,0.8570569239221238,/autodl-fs/data/PAPER2/FH/dudotrans_autodl/results_paper_S8/models/view_045/best_val_psnr.pth.tar
162,8,dudotrans,32.37555668001872,0.8852060945778303,/autodl-fs/data/PAPER2/FH/dudotrans_autodl/results_paper_S8/models/view_045/best_val_psnr.pth.tar
163,8,dudotrans,32.96436043896897,0.9132502890932749,/autodl-fs/data/PAPER2/FH/dudotrans_autodl/results_paper_S8/models/view_045/best_val_psnr.pth.tar
164,8,dudotrans,32.780562180600924,0.8886694883139223,/autodl-fs/data/PAPER2/FH/dudotrans_autodl/results_paper_S8/models/view_045/best_val_psnr.pth.tar
165,8,dudotrans,31.666329331195797,0.8689701200334462,/autodl-fs/data/PAPER2/FH/dudotrans_autodl/results_paper_S8/models/view_045/best_val_psnr.pth.tar
166,8,dudotrans,31.26829739679888,0.8675373405957212,/autodl-fs/data/PAPER2/FH/dudotrans_autodl/results_paper_S8/models/view_045/best_val_psnr.pth.tar
167,8,dudotrans,31.659372250045653,0.8731351771677892,/autodl-fs/data/PAPER2/FH/dudotrans_autodl/results_paper_S8/models/view_045/best_val_psnr.pth.tar
168,8,dudotrans,33.200283003788606,0.8775023178438828,/autodl-fs/data/PAPER2/FH/dudotrans_autodl/results_paper_S8/models/view_045/best_val_psnr.pth.tar
169,8,dudotrans,31.8035239038873,0.8795623519620462,/autodl-fs/data/PAPER2/FH/dudotrans_autodl/results_paper_S8/models/view_045/best_val_psnr.pth.tar
170,8,dudotrans,31.343629812520657,0.8724069375972866,/autodl-fs/data/PAPER2/FH/dudotrans_autodl/results_paper_S8/models/view_045/best_val_psnr.pth.tar
171,8,dudotrans,32.728699868241414,0.8944098026155346,/autodl-fs/data/PAPER2/FH/dudotrans_autodl/results_paper_S8/models/view_045/best_val_psnr.pth.tar
172,8,dudotrans,32.2176730121097,0.8835795923802446,/autodl-fs/data/PAPER2/FH/dudotrans_autodl/results_paper_S8/models/view_045/best_val_psnr.pth.tar
173,8,dudotrans,34.03819786691274,0.8927468989459288,/autodl-fs/data/PAPER2/FH/dudotrans_autodl/results_paper_S8/models/view_045/best_val_psnr.pth.tar
174,8,dudotrans,32.21029135889718,0.8881662677333434,/autodl-fs/data/PAPER2/FH/dudotrans_autodl/results_paper_S8/models/view_045/best_val_psnr.pth.tar
175,8,dudotrans,33.56420385341694,0.8846952944257397,/autodl-fs/data/PAPER2/FH/dudotrans_autodl/results_paper_S8/models/view_045/best_val_psnr.pth.tar
176,8,dudotrans,31.519792728790645,0.8618539984082423,/autodl-fs/data/PAPER2/FH/dudotrans_autodl/results_paper_S8/models/view_045/best_val_psnr.pth.tar
177,8,dudotrans,31.20751481891493,0.8588327977114485,/autodl-fs/data/PAPER2/FH/dudotrans_autodl/results_paper_S8/models/view_045/best_val_psnr.pth.tar
178,8,dudotrans,32.960954643743314,0.9011304269537659,/autodl-fs/data/PAPER2/FH/dudotrans_autodl/results_paper_S8/models/view_045/best_val_psnr.pth.tar
179,8,dudotrans,32.097192184906575,0.8735237612011584,/autodl-fs/data/PAPER2/FH/dudotrans_autodl/results_paper_S8/models/view_045/best_val_psnr.pth.tar
180,8,dudotrans,31.904277081450843,0.8808215095024251,/autodl-fs/data/PAPER2/FH/dudotrans_autodl/results_paper_S8/models/view_045/best_val_psnr.pth.tar
181,8,dudotrans,32.24276446240669,0.8672564425975523,/autodl-fs/data/PAPER2/FH/dudotrans_autodl/results_paper_S8/models/view_045/best_val_psnr.pth.tar
182,8,dudotrans,32.35292201024255,0.8855981267181461,/autodl-fs/data/PAPER2/FH/dudotrans_autodl/results_paper_S8/models/view_045/best_val_psnr.pth.tar
183,8,dudotrans,32.146807379702636,0.8801941452076563,/autodl-fs/data/PAPER2/FH/dudotrans_autodl/results_paper_S8/models/view_045/best_val_psnr.pth.tar
184,8,dudotrans,33.762187775153286,0.8953597725553332,/autodl-fs/data/PAPER2/FH/dudotrans_autodl/results_paper_S8/models/view_045/best_val_psnr.pth.tar
185,8,dudotrans,31.694202020143557,0.8766297586888238,/autodl-fs/data/PAPER2/FH/dudotrans_autodl/results_paper_S8/models/view_045/best_val_psnr.pth.tar
186,8,dudotrans,32.06833995558854,0.8852147521164918,/autodl-fs/data/PAPER2/FH/dudotrans_autodl/results_paper_S8/models/view_045/best_val_psnr.pth.tar
187,8,dudotrans,32.000483838406936,0.8764586128204119,/autodl-fs/data/PAPER2/FH/dudotrans_autodl/results_paper_S8/models/view_045/best_val_psnr.pth.tar
188,8,dudotrans,31.39405424885702,0.8652697136149363,/autodl-fs/data/PAPER2/FH/dudotrans_autodl/results_paper_S8/models/view_045/best_val_psnr.pth.tar
189,8,dudotrans,31.665948832044315,0.8762254330977124,/autodl-fs/data/PAPER2/FH/dudotrans_autodl/results_paper_S8/models/view_045/best_val_psnr.pth.tar
190,8,dudotrans,31.90130805674295,0.8819612611741964,/autodl-fs/data/PAPER2/FH/dudotrans_autodl/results_paper_S8/models/view_045/best_val_psnr.pth.tar
191,8,dudotrans,31.95622505943812,0.8683665385459668,/autodl-fs/data/PAPER2/FH/dudotrans_autodl/results_paper_S8/models/view_045/best_val_psnr.pth.tar
192,8,dudotrans,31.75942179324747,0.8811655868095734,/autodl-fs/data/PAPER2/FH/dudotrans_autodl/results_paper_S8/models/view_045/best_val_psnr.pth.tar
193,8,dudotrans,33.1466124641759,0.8836917691709468,/autodl-fs/data/PAPER2/FH/dudotrans_autodl/results_paper_S8/models/view_045/best_val_psnr.pth.tar
194,8,dudotrans,33.12615937221197,0.8806612026994063,/autodl-fs/data/PAPER2/FH/dudotrans_autodl/results_paper_S8/models/view_045/best_val_psnr.pth.tar
195,8,dudotrans,32.260388786096776,0.895595741030557,/autodl-fs/data/PAPER2/FH/dudotrans_autodl/results_paper_S8/models/view_045/best_val_psnr.pth.tar
196,8,dudotrans,32.00363744607731,0.8813640132506849,/autodl-fs/data/PAPER2/FH/dudotrans_autodl/results_paper_S8/models/view_045/best_val_psnr.pth.tar
197,8,dudotrans,31.48309779722768,0.8666300098893185,/autodl-fs/data/PAPER2/FH/dudotrans_autodl/results_paper_S8/models/view_045/best_val_psnr.pth.tar
198,8,dudotrans,32.343626329193455,0.892486517299422,/autodl-fs/data/PAPER2/FH/dudotrans_autodl/results_paper_S8/models/view_045/best_val_psnr.pth.tar
199,8,dudotrans,31.9686678668284,0.88159503725694,/autodl-fs/data/PAPER2/FH/dudotrans_autodl/results_paper_S8/models/view_045/best_val_psnr.pth.tar
0,8,cascade,30.890945434570312,0.8460285663604736,weights/cascade_original_S8.pth
1,8,cascade,30.510168075561523,0.8355826735496521,weights/cascade_original_S8.pth
2,8,cascade,33.353965759277344,0.8943199515342712,weights/cascade_original_S8.pth
3,8,cascade,32.202274322509766,0.8869373798370361,weights/cascade_original_S8.pth
4,8,cascade,33.64086151123047,0.8974399566650391,weights/cascade_original_S8.pth
5,8,cascade,31.775676727294922,0.8715811371803284,weights/cascade_original_S8.pth
6,8,cascade,31.824359893798828,0.8308292627334595,weights/cascade_original_S8.pth
7,8,cascade,31.29927635192871,0.872594952583313,weights/cascade_original_S8.pth
8,8,cascade,31.318058013916016,0.8698936104774475,weights/cascade_original_S8.pth
9,8,cascade,32.51103973388672,0.8853110074996948,weights/cascade_original_S8.pth
10,8,cascade,32.590824127197266,0.8891361951828003,weights/cascade_original_S8.pth
11,8,cascade,30.403615951538086,0.8362219333648682,weights/cascade_original_S8.pth
12,8,cascade,31.259984970092773,0.789846658706665,weights/cascade_original_S8.pth
13,8,cascade,31.457687377929688,0.8642579913139343,weights/cascade_original_S8.pth
14,8,cascade,29.21758460998535,0.8184359073638916,weights/cascade_original_S8.pth
15,8,cascade,30.527881622314453,0.815575122833252,weights/cascade_original_S8.pth
16,8,cascade,32.51620864868164,0.8867803812026978,weights/cascade_original_S8.pth
17,8,cascade,33.066532135009766,0.8855279684066772,weights/cascade_original_S8.pth
18,8,cascade,29.098424911499023,0.8190159201622009,weights/cascade_original_S8.pth
19,8,cascade,30.413806915283203,0.8234390020370483,weights/cascade_original_S8.pth
20,8,cascade,31.001893997192383,0.8361952900886536,weights/cascade_original_S8.pth
21,8,cascade,32.524131774902344,0.8556392192840576,weights/cascade_original_S8.pth
22,8,cascade,31.778127670288086,0.8765531778335571,weights/cascade_original_S8.pth
23,8,cascade,30.404048919677734,0.8364351987838745,weights/cascade_original_S8.pth
24,8,cascade,30.785587310791016,0.8457122445106506,weights/cascade_original_S8.pth
25,8,cascade,31.308292388916016,0.8368114829063416,weights/cascade_original_S8.pth
26,8,cascade,31.07013702392578,0.8538941144943237,weights/cascade_original_S8.pth
27,8,cascade,31.354761123657227,0.8328314423561096,weights/cascade_original_S8.pth
28,8,cascade,30.65435791015625,0.8598605990409851,weights/cascade_original_S8.pth
29,8,cascade,29.90642547607422,0.8526536226272583,weights/cascade_original_S8.pth
30,8,cascade,33.84867858886719,0.8892788887023926,weights/cascade_original_S8.pth
31,8,cascade,31.47597312927246,0.8505696654319763,weights/cascade_original_S8.pth
32,8,cascade,31.570274353027344,0.8338496685028076,weights/cascade_original_S8.pth
33,8,cascade,31.26830291748047,0.8365046381950378,weights/cascade_original_S8.pth
34,8,cascade,30.975934982299805,0.8585703372955322,weights/cascade_original_S8.pth
35,8,cascade,30.42518424987793,0.8221897482872009,weights/cascade_original_S8.pth
36,8,cascade,30.95838165283203,0.8601298332214355,weights/cascade_original_S8.pth
37,8,cascade,32.29887390136719,0.8802934885025024,weights/cascade_original_S8.pth
38,8,cascade,31.347347259521484,0.8601853847503662,weights/cascade_original_S8.pth
39,8,cascade,30.291263580322266,0.8463792204856873,weights/cascade_original_S8.pth
40,8,cascade,31.672435760498047,0.8306219577789307,weights/cascade_original_S8.pth
41,8,cascade,30.951892852783203,0.859743595123291,weights/cascade_original_S8.pth
42,8,cascade,32.84090805053711,0.8721268177032471,weights/cascade_original_S8.pth
43,8,cascade,31.408355712890625,0.8722923994064331,weights/cascade_original_S8.pth
44,8,cascade,33.20921325683594,0.8867485523223877,weights/cascade_original_S8.pth
45,8,cascade,31.528564453125,0.8611341714859009,weights/cascade_original_S8.pth
46,8,cascade,30.888134002685547,0.8403970003128052,weights/cascade_original_S8.pth
47,8,cascade,32.288429260253906,0.8650749921798706,weights/cascade_original_S8.pth
48,8,cascade,32.57725143432617,0.8498170375823975,weights/cascade_original_S8.pth
49,8,cascade,28.965801239013672,0.8338356614112854,weights/cascade_original_S8.pth
50,8,cascade,31.79783058166504,0.8712807893753052,weights/cascade_original_S8.pth
51,8,cascade,32.44735336303711,0.8598657846450806,weights/cascade_original_S8.pth
52,8,cascade,30.05720329284668,0.8704258799552917,weights/cascade_original_S8.pth
53,8,cascade,31.736814498901367,0.8331761360168457,weights/cascade_original_S8.pth
54,8,cascade,32.50478744506836,0.8872742056846619,weights/cascade_original_S8.pth
55,8,cascade,31.820053100585938,0.8518210053443909,weights/cascade_original_S8.pth
56,8,cascade,30.422565460205078,0.8350294828414917,weights/cascade_original_S8.pth
57,8,cascade,31.216508865356445,0.8578810691833496,weights/cascade_original_S8.pth
58,8,cascade,31.795244216918945,0.8702374696731567,weights/cascade_original_S8.pth
59,8,cascade,30.553857803344727,0.8143708109855652,weights/cascade_original_S8.pth
60,8,cascade,31.815805435180664,0.8565611243247986,weights/cascade_original_S8.pth
61,8,cascade,31.978206634521484,0.8831773996353149,weights/cascade_original_S8.pth
62,8,cascade,34.04306411743164,0.8949378132820129,weights/cascade_original_S8.pth
63,8,cascade,29.326353073120117,0.8275202512741089,weights/cascade_original_S8.pth
64,8,cascade,31.799972534179688,0.8648089170455933,weights/cascade_original_S8.pth
65,8,cascade,31.57083511352539,0.8723037242889404,weights/cascade_original_S8.pth
66,8,cascade,32.43865203857422,0.8462657928466797,weights/cascade_original_S8.pth
67,8,cascade,31.78464698791504,0.8435771465301514,weights/cascade_original_S8.pth
68,8,cascade,32.17255783081055,0.8769719004631042,weights/cascade_original_S8.pth
69,8,cascade,31.836336135864258,0.8761438131332397,weights/cascade_original_S8.pth
70,8,cascade,31.47399139404297,0.8675156831741333,weights/cascade_original_S8.pth
71,8,cascade,30.404903411865234,0.8488237857818604,weights/cascade_original_S8.pth
72,8,cascade,30.854236602783203,0.8393269777297974,weights/cascade_original_S8.pth
73,8,cascade,32.345489501953125,0.839157223701477,weights/cascade_original_S8.pth
74,8,cascade,31.355072021484375,0.8585655093193054,weights/cascade_original_S8.pth
75,8,cascade,30.741329193115234,0.8313004970550537,weights/cascade_original_S8.pth
76,8,cascade,32.43055725097656,0.844427227973938,weights/cascade_original_S8.pth
77,8,cascade,31.55298614501953,0.8604311943054199,weights/cascade_original_S8.pth
78,8,cascade,31.219493865966797,0.8594461679458618,weights/cascade_original_S8.pth
79,8,cascade,30.730976104736328,0.8258744478225708,weights/cascade_original_S8.pth
80,8,cascade,30.719621658325195,0.8649705648422241,weights/cascade_original_S8.pth
81,8,cascade,32.646568298339844,0.8714126944541931,weights/cascade_original_S8.pth
82,8,cascade,31.94034767150879,0.8719903230667114,weights/cascade_original_S8.pth
83,8,cascade,29.460243225097656,0.8195751905441284,weights/cascade_original_S8.pth
84,8,cascade,32.45610046386719,0.8843828439712524,weights/cascade_original_S8.pth
85,8,cascade,31.768444061279297,0.8714335560798645,weights/cascade_original_S8.pth
86,8,cascade,32.42485427856445,0.8859686851501465,weights/cascade_original_S8.pth
87,8,cascade,32.40420913696289,0.8575703501701355,weights/cascade_original_S8.pth
88,8,cascade,32.61322784423828,0.8757710456848145,weights/cascade_original_S8.pth
89,8,cascade,32.560909271240234,0.8803591132164001,weights/cascade_original_S8.pth
90,8,cascade,30.622344970703125,0.8150458335876465,weights/cascade_original_S8.pth
91,8,cascade,32.52238845825195,0.8602681756019592,weights/cascade_original_S8.pth
92,8,cascade,32.62136459350586,0.8707619905471802,weights/cascade_original_S8.pth
93,8,cascade,30.847463607788086,0.838320255279541,weights/cascade_original_S8.pth
94,8,cascade,32.4727897644043,0.8799446821212769,weights/cascade_original_S8.pth
95,8,cascade,31.51156997680664,0.8221073150634766,weights/cascade_original_S8.pth
96,8,cascade,30.94810676574707,0.8523894548416138,weights/cascade_original_S8.pth
97,8,cascade,31.302080154418945,0.82590651512146,weights/cascade_original_S8.pth
98,8,cascade,32.579654693603516,0.8854889869689941,weights/cascade_original_S8.pth
99,8,cascade,30.652925491333008,0.8567288517951965,weights/cascade_original_S8.pth
100,8,cascade,32.30595779418945,0.8940248489379883,weights/cascade_original_S8.pth
101,8,cascade,30.919349670410156,0.8388088941574097,weights/cascade_original_S8.pth
102,8,cascade,31.70468521118164,0.8698221445083618,weights/cascade_original_S8.pth
103,8,cascade,31.139545440673828,0.8694242835044861,weights/cascade_original_S8.pth
104,8,cascade,31.303630828857422,0.8578000068664551,weights/cascade_original_S8.pth
105,8,cascade,31.715116500854492,0.8767373561859131,weights/cascade_original_S8.pth
106,8,cascade,33.577232360839844,0.8835498690605164,weights/cascade_original_S8.pth
107,8,cascade,31.99016571044922,0.8704493045806885,weights/cascade_original_S8.pth
108,8,cascade,31.236061096191406,0.8494877815246582,weights/cascade_original_S8.pth
109,8,cascade,32.57440948486328,0.8815693855285645,weights/cascade_original_S8.pth
110,8,cascade,32.423641204833984,0.8798415660858154,weights/cascade_original_S8.pth
111,8,cascade,32.172523498535156,0.8728713393211365,weights/cascade_original_S8.pth
112,8,cascade,31.007423400878906,0.8383947610855103,weights/cascade_original_S8.pth
113,8,cascade,32.231231689453125,0.8914187550544739,weights/cascade_original_S8.pth
114,8,cascade,33.509220123291016,0.8967522382736206,weights/cascade_original_S8.pth
115,8,cascade,31.72708511352539,0.8304624557495117,weights/cascade_original_S8.pth
116,8,cascade,30.068166732788086,0.7967545986175537,weights/cascade_original_S8.pth
117,8,cascade,29.773881912231445,0.8259841203689575,weights/cascade_original_S8.pth
118,8,cascade,31.724346160888672,0.8740924596786499,weights/cascade_original_S8.pth
119,8,cascade,31.325815200805664,0.8014936447143555,weights/cascade_original_S8.pth
120,8,cascade,30.94049644470215,0.8496091961860657,weights/cascade_original_S8.pth
121,8,cascade,30.754507064819336,0.8359125852584839,weights/cascade_original_S8.pth
122,8,cascade,30.558263778686523,0.8386583924293518,weights/cascade_original_S8.pth
123,8,cascade,31.4528865814209,0.859468936920166,weights/cascade_original_S8.pth
124,8,cascade,30.746641159057617,0.8389161825180054,weights/cascade_original_S8.pth
125,8,cascade,30.674312591552734,0.7988040447235107,weights/cascade_original_S8.pth
126,8,cascade,31.34271812438965,0.8713278770446777,weights/cascade_original_S8.pth
127,8,cascade,31.859207153320312,0.877547562122345,weights/cascade_original_S8.pth
128,8,cascade,31.511276245117188,0.8669590353965759,weights/cascade_original_S8.pth
129,8,cascade,32.0023307800293,0.8566960692405701,weights/cascade_original_S8.pth
130,8,cascade,30.572946548461914,0.8645808100700378,weights/cascade_original_S8.pth
131,8,cascade,32.4990234375,0.8834140300750732,weights/cascade_original_S8.pth
132,8,cascade,32.4448356628418,0.8856496810913086,weights/cascade_original_S8.pth
133,8,cascade,31.304058074951172,0.8734943270683289,weights/cascade_original_S8.pth
134,8,cascade,30.887849807739258,0.8567041158676147,weights/cascade_original_S8.pth
135,8,cascade,30.657663345336914,0.8262532353401184,weights/cascade_original_S8.pth
136,8,cascade,31.688098907470703,0.8368874788284302,weights/cascade_original_S8.pth
137,8,cascade,31.21939468383789,0.8402752876281738,weights/cascade_original_S8.pth
138,8,cascade,31.89946746826172,0.8400864601135254,weights/cascade_original_S8.pth
139,8,cascade,32.35002899169922,0.875105082988739,weights/cascade_original_S8.pth
140,8,cascade,32.024269104003906,0.8710916042327881,weights/cascade_original_S8.pth
141,8,cascade,32.18693542480469,0.878681480884552,weights/cascade_original_S8.pth
142,8,cascade,32.659610748291016,0.8564373850822449,weights/cascade_original_S8.pth
143,8,cascade,30.71401596069336,0.8372085690498352,weights/cascade_original_S8.pth
144,8,cascade,32.655269622802734,0.8767061829566956,weights/cascade_original_S8.pth
145,8,cascade,31.944149017333984,0.8750295639038086,weights/cascade_original_S8.pth
146,8,cascade,32.21272277832031,0.8796921968460083,weights/cascade_original_S8.pth
147,8,cascade,32.9744987487793,0.8876123428344727,weights/cascade_original_S8.pth
148,8,cascade,31.501293182373047,0.8592325448989868,weights/cascade_original_S8.pth
149,8,cascade,32.25566482543945,0.8840358853340149,weights/cascade_original_S8.pth
150,8,cascade,31.369245529174805,0.8478373289108276,weights/cascade_original_S8.pth
151,8,cascade,31.147916793823242,0.8401001691818237,weights/cascade_original_S8.pth
152,8,cascade,31.490158081054688,0.8178473711013794,weights/cascade_original_S8.pth
153,8,cascade,31.862953186035156,0.8775165677070618,weights/cascade_original_S8.pth
154,8,cascade,31.139162063598633,0.8239606618881226,weights/cascade_original_S8.pth
155,8,cascade,31.09926414489746,0.8413720726966858,weights/cascade_original_S8.pth
156,8,cascade,30.87116241455078,0.8493826389312744,weights/cascade_original_S8.pth
157,8,cascade,31.57605743408203,0.8666973114013672,weights/cascade_original_S8.pth
158,8,cascade,29.989158630371094,0.8279198408126831,weights/cascade_original_S8.pth
159,8,cascade,30.930137634277344,0.863978922367096,weights/cascade_original_S8.pth
160,8,cascade,31.60823631286621,0.8563690781593323,weights/cascade_original_S8.pth
161,8,cascade,30.912010192871094,0.8317723274230957,weights/cascade_original_S8.pth
162,8,cascade,31.00194549560547,0.8522228002548218,weights/cascade_original_S8.pth
163,8,cascade,32.81150817871094,0.8930468559265137,weights/cascade_original_S8.pth
164,8,cascade,31.635114669799805,0.861662745475769,weights/cascade_original_S8.pth
165,8,cascade,30.644027709960938,0.8327745199203491,weights/cascade_original_S8.pth
166,8,cascade,30.562923431396484,0.8372936844825745,weights/cascade_original_S8.pth
167,8,cascade,31.71295928955078,0.8693410158157349,weights/cascade_original_S8.pth
168,8,cascade,31.718244552612305,0.8307482600212097,weights/cascade_original_S8.pth
169,8,cascade,30.681312561035156,0.8515142202377319,weights/cascade_original_S8.pth
170,8,cascade,29.933475494384766,0.8336597681045532,weights/cascade_original_S8.pth
171,8,cascade,32.11177062988281,0.8760286569595337,weights/cascade_original_S8.pth
172,8,cascade,31.17180824279785,0.8516209125518799,weights/cascade_original_S8.pth
173,8,cascade,32.37921142578125,0.8318469524383545,weights/cascade_original_S8.pth
174,8,cascade,31.462900161743164,0.8670645952224731,weights/cascade_original_S8.pth
175,8,cascade,31.773874282836914,0.8333630561828613,weights/cascade_original_S8.pth
176,8,cascade,31.04903221130371,0.8357403874397278,weights/cascade_original_S8.pth
177,8,cascade,30.843276977539062,0.8344763517379761,weights/cascade_original_S8.pth
178,8,cascade,30.77705192565918,0.8622135519981384,weights/cascade_original_S8.pth
179,8,cascade,30.683948516845703,0.8293828964233398,weights/cascade_original_S8.pth
180,8,cascade,31.55782699584961,0.8761597275733948,weights/cascade_original_S8.pth
181,8,cascade,29.95545196533203,0.8009798526763916,weights/cascade_original_S8.pth
182,8,cascade,31.12409782409668,0.8553111553192139,weights/cascade_original_S8.pth
183,8,cascade,31.509706497192383,0.8448917865753174,weights/cascade_original_S8.pth
184,8,cascade,32.67612075805664,0.8492850065231323,weights/cascade_original_S8.pth
185,8,cascade,30.73373794555664,0.8398401737213135,weights/cascade_original_S8.pth
186,8,cascade,30.4588623046875,0.8461406230926514,weights/cascade_original_S8.pth
187,8,cascade,30.6839656829834,0.8378199934959412,weights/cascade_original_S8.pth
188,8,cascade,30.657485961914062,0.8313260078430176,weights/cascade_original_S8.pth
189,8,cascade,30.708341598510742,0.83759605884552,weights/cascade_original_S8.pth
190,8,cascade,31.781368255615234,0.851858377456665,weights/cascade_original_S8.pth
191,8,cascade,31.0733585357666,0.8200656175613403,weights/cascade_original_S8.pth
192,8,cascade,32.21720504760742,0.8778157830238342,weights/cascade_original_S8.pth
193,8,cascade,31.669178009033203,0.8276196718215942,weights/cascade_original_S8.pth
194,8,cascade,31.487218856811523,0.8371518850326538,weights/cascade_original_S8.pth
195,8,cascade,31.883373260498047,0.879393458366394,weights/cascade_original_S8.pth
196,8,cascade,30.691627502441406,0.8478188514709473,weights/cascade_original_S8.pth
197,8,cascade,30.674772262573242,0.8338115811347961,weights/cascade_original_S8.pth
198,8,cascade,31.122547149658203,0.8694565296173096,weights/cascade_original_S8.pth
199,8,cascade,31.24475860595703,0.8490017056465149,weights/cascade_original_S8.pth
0,8,ddf,36.68000793457031,0.9303613901138306,weights/DDF_c8_best.pth
1,8,ddf,36.56182861328125,0.9284341335296631,weights/DDF_c8_best.pth
2,8,ddf,39.10931396484375,0.951768159866333,weights/DDF_c8_best.pth
3,8,ddf,39.252532958984375,0.9559905529022217,weights/DDF_c8_best.pth
4,8,ddf,39.41663360595703,0.9538925886154175,weights/DDF_c8_best.pth
5,8,ddf,38.74203109741211,0.9558717012405396,weights/DDF_c8_best.pth
6,8,ddf,37.249813079833984,0.9218450784683228,weights/DDF_c8_best.pth
7,8,ddf,36.147178649902344,0.9372124671936035,weights/DDF_c8_best.pth
8,8,ddf,38.71892547607422,0.958309531211853,weights/DDF_c8_best.pth
9,8,ddf,38.74783706665039,0.953671932220459,weights/DDF_c8_best.pth
10,8,ddf,38.8101692199707,0.9540207386016846,weights/DDF_c8_best.pth
11,8,ddf,38.34906768798828,0.9464671015739441,weights/DDF_c8_best.pth
12,8,ddf,35.68677520751953,0.8875972628593445,weights/DDF_c8_best.pth
13,8,ddf,37.46392059326172,0.9371458292007446,weights/DDF_c8_best.pth
14,8,ddf,31.54143524169922,0.8751245737075806,weights/DDF_c8_best.pth
15,8,ddf,36.14262390136719,0.9236539006233215,weights/DDF_c8_best.pth
16,8,ddf,38.78314971923828,0.9555206894874573,weights/DDF_c8_best.pth
17,8,ddf,38.680747985839844,0.9442239999771118,weights/DDF_c8_best.pth
18,8,ddf,33.867774963378906,0.9109829664230347,weights/DDF_c8_best.pth
19,8,ddf,36.18132400512695,0.9256354570388794,weights/DDF_c8_best.pth
20,8,ddf,37.725746154785156,0.9456347227096558,weights/DDF_c8_best.pth
21,8,ddf,36.258113861083984,0.9116090536117554,weights/DDF_c8_best.pth
22,8,ddf,38.79275131225586,0.9598928689956665,weights/DDF_c8_best.pth
23,8,ddf,34.14779281616211,0.9109014272689819,weights/DDF_c8_best.pth
24,8,ddf,36.8712272644043,0.9360737800598145,weights/DDF_c8_best.pth
25,8,ddf,37.205135345458984,0.9346566200256348,weights/DDF_c8_best.pth
26,8,ddf,37.130950927734375,0.9384745359420776,weights/DDF_c8_best.pth
27,8,ddf,36.5999755859375,0.9262868762016296,weights/DDF_c8_best.pth
28,8,ddf,34.30548095703125,0.9273218512535095,weights/DDF_c8_best.pth
29,8,ddf,37.74661636352539,0.9392430782318115,weights/DDF_c8_best.pth
30,8,ddf,39.39662551879883,0.9492070078849792,weights/DDF_c8_best.pth
31,8,ddf,36.90095520019531,0.935289740562439,weights/DDF_c8_best.pth
32,8,ddf,38.005950927734375,0.9261273145675659,weights/DDF_c8_best.pth
33,8,ddf,37.45516586303711,0.934144139289856,weights/DDF_c8_best.pth
34,8,ddf,37.53123092651367,0.939112663269043,weights/DDF_c8_best.pth
35,8,ddf,36.177696228027344,0.9261552095413208,weights/DDF_c8_best.pth
36,8,ddf,39.311302185058594,0.9578315019607544,weights/DDF_c8_best.pth
37,8,ddf,39.26124572753906,0.9607887864112854,weights/DDF_c8_best.pth
38,8,ddf,37.08385467529297,0.9328354597091675,weights/DDF_c8_best.pth
39,8,ddf,34.83348846435547,0.9117932915687561,weights/DDF_c8_best.pth
40,8,ddf,36.866329193115234,0.9159793257713318,weights/DDF_c8_best.pth
41,8,ddf,34.32876205444336,0.912054717540741,weights/DDF_c8_best.pth
42,8,ddf,38.688846588134766,0.9496557712554932,weights/DDF_c8_best.pth
43,8,ddf,38.865867614746094,0.9626693725585938,weights/DDF_c8_best.pth
44,8,ddf,39.07444381713867,0.9469819068908691,weights/DDF_c8_best.pth
45,8,ddf,38.3643684387207,0.9465491771697998,weights/DDF_c8_best.pth
46,8,ddf,37.21869659423828,0.9395692348480225,weights/DDF_c8_best.pth
47,8,ddf,38.643394470214844,0.9492390155792236,weights/DDF_c8_best.pth
48,8,ddf,38.24711227416992,0.9386457204818726,weights/DDF_c8_best.pth
49,8,ddf,33.5135612487793,0.9104394912719727,weights/DDF_c8_best.pth
50,8,ddf,38.84486770629883,0.9574985504150391,weights/DDF_c8_best.pth
51,8,ddf,38.64911651611328,0.9453004002571106,weights/DDF_c8_best.pth
52,8,ddf,34.327693939208984,0.9292277693748474,weights/DDF_c8_best.pth
53,8,ddf,36.309814453125,0.9091818332672119,weights/DDF_c8_best.pth
54,8,ddf,38.843082427978516,0.9549106359481812,weights/DDF_c8_best.pth
55,8,ddf,36.969730377197266,0.93650883436203,weights/DDF_c8_best.pth
56,8,ddf,37.109073638916016,0.9358786940574646,weights/DDF_c8_best.pth
57,8,ddf,37.056861877441406,0.937768816947937,weights/DDF_c8_best.pth
58,8,ddf,38.23185729980469,0.9536406993865967,weights/DDF_c8_best.pth
59,8,ddf,36.268341064453125,0.9210538268089294,weights/DDF_c8_best.pth
60,8,ddf,37.222267150878906,0.9273943901062012,weights/DDF_c8_best.pth
61,8,ddf,38.27375030517578,0.9494175910949707,weights/DDF_c8_best.pth
62,8,ddf,39.6859016418457,0.9554001092910767,weights/DDF_c8_best.pth
63,8,ddf,31.428524017333984,0.8864302635192871,weights/DDF_c8_best.pth
64,8,ddf,37.5063362121582,0.9386609196662903,weights/DDF_c8_best.pth
65,8,ddf,35.83089065551758,0.9370471835136414,weights/DDF_c8_best.pth
66,8,ddf,38.301143646240234,0.9403163194656372,weights/DDF_c8_best.pth
67,8,ddf,37.42591094970703,0.9311522245407104,weights/DDF_c8_best.pth
68,8,ddf,39.12220764160156,0.9599227905273438,weights/DDF_c8_best.pth
69,8,ddf,38.97312927246094,0.960939884185791,weights/DDF_c8_best.pth
70,8,ddf,37.86331558227539,0.9492163062095642,weights/DDF_c8_best.pth
71,8,ddf,33.7691535949707,0.909410834312439,weights/DDF_c8_best.pth
72,8,ddf,37.29673767089844,0.9423584938049316,weights/DDF_c8_best.pth
73,8,ddf,37.86930465698242,0.9298182129859924,weights/DDF_c8_best.pth
74,8,ddf,37.521690368652344,0.9331634640693665,weights/DDF_c8_best.pth
75,8,ddf,36.701866149902344,0.9283222556114197,weights/DDF_c8_best.pth
76,8,ddf,38.2137451171875,0.9395861029624939,weights/DDF_c8_best.pth
77,8,ddf,37.8442268371582,0.9436054229736328,weights/DDF_c8_best.pth
78,8,ddf,38.184043884277344,0.9468864798545837,weights/DDF_c8_best.pth
79,8,ddf,36.24899673461914,0.9261518716812134,weights/DDF_c8_best.pth
80,8,ddf,34.23420333862305,0.931739330291748,weights/DDF_c8_best.pth
81,8,ddf,38.622650146484375,0.9490949511528015,weights/DDF_c8_best.pth
82,8,ddf,38.73088455200195,0.9568132758140564,weights/DDF_c8_best.pth
83,8,ddf,37.456878662109375,0.9402128458023071,weights/DDF_c8_best.pth
84,8,ddf,38.687156677246094,0.951994001865387,weights/DDF_c8_best.pth
85,8,ddf,37.85993957519531,0.9452990293502808,weights/DDF_c8_best.pth
86,8,ddf,38.828208923339844,0.9532120823860168,weights/DDF_c8_best.pth
87,8,ddf,38.63645935058594,0.9455147981643677,weights/DDF_c8_best.pth
88,8,ddf,39.49744415283203,0.9598749279975891,weights/DDF_c8_best.pth
89,8,ddf,39.20596694946289,0.9602097272872925,weights/DDF_c8_best.pth
90,8,ddf,35.730228424072266,0.9178205728530884,weights/DDF_c8_best.pth
91,8,ddf,38.31068420410156,0.942044198513031,weights/DDF_c8_best.pth
92,8,ddf,38.56907272338867,0.9493926763534546,weights/DDF_c8_best.pth
93,8,ddf,36.613460540771484,0.9329680800437927,weights/DDF_c8_best.pth
94,8,ddf,39.57179641723633,0.9649527668952942,weights/DDF_c8_best.pth
95,8,ddf,36.52442169189453,0.9187602996826172,weights/DDF_c8_best.pth
96,8,ddf,38.22906494140625,0.9449847936630249,weights/DDF_c8_best.pth
97,8,ddf,37.36545944213867,0.9213862419128418,weights/DDF_c8_best.pth
98,8,ddf,38.77666473388672,0.9523146152496338,weights/DDF_c8_best.pth
99,8,ddf,34.30415344238281,0.9134803414344788,weights/DDF_c8_best.pth
100,8,ddf,39.118106842041016,0.9624385833740234,weights/DDF_c8_best.pth
101,8,ddf,37.048336029052734,0.938934862613678,weights/DDF_c8_best.pth
102,8,ddf,37.93736267089844,0.9431658387184143,weights/DDF_c8_best.pth
103,8,ddf,38.897029876708984,0.9617705345153809,weights/DDF_c8_best.pth
104,8,ddf,36.99221420288086,0.9379837512969971,weights/DDF_c8_best.pth
105,8,ddf,35.159393310546875,0.9328868985176086,weights/DDF_c8_best.pth
106,8,ddf,39.320648193359375,0.955825686454773,weights/DDF_c8_best.pth
107,8,ddf,38.5306510925293,0.9548640847206116,weights/DDF_c8_best.pth
108,8,ddf,37.151893615722656,0.9342830181121826,weights/DDF_c8_best.pth
109,8,ddf,39.20174789428711,0.9607894420623779,weights/DDF_c8_best.pth
110,8,ddf,39.25857925415039,0.9605696201324463,weights/DDF_c8_best.pth
111,8,ddf,38.3469352722168,0.9491992592811584,weights/DDF_c8_best.pth
112,8,ddf,36.98134231567383,0.9352486729621887,weights/DDF_c8_best.pth
113,8,ddf,39.16355895996094,0.9614552855491638,weights/DDF_c8_best.pth
114,8,ddf,39.339019775390625,0.9539976119995117,weights/DDF_c8_best.pth
115,8,ddf,37.34329605102539,0.9227688312530518,weights/DDF_c8_best.pth
116,8,ddf,35.996490478515625,0.9039716720581055,weights/DDF_c8_best.pth
117,8,ddf,32.29777145385742,0.8696742653846741,weights/DDF_c8_best.pth
118,8,ddf,35.113895416259766,0.9246084690093994,weights/DDF_c8_best.pth
119,8,ddf,34.18778610229492,0.8701828718185425,weights/DDF_c8_best.pth
120,8,ddf,37.16502380371094,0.9363723397254944,weights/DDF_c8_best.pth
121,8,ddf,37.060211181640625,0.9365871548652649,weights/DDF_c8_best.pth
122,8,ddf,36.54634475708008,0.9300285577774048,weights/DDF_c8_best.pth
123,8,ddf,38.45695114135742,0.9540718197822571,weights/DDF_c8_best.pth
124,8,ddf,38.54541778564453,0.9539247155189514,weights/DDF_c8_best.pth
125,8,ddf,35.7576904296875,0.8983981609344482,weights/DDF_c8_best.pth
126,8,ddf,39.04725646972656,0.9626410007476807,weights/DDF_c8_best.pth
127,8,ddf,38.42778015136719,0.9543566107749939,weights/DDF_c8_best.pth
128,8,ddf,38.048587799072266,0.9431042671203613,weights/DDF_c8_best.pth
129,8,ddf,35.39765930175781,0.9177826046943665,weights/DDF_c8_best.pth
130,8,ddf,39.329139709472656,0.9652981758117676,weights/DDF_c8_best.pth
131,8,ddf,39.11919021606445,0.9609008431434631,weights/DDF_c8_best.pth
132,8,ddf,38.913414001464844,0.9530080556869507,weights/DDF_c8_best.pth
133,8,ddf,37.585567474365234,0.945503830909729,weights/DDF_c8_best.pth
134,8,ddf,35.1131591796875,0.9158202409744263,weights/DDF_c8_best.pth
135,8,ddf,36.983917236328125,0.9320976138114929,weights/DDF_c8_best.pth
136,8,ddf,37.4082145690918,0.9362205862998962,weights/DDF_c8_best.pth
137,8,ddf,37.71147537231445,0.9426157474517822,weights/DDF_c8_best.pth
138,8,ddf,37.25181198120117,0.9262204170227051,weights/DDF_c8_best.pth
139,8,ddf,39.0752067565918,0.957974910736084,weights/DDF_c8_best.pth
140,8,ddf,38.641666412353516,0.9552457928657532,weights/DDF_c8_best.pth
141,8,ddf,39.04335021972656,0.9600048065185547,weights/DDF_c8_best.pth
142,8,ddf,38.12199020385742,0.9358292818069458,weights/DDF_c8_best.pth
143,8,ddf,37.40163803100586,0.9364181756973267,weights/DDF_c8_best.pth
144,8,ddf,39.39039611816406,0.9590311050415039,weights/DDF_c8_best.pth
145,8,ddf,39.04869842529297,0.9616196155548096,weights/DDF_c8_best.pth
146,8,ddf,38.53618621826172,0.9496600031852722,weights/DDF_c8_best.pth
147,8,ddf,39.014095306396484,0.9519388675689697,weights/DDF_c8_best.pth
148,8,ddf,38.370582580566406,0.9528921842575073,weights/DDF_c8_best.pth
149,8,ddf,38.46625900268555,0.9552104473114014,weights/DDF_c8_best.pth
150,8,ddf,37.96449279785156,0.944336473941803,weights/DDF_c8_best.pth
151,8,ddf,37.218849182128906,0.939814567565918,weights/DDF_c8_best.pth
152,8,ddf,36.425899505615234,0.9111539721488953,weights/DDF_c8_best.pth
153,8,ddf,39.110225677490234,0.9619487524032593,weights/DDF_c8_best.pth
154,8,ddf,36.793663024902344,0.9238866567611694,weights/DDF_c8_best.pth
155,8,ddf,37.053123474121094,0.9387896656990051,weights/DDF_c8_best.pth
156,8,ddf,37.768680572509766,0.944248378276825,weights/DDF_c8_best.pth
157,8,ddf,38.02729797363281,0.94505774974823,weights/DDF_c8_best.pth
158,8,ddf,36.64757537841797,0.9260989427566528,weights/DDF_c8_best.pth
159,8,ddf,35.70773696899414,0.9297354817390442,weights/DDF_c8_best.pth
160,8,ddf,38.061988830566406,0.9449782371520996,weights/DDF_c8_best.pth
161,8,ddf,37.3386344909668,0.9384143352508545,weights/DDF_c8_best.pth
162,8,ddf,36.913387298583984,0.934137225151062,weights/DDF_c8_best.pth
163,8,ddf,38.99076461791992,0.9584901332855225,weights/DDF_c8_best.pth
164,8,ddf,37.38213348388672,0.9409416913986206,weights/DDF_c8_best.pth
165,8,ddf,36.770904541015625,0.9338136315345764,weights/DDF_c8_best.pth
166,8,ddf,36.51078796386719,0.9332780838012695,weights/DDF_c8_best.pth
167,8,ddf,38.84348678588867,0.9571778774261475,weights/DDF_c8_best.pth
168,8,ddf,37.14912796020508,0.9182813763618469,weights/DDF_c8_best.pth
169,8,ddf,37.01476287841797,0.939543604850769,weights/DDF_c8_best.pth
170,8,ddf,37.0871696472168,0.9406253099441528,weights/DDF_c8_best.pth
171,8,ddf,39.24173355102539,0.9609148502349854,weights/DDF_c8_best.pth
172,8,ddf,36.83285903930664,0.9327619075775146,weights/DDF_c8_best.pth
173,8,ddf,37.98381042480469,0.9314889907836914,weights/DDF_c8_best.pth
174,8,ddf,37.73796463012695,0.9497237205505371,weights/DDF_c8_best.pth
175,8,ddf,36.3527717590332,0.9106520414352417,weights/DDF_c8_best.pth
176,8,ddf,37.36810302734375,0.9388037323951721,weights/DDF_c8_best.pth
177,8,ddf,38.00063705444336,0.9463819861412048,weights/DDF_c8_best.pth
178,8,ddf,38.83623123168945,0.9575170874595642,weights/DDF_c8_best.pth
179,8,ddf,36.706321716308594,0.9296585917472839,weights/DDF_c8_best.pth
180,8,ddf,39.02116394042969,0.9642932415008545,weights/DDF_c8_best.pth
181,8,ddf,32.161231994628906,0.85528564453125,weights/DDF_c8_best.pth
182,8,ddf,37.229496002197266,0.9375603199005127,weights/DDF_c8_best.pth
183,8,ddf,37.224769592285156,0.9347162246704102,weights/DDF_c8_best.pth
184,8,ddf,38.254112243652344,0.9376344084739685,weights/DDF_c8_best.pth
185,8,ddf,37.2081184387207,0.9407760500907898,weights/DDF_c8_best.pth
186,8,ddf,34.292625427246094,0.9142376184463501,weights/DDF_c8_best.pth
187,8,ddf,36.6923942565918,0.9351184964179993,weights/DDF_c8_best.pth
188,8,ddf,36.49000549316406,0.928778350353241,weights/DDF_c8_best.pth
189,8,ddf,36.80044174194336,0.9337660074234009,weights/DDF_c8_best.pth
190,8,ddf,37.87980270385742,0.9391241669654846,weights/DDF_c8_best.pth
191,8,ddf,36.59949493408203,0.9252588748931885,weights/DDF_c8_best.pth
192,8,ddf,39.29203414916992,0.9617527723312378,weights/DDF_c8_best.pth
193,8,ddf,36.989681243896484,0.9183285236358643,weights/DDF_c8_best.pth
194,8,ddf,37.66912078857422,0.9280579090118408,weights/DDF_c8_best.pth
195,8,ddf,38.00907897949219,0.949522852897644,weights/DDF_c8_best.pth
196,8,ddf,36.92950439453125,0.9350571632385254,weights/DDF_c8_best.pth
197,8,ddf,36.52315139770508,0.9326939582824707,weights/DDF_c8_best.pth
198,8,ddf,39.05411911010742,0.9605622291564941,weights/DDF_c8_best.pth
199,8,ddf,37.99559783935547,0.946952760219574,weights/DDF_c8_best.pth
0,12,sparse_fbp,18.77992057800293,0.5256057977676392,
1,12,sparse_fbp,18.883872985839844,0.5314909219741821,
2,12,sparse_fbp,19.745983123779297,0.582491934299469,
3,12,sparse_fbp,19.280696868896484,0.5992634892463684,
4,12,sparse_fbp,19.848928451538086,0.5888584852218628,
5,12,sparse_fbp,22.07082748413086,0.6181323528289795,
6,12,sparse_fbp,19.766908645629883,0.5692427158355713,
7,12,sparse_fbp,19.378257751464844,0.5649546384811401,
8,12,sparse_fbp,21.956096649169922,0.6166896820068359,
9,12,sparse_fbp,19.017929077148438,0.5590201616287231,
10,12,sparse_fbp,19.238670349121094,0.5552736520767212,
11,12,sparse_fbp,19.70253562927246,0.5575880408287048,
12,12,sparse_fbp,20.309953689575195,0.5653269290924072,
13,12,sparse_fbp,19.098878860473633,0.5605254173278809,
14,12,sparse_fbp,19.130027770996094,0.5217917561531067,
15,12,sparse_fbp,19.431425094604492,0.525507926940918,
16,12,sparse_fbp,19.232685089111328,0.5638009905815125,
17,12,sparse_fbp,19.746814727783203,0.573904275894165,
18,12,sparse_fbp,18.28652572631836,0.5018543004989624,
19,12,sparse_fbp,19.37868881225586,0.5278774499893188,
20,12,sparse_fbp,18.600868225097656,0.4988012909889221,
21,12,sparse_fbp,23.1259765625,0.6561230421066284,
22,12,sparse_fbp,21.908891677856445,0.6097893714904785,
23,12,sparse_fbp,19.45156478881836,0.5551542639732361,
24,12,sparse_fbp,18.805660247802734,0.5284025073051453,
25,12,sparse_fbp,19.24950408935547,0.5241638422012329,
26,12,sparse_fbp,18.591520309448242,0.5352774858474731,
27,12,sparse_fbp,19.4349308013916,0.5331559777259827,
28,12,sparse_fbp,21.634235382080078,0.6045801639556885,
29,12,sparse_fbp,19.445518493652344,0.5871388912200928,
30,12,sparse_fbp,20.07524871826172,0.6117116212844849,
31,12,sparse_fbp,18.819473266601562,0.5435343980789185,
32,12,sparse_fbp,19.46111297607422,0.557036280632019,
33,12,sparse_fbp,19.270606994628906,0.5220450162887573,
34,12,sparse_fbp,19.326480865478516,0.5507599115371704,
35,12,sparse_fbp,19.537837982177734,0.5261266231536865,
36,12,sparse_fbp,22.24003028869629,0.628911018371582,
37,12,sparse_fbp,21.699674606323242,0.5973852872848511,
38,12,sparse_fbp,19.104101181030273,0.5596088171005249,
39,12,sparse_fbp,19.359392166137695,0.5387976169586182,
40,12,sparse_fbp,19.751035690307617,0.5682176947593689,
41,12,sparse_fbp,19.548603057861328,0.5543333292007446,
42,12,sparse_fbp,20.0054931640625,0.5737242698669434,
43,12,sparse_fbp,21.735496520996094,0.605318009853363,
44,12,sparse_fbp,19.642356872558594,0.567255973815918,
45,12,sparse_fbp,19.084190368652344,0.5458328127861023,
46,12,sparse_fbp,19.464500427246094,0.5537217259407043,
47,12,sparse_fbp,19.859664916992188,0.5623957514762878,
48,12,sparse_fbp,24.037113189697266,0.674548864364624,
49,12,sparse_fbp,18.766477584838867,0.5299314260482788,
50,12,sparse_fbp,21.43134307861328,0.5949288010597229,
51,12,sparse_fbp,21.97943687438965,0.6246554851531982,
52,12,sparse_fbp,19.287086486816406,0.5532175302505493,
53,12,sparse_fbp,20.0002498626709,0.6046373844146729,
54,12,sparse_fbp,19.202754974365234,0.5527679920196533,
55,12,sparse_fbp,19.60032081604004,0.5414524078369141,
56,12,sparse_fbp,19.347675323486328,0.5427786111831665,
57,12,sparse_fbp,18.61675453186035,0.5383650064468384,
58,12,sparse_fbp,18.978235244750977,0.5461592674255371,
59,12,sparse_fbp,19.386743545532227,0.5239748954772949,
60,12,sparse_fbp,19.324979782104492,0.5476101040840149,
61,12,sparse_fbp,19.26205062866211,0.5501232743263245,
62,12,sparse_fbp,20.16216468811035,0.6218942403793335,
63,12,sparse_fbp,19.049423217773438,0.5446231365203857,
64,12,sparse_fbp,19.271940231323242,0.5486196279525757,
65,12,sparse_fbp,22.29266357421875,0.62619948387146,
66,12,sparse_fbp,23.854393005371094,0.6606509685516357,
67,12,sparse_fbp,19.73290252685547,0.563463568687439,
68,12,sparse_fbp,21.514480590820312,0.6036883592605591,
69,12,sparse_fbp,21.474414825439453,0.5917801856994629,
70,12,sparse_fbp,19.16452980041504,0.5619311928749084,
71,12,sparse_fbp,18.779483795166016,0.5375008583068848,
72,12,sparse_fbp,18.43673324584961,0.4937034249305725,
73,12,sparse_fbp,24.30746078491211,0.6786353588104248,
74,12,sparse_fbp,19.28400230407715,0.5375160574913025,
75,12,sparse_fbp,19.475229263305664,0.5543146729469299,
76,12,sparse_fbp,23.840999603271484,0.6602559685707092,
77,12,sparse_fbp,19.05927276611328,0.5580524206161499,
78,12,sparse_fbp,18.85370635986328,0.5445353388786316,
79,12,sparse_fbp,19.51043128967285,0.5295519232749939,
80,12,sparse_fbp,21.918663024902344,0.6152794361114502,
81,12,sparse_fbp,19.934648513793945,0.5668488144874573,
82,12,sparse_fbp,19.293190002441406,0.5660279989242554,
83,12,sparse_fbp,18.269126892089844,0.4995613098144531,
84,12,sparse_fbp,18.920927047729492,0.5493047833442688,
85,12,sparse_fbp,19.327219009399414,0.5681731700897217,
86,12,sparse_fbp,19.047988891601562,0.5545731782913208,
87,12,sparse_fbp,21.882984161376953,0.6129813194274902,
88,12,sparse_fbp,21.95452117919922,0.6224430799484253,
89,12,sparse_fbp,21.660280227661133,0.6070358753204346,
90,12,sparse_fbp,19.674657821655273,0.5467183589935303,
91,12,sparse_fbp,19.746543884277344,0.5499739050865173,
92,12,sparse_fbp,19.895063400268555,0.5642881393432617,
93,12,sparse_fbp,19.49005889892578,0.528456449508667,
94,12,sparse_fbp,21.792146682739258,0.609235405921936,
95,12,sparse_fbp,19.890621185302734,0.5505973100662231,
96,12,sparse_fbp,19.04188346862793,0.5389156937599182,
97,12,sparse_fbp,20.02771759033203,0.5747596621513367,
98,12,sparse_fbp,18.918535232543945,0.5494222640991211,
99,12,sparse_fbp,19.017744064331055,0.5610100626945496,
100,12,sparse_fbp,19.335216522216797,0.6007133722305298,
101,12,sparse_fbp,19.540517807006836,0.5638523101806641,
102,12,sparse_fbp,19.21363067626953,0.5693475008010864,
103,12,sparse_fbp,21.78514862060547,0.6068850159645081,
104,12,sparse_fbp,18.77840232849121,0.5395417213439941,
105,12,sparse_fbp,21.777603149414062,0.6106740236282349,
106,12,sparse_fbp,22.392778396606445,0.6304205656051636,
107,12,sparse_fbp,19.229982376098633,0.5622797012329102,
108,12,sparse_fbp,18.859994888305664,0.5255241990089417,
109,12,sparse_fbp,22.16968536376953,0.6247388124465942,
110,12,sparse_fbp,21.781139373779297,0.6026837825775146,
111,12,sparse_fbp,19.008066177368164,0.5594053864479065,
112,12,sparse_fbp,19.711641311645508,0.5407371520996094,
113,12,sparse_fbp,19.34132957458496,0.6010173559188843,
114,12,sparse_fbp,19.85930633544922,0.5885782241821289,
115,12,sparse_fbp,19.849788665771484,0.57136070728302,
116,12,sparse_fbp,20.2959041595459,0.5773844718933105,
117,12,sparse_fbp,21.769283294677734,0.6054739952087402,
118,12,sparse_fbp,19.286026000976562,0.5767477750778198,
119,12,sparse_fbp,20.995561599731445,0.6074921488761902,
120,12,sparse_fbp,18.75693130493164,0.5228678584098816,
121,12,sparse_fbp,18.380250930786133,0.5002028942108154,
122,12,sparse_fbp,18.660911560058594,0.5256243944168091,
123,12,sparse_fbp,19.94549560546875,0.5830381512641907,
124,12,sparse_fbp,19.439058303833008,0.5714666247367859,
125,12,sparse_fbp,20.255714416503906,0.5746548175811768,
126,12,sparse_fbp,21.74311637878418,0.6049594879150391,
127,12,sparse_fbp,19.132797241210938,0.5626697540283203,
128,12,sparse_fbp,19.352075576782227,0.5656863451004028,
129,12,sparse_fbp,19.830219268798828,0.5571945905685425,
130,12,sparse_fbp,21.25970458984375,0.5914939641952515,
131,12,sparse_fbp,21.666545867919922,0.6093335151672363,
132,12,sparse_fbp,19.461891174316406,0.5575366616249084,
133,12,sparse_fbp,18.74349594116211,0.543304443359375,
134,12,sparse_fbp,19.36373519897461,0.5523355007171631,
135,12,sparse_fbp,18.553071975708008,0.4850272536277771,
136,12,sparse_fbp,19.49053192138672,0.5303931832313538,
137,12,sparse_fbp,18.511259078979492,0.5116816163063049,
138,12,sparse_fbp,19.7145938873291,0.5606536865234375,
139,12,sparse_fbp,21.69389533996582,0.6099066734313965,
140,12,sparse_fbp,19.06576156616211,0.5480388402938843,
141,12,sparse_fbp,21.35550308227539,0.5990571975708008,
142,12,sparse_fbp,23.15667724609375,0.6540783643722534,
143,12,sparse_fbp,19.536556243896484,0.5423223972320557,
144,12,sparse_fbp,22.023418426513672,0.6257352828979492,
145,12,sparse_fbp,21.993906021118164,0.6194049715995789,
146,12,sparse_fbp,19.147483825683594,0.5546923875808716,
147,12,sparse_fbp,19.522817611694336,0.5748674869537354,
148,12,sparse_fbp,19.936420440673828,0.5850197076797485,
149,12,sparse_fbp,19.161537170410156,0.5629857778549194,
150,12,sparse_fbp,18.592206954956055,0.5181410312652588,
151,12,sparse_fbp,19.693801879882812,0.5426682233810425,
152,12,sparse_fbp,19.994728088378906,0.5615951418876648,
153,12,sparse_fbp,21.813560485839844,0.6106229424476624,
154,12,sparse_fbp,19.807220458984375,0.5284286737442017,
155,12,sparse_fbp,19.591285705566406,0.5660832524299622,
156,12,sparse_fbp,19.734891891479492,0.5606766939163208,
157,12,sparse_fbp,19.374666213989258,0.5692935585975647,
158,12,sparse_fbp,19.038846969604492,0.5274741053581238,
159,12,sparse_fbp,18.97588539123535,0.5567255616188049,
160,12,sparse_fbp,19.967151641845703,0.5934059619903564,
161,12,sparse_fbp,18.556591033935547,0.4949464201927185,
162,12,sparse_fbp,19.180885314941406,0.5508192181587219,
163,12,sparse_fbp,19.3045597076416,0.5633483529090881,
164,12,sparse_fbp,19.049802780151367,0.5462955236434937,
165,12,sparse_fbp,19.223176956176758,0.5368776917457581,
166,12,sparse_fbp,19.391643524169922,0.543630063533783,
167,12,sparse_fbp,21.443439483642578,0.5957869291305542,
168,12,sparse_fbp,19.60300636291504,0.5595407485961914,
169,12,sparse_fbp,18.707908630371094,0.5253778696060181,
170,12,sparse_fbp,19.27320671081543,0.5469797849655151,
171,12,sparse_fbp,22.114604949951172,0.6254459619522095,
172,12,sparse_fbp,19.282670974731445,0.5481565594673157,
173,12,sparse_fbp,24.518587112426758,0.6842586398124695,
174,12,sparse_fbp,18.89715576171875,0.5429023504257202,
175,12,sparse_fbp,19.954484939575195,0.6043533682823181,
176,12,sparse_fbp,18.579103469848633,0.5070832371711731,
177,12,sparse_fbp,18.679306030273438,0.5009271502494812,
178,12,sparse_fbp,19.31380844116211,0.5666159987449646,
179,12,sparse_fbp,19.39188575744629,0.546515703201294,
180,12,sparse_fbp,21.747892379760742,0.6097908020019531,
181,12,sparse_fbp,19.896224975585938,0.5509670376777649,
182,12,sparse_fbp,19.199787139892578,0.5512641668319702,
183,12,sparse_fbp,19.852922439575195,0.5643578171730042,
184,12,sparse_fbp,24.122751235961914,0.6763051152229309,
185,12,sparse_fbp,19.48646354675293,0.5611944198608398,
186,12,sparse_fbp,18.798236846923828,0.534146785736084,
187,12,sparse_fbp,19.421600341796875,0.5541236400604248,
188,12,sparse_fbp,19.437131881713867,0.5262797474861145,
189,12,sparse_fbp,19.46141815185547,0.5474206805229187,
190,12,sparse_fbp,19.793590545654297,0.5614304542541504,
191,12,sparse_fbp,19.291894912719727,0.5217835903167725,
192,12,sparse_fbp,21.695974349975586,0.605202317237854,
193,12,sparse_fbp,19.78142547607422,0.5559523105621338,
194,12,sparse_fbp,19.079587936401367,0.5521770715713501,
195,12,sparse_fbp,19.209644317626953,0.561492919921875,
196,12,sparse_fbp,19.17612648010254,0.5444082021713257,
197,12,sparse_fbp,19.497604370117188,0.5276488065719604,
198,12,sparse_fbp,21.943653106689453,0.615886926651001,
199,12,sparse_fbp,19.779621124267578,0.5607854127883911,
0,12,redcnn,18.79997444152832,0.5360361933708191,/root/autodl-fs/PAPER2/redcnn_autodl/save/REDCNN_100000iter.ckpt
1,12,redcnn,18.91379165649414,0.539649486541748,/root/autodl-fs/PAPER2/redcnn_autodl/save/REDCNN_100000iter.ckpt
2,12,redcnn,19.767311096191406,0.5900068283081055,/root/autodl-fs/PAPER2/redcnn_autodl/save/REDCNN_100000iter.ckpt
3,12,redcnn,19.309734344482422,0.6086210012435913,/root/autodl-fs/PAPER2/redcnn_autodl/save/REDCNN_100000iter.ckpt
4,12,redcnn,19.876968383789062,0.5972599983215332,/root/autodl-fs/PAPER2/redcnn_autodl/save/REDCNN_100000iter.ckpt
5,12,redcnn,22.077049255371094,0.6209875345230103,/root/autodl-fs/PAPER2/redcnn_autodl/save/REDCNN_100000iter.ckpt
6,12,redcnn,19.794010162353516,0.5778424739837646,/root/autodl-fs/PAPER2/redcnn_autodl/save/REDCNN_100000iter.ckpt
7,12,redcnn,19.405134201049805,0.5732237696647644,/root/autodl-fs/PAPER2/redcnn_autodl/save/REDCNN_100000iter.ckpt
8,12,redcnn,21.97279167175293,0.6194037199020386,/root/autodl-fs/PAPER2/redcnn_autodl/save/REDCNN_100000iter.ckpt
9,12,redcnn,19.057165145874023,0.5673572421073914,/root/autodl-fs/PAPER2/redcnn_autodl/save/REDCNN_100000iter.ckpt
10,12,redcnn,19.270885467529297,0.5645723342895508,/root/autodl-fs/PAPER2/redcnn_autodl/save/REDCNN_100000iter.ckpt
11,12,redcnn,19.76059341430664,0.5656130313873291,/root/autodl-fs/PAPER2/redcnn_autodl/save/REDCNN_100000iter.ckpt
12,12,redcnn,20.342519760131836,0.5710972547531128,/root/autodl-fs/PAPER2/redcnn_autodl/save/REDCNN_100000iter.ckpt
13,12,redcnn,19.120656967163086,0.5702388882637024,/root/autodl-fs/PAPER2/redcnn_autodl/save/REDCNN_100000iter.ckpt
14,12,redcnn,19.183828353881836,0.5296372771263123,/root/autodl-fs/PAPER2/redcnn_autodl/save/REDCNN_100000iter.ckpt
15,12,redcnn,19.486482620239258,0.5331913232803345,/root/autodl-fs/PAPER2/redcnn_autodl/save/REDCNN_100000iter.ckpt
16,12,redcnn,19.27128791809082,0.5726017355918884,/root/autodl-fs/PAPER2/redcnn_autodl/save/REDCNN_100000iter.ckpt
17,12,redcnn,19.767724990844727,0.5810099840164185,/root/autodl-fs/PAPER2/redcnn_autodl/save/REDCNN_100000iter.ckpt
18,12,redcnn,18.333309173583984,0.5113269686698914,/root/autodl-fs/PAPER2/redcnn_autodl/save/REDCNN_100000iter.ckpt
19,12,redcnn,19.43842124938965,0.5370023846626282,/root/autodl-fs/PAPER2/redcnn_autodl/save/REDCNN_100000iter.ckpt
20,12,redcnn,18.645977020263672,0.5092637538909912,/root/autodl-fs/PAPER2/redcnn_autodl/save/REDCNN_100000iter.ckpt
21,12,redcnn,23.147279739379883,0.6579342484474182,/root/autodl-fs/PAPER2/redcnn_autodl/save/REDCNN_100000iter.ckpt
22,12,redcnn,21.92630386352539,0.6121504902839661,/root/autodl-fs/PAPER2/redcnn_autodl/save/REDCNN_100000iter.ckpt
23,12,redcnn,19.510295867919922,0.5626101493835449,/root/autodl-fs/PAPER2/redcnn_autodl/save/REDCNN_100000iter.ckpt
24,12,redcnn,18.82278823852539,0.5392767190933228,/root/autodl-fs/PAPER2/redcnn_autodl/save/REDCNN_100000iter.ckpt
25,12,redcnn,19.298856735229492,0.5310418605804443,/root/autodl-fs/PAPER2/redcnn_autodl/save/REDCNN_100000iter.ckpt
26,12,redcnn,18.62110710144043,0.5450879335403442,/root/autodl-fs/PAPER2/redcnn_autodl/save/REDCNN_100000iter.ckpt
27,12,redcnn,19.484207153320312,0.5400742888450623,/root/autodl-fs/PAPER2/redcnn_autodl/save/REDCNN_100000iter.ckpt
28,12,redcnn,21.644771575927734,0.6072484254837036,/root/autodl-fs/PAPER2/redcnn_autodl/save/REDCNN_100000iter.ckpt
29,12,redcnn,19.47318458557129,0.5951837301254272,/root/autodl-fs/PAPER2/redcnn_autodl/save/REDCNN_100000iter.ckpt
30,12,redcnn,20.10997772216797,0.620172381401062,/root/autodl-fs/PAPER2/redcnn_autodl/save/REDCNN_100000iter.ckpt
31,12,redcnn,18.85625457763672,0.5505679845809937,/root/autodl-fs/PAPER2/redcnn_autodl/save/REDCNN_100000iter.ckpt
32,12,redcnn,19.487777709960938,0.5657653212547302,/root/autodl-fs/PAPER2/redcnn_autodl/save/REDCNN_100000iter.ckpt
33,12,redcnn,19.311416625976562,0.5301591157913208,/root/autodl-fs/PAPER2/redcnn_autodl/save/REDCNN_100000iter.ckpt
34,12,redcnn,19.349510192871094,0.5574773550033569,/root/autodl-fs/PAPER2/redcnn_autodl/save/REDCNN_100000iter.ckpt
35,12,redcnn,19.599525451660156,0.5352833867073059,/root/autodl-fs/PAPER2/redcnn_autodl/save/REDCNN_100000iter.ckpt
36,12,redcnn,22.237979888916016,0.630650520324707,/root/autodl-fs/PAPER2/redcnn_autodl/save/REDCNN_100000iter.ckpt
37,12,redcnn,21.709794998168945,0.6026315689086914,/root/autodl-fs/PAPER2/redcnn_autodl/save/REDCNN_100000iter.ckpt
38,12,redcnn,19.12789535522461,0.5689988732337952,/root/autodl-fs/PAPER2/redcnn_autodl/save/REDCNN_100000iter.ckpt
39,12,redcnn,19.37884521484375,0.5473446846008301,/root/autodl-fs/PAPER2/redcnn_autodl/save/REDCNN_100000iter.ckpt
40,12,redcnn,19.778505325317383,0.5764477252960205,/root/autodl-fs/PAPER2/redcnn_autodl/save/REDCNN_100000iter.ckpt
41,12,redcnn,19.570619583129883,0.5622642636299133,/root/autodl-fs/PAPER2/redcnn_autodl/save/REDCNN_100000iter.ckpt
42,12,redcnn,20.056360244750977,0.5799621939659119,/root/autodl-fs/PAPER2/redcnn_autodl/save/REDCNN_100000iter.ckpt
43,12,redcnn,21.75756072998047,0.6083716154098511,/root/autodl-fs/PAPER2/redcnn_autodl/save/REDCNN_100000iter.ckpt
44,12,redcnn,19.66182518005371,0.5753863453865051,/root/autodl-fs/PAPER2/redcnn_autodl/save/REDCNN_100000iter.ckpt
45,12,redcnn,19.116119384765625,0.5571791529655457,/root/autodl-fs/PAPER2/redcnn_autodl/save/REDCNN_100000iter.ckpt
46,12,redcnn,19.52414321899414,0.5613614916801453,/root/autodl-fs/PAPER2/redcnn_autodl/save/REDCNN_100000iter.ckpt
47,12,redcnn,19.912017822265625,0.5690659880638123,/root/autodl-fs/PAPER2/redcnn_autodl/save/REDCNN_100000iter.ckpt
48,12,redcnn,24.101057052612305,0.6768331527709961,/root/autodl-fs/PAPER2/redcnn_autodl/save/REDCNN_100000iter.ckpt
49,12,redcnn,18.8133544921875,0.5389594435691833,/root/autodl-fs/PAPER2/redcnn_autodl/save/REDCNN_100000iter.ckpt
50,12,redcnn,21.438386917114258,0.5992730855941772,/root/autodl-fs/PAPER2/redcnn_autodl/save/REDCNN_100000iter.ckpt
51,12,redcnn,21.993309020996094,0.6278111338615417,/root/autodl-fs/PAPER2/redcnn_autodl/save/REDCNN_100000iter.ckpt
52,12,redcnn,19.308870315551758,0.5614503622055054,/root/autodl-fs/PAPER2/redcnn_autodl/save/REDCNN_100000iter.ckpt
53,12,redcnn,20.02216148376465,0.6118180751800537,/root/autodl-fs/PAPER2/redcnn_autodl/save/REDCNN_100000iter.ckpt
54,12,redcnn,19.23571014404297,0.5620697736740112,/root/autodl-fs/PAPER2/redcnn_autodl/save/REDCNN_100000iter.ckpt
55,12,redcnn,19.643218994140625,0.5483804941177368,/root/autodl-fs/PAPER2/redcnn_autodl/save/REDCNN_100000iter.ckpt
56,12,redcnn,19.411922454833984,0.5511646270751953,/root/autodl-fs/PAPER2/redcnn_autodl/save/REDCNN_100000iter.ckpt
57,12,redcnn,18.64581871032715,0.547785222530365,/root/autodl-fs/PAPER2/redcnn_autodl/save/REDCNN_100000iter.ckpt
58,12,redcnn,18.993099212646484,0.5560981035232544,/root/autodl-fs/PAPER2/redcnn_autodl/save/REDCNN_100000iter.ckpt
59,12,redcnn,19.4451904296875,0.532712459564209,/root/autodl-fs/PAPER2/redcnn_autodl/save/REDCNN_100000iter.ckpt
60,12,redcnn,19.350257873535156,0.5548373460769653,/root/autodl-fs/PAPER2/redcnn_autodl/save/REDCNN_100000iter.ckpt
61,12,redcnn,19.281070709228516,0.5590473413467407,/root/autodl-fs/PAPER2/redcnn_autodl/save/REDCNN_100000iter.ckpt
62,12,redcnn,20.194482803344727,0.6283570528030396,/root/autodl-fs/PAPER2/redcnn_autodl/save/REDCNN_100000iter.ckpt
63,12,redcnn,19.10688591003418,0.5542147159576416,/root/autodl-fs/PAPER2/redcnn_autodl/save/REDCNN_100000iter.ckpt
64,12,redcnn,19.29741096496582,0.5555617809295654,/root/autodl-fs/PAPER2/redcnn_autodl/save/REDCNN_100000iter.ckpt
65,12,redcnn,22.285079956054688,0.628311038017273,/root/autodl-fs/PAPER2/redcnn_autodl/save/REDCNN_100000iter.ckpt
66,12,redcnn,23.915470123291016,0.6629892587661743,/root/autodl-fs/PAPER2/redcnn_autodl/save/REDCNN_100000iter.ckpt
67,12,redcnn,19.763675689697266,0.5704342126846313,/root/autodl-fs/PAPER2/redcnn_autodl/save/REDCNN_100000iter.ckpt
68,12,redcnn,21.521793365478516,0.6061909198760986,/root/autodl-fs/PAPER2/redcnn_autodl/save/REDCNN_100000iter.ckpt
69,12,redcnn,21.475038528442383,0.5963939428329468,/root/autodl-fs/PAPER2/redcnn_autodl/save/REDCNN_100000iter.ckpt
70,12,redcnn,19.188703536987305,0.5713073015213013,/root/autodl-fs/PAPER2/redcnn_autodl/save/REDCNN_100000iter.ckpt
71,12,redcnn,18.81147003173828,0.5470810532569885,/root/autodl-fs/PAPER2/redcnn_autodl/save/REDCNN_100000iter.ckpt
72,12,redcnn,18.486865997314453,0.5039033889770508,/root/autodl-fs/PAPER2/redcnn_autodl/save/REDCNN_100000iter.ckpt
73,12,redcnn,24.367298126220703,0.6804496645927429,/root/autodl-fs/PAPER2/redcnn_autodl/save/REDCNN_100000iter.ckpt
74,12,redcnn,19.300533294677734,0.54518723487854,/root/autodl-fs/PAPER2/redcnn_autodl/save/REDCNN_100000iter.ckpt
75,12,redcnn,19.534929275512695,0.5620501637458801,/root/autodl-fs/PAPER2/redcnn_autodl/save/REDCNN_100000iter.ckpt
76,12,redcnn,23.901269912719727,0.6623810529708862,/root/autodl-fs/PAPER2/redcnn_autodl/save/REDCNN_100000iter.ckpt
77,12,redcnn,19.081897735595703,0.5670118927955627,/root/autodl-fs/PAPER2/redcnn_autodl/save/REDCNN_100000iter.ckpt
78,12,redcnn,18.88330078125,0.5553698539733887,/root/autodl-fs/PAPER2/redcnn_autodl/save/REDCNN_100000iter.ckpt
79,12,redcnn,19.57175636291504,0.5380541086196899,/root/autodl-fs/PAPER2/redcnn_autodl/save/REDCNN_100000iter.ckpt
80,12,redcnn,21.927093505859375,0.6175995469093323,/root/autodl-fs/PAPER2/redcnn_autodl/save/REDCNN_100000iter.ckpt
81,12,redcnn,19.983787536621094,0.5736994743347168,/root/autodl-fs/PAPER2/redcnn_autodl/save/REDCNN_100000iter.ckpt
82,12,redcnn,19.300798416137695,0.5756495594978333,/root/autodl-fs/PAPER2/redcnn_autodl/save/REDCNN_100000iter.ckpt
83,12,redcnn,18.318771362304688,0.5098152160644531,/root/autodl-fs/PAPER2/redcnn_autodl/save/REDCNN_100000iter.ckpt
84,12,redcnn,18.961475372314453,0.5583007335662842,/root/autodl-fs/PAPER2/redcnn_autodl/save/REDCNN_100000iter.ckpt
85,12,redcnn,19.357908248901367,0.5763357877731323,/root/autodl-fs/PAPER2/redcnn_autodl/save/REDCNN_100000iter.ckpt
86,12,redcnn,19.086668014526367,0.5645718574523926,/root/autodl-fs/PAPER2/redcnn_autodl/save/REDCNN_100000iter.ckpt
87,12,redcnn,21.896835327148438,0.6155275106430054,/root/autodl-fs/PAPER2/redcnn_autodl/save/REDCNN_100000iter.ckpt
88,12,redcnn,21.972978591918945,0.625036358833313,/root/autodl-fs/PAPER2/redcnn_autodl/save/REDCNN_100000iter.ckpt
89,12,redcnn,21.657960891723633,0.610409140586853,/root/autodl-fs/PAPER2/redcnn_autodl/save/REDCNN_100000iter.ckpt
90,12,redcnn,19.736225128173828,0.5557977557182312,/root/autodl-fs/PAPER2/redcnn_autodl/save/REDCNN_100000iter.ckpt
91,12,redcnn,19.791444778442383,0.5572448968887329,/root/autodl-fs/PAPER2/redcnn_autodl/save/REDCNN_100000iter.ckpt
92,12,redcnn,19.9450626373291,0.5711919069290161,/root/autodl-fs/PAPER2/redcnn_autodl/save/REDCNN_100000iter.ckpt
93,12,redcnn,19.548198699951172,0.5374143123626709,/root/autodl-fs/PAPER2/redcnn_autodl/save/REDCNN_100000iter.ckpt
94,12,redcnn,21.802186965942383,0.6124265193939209,/root/autodl-fs/PAPER2/redcnn_autodl/save/REDCNN_100000iter.ckpt
95,12,redcnn,19.949344635009766,0.5593739151954651,/root/autodl-fs/PAPER2/redcnn_autodl/save/REDCNN_100000iter.ckpt
96,12,redcnn,19.060935974121094,0.548385739326477,/root/autodl-fs/PAPER2/redcnn_autodl/save/REDCNN_100000iter.ckpt
97,12,redcnn,20.055570602416992,0.5836847424507141,/root/autodl-fs/PAPER2/redcnn_autodl/save/REDCNN_100000iter.ckpt
98,12,redcnn,18.959957122802734,0.5590147972106934,/root/autodl-fs/PAPER2/redcnn_autodl/save/REDCNN_100000iter.ckpt
99,12,redcnn,19.042333602905273,0.5715227127075195,/root/autodl-fs/PAPER2/redcnn_autodl/save/REDCNN_100000iter.ckpt
100,12,redcnn,19.360374450683594,0.6104233264923096,/root/autodl-fs/PAPER2/redcnn_autodl/save/REDCNN_100000iter.ckpt
101,12,redcnn,19.598316192626953,0.5712432861328125,/root/autodl-fs/PAPER2/redcnn_autodl/save/REDCNN_100000iter.ckpt
102,12,redcnn,19.243751525878906,0.5784668922424316,/root/autodl-fs/PAPER2/redcnn_autodl/save/REDCNN_100000iter.ckpt
103,12,redcnn,21.805984497070312,0.6093564033508301,/root/autodl-fs/PAPER2/redcnn_autodl/save/REDCNN_100000iter.ckpt
104,12,redcnn,18.808467864990234,0.5486104488372803,/root/autodl-fs/PAPER2/redcnn_autodl/save/REDCNN_100000iter.ckpt
105,12,redcnn,21.77997589111328,0.6149057149887085,/root/autodl-fs/PAPER2/redcnn_autodl/save/REDCNN_100000iter.ckpt
106,12,redcnn,22.384416580200195,0.6324960589408875,/root/autodl-fs/PAPER2/redcnn_autodl/save/REDCNN_100000iter.ckpt
107,12,redcnn,19.23809242248535,0.572602391242981,/root/autodl-fs/PAPER2/redcnn_autodl/save/REDCNN_100000iter.ckpt
108,12,redcnn,18.88088607788086,0.5350085496902466,/root/autodl-fs/PAPER2/redcnn_autodl/save/REDCNN_100000iter.ckpt
109,12,redcnn,22.170902252197266,0.6271340847015381,/root/autodl-fs/PAPER2/redcnn_autodl/save/REDCNN_100000iter.ckpt
110,12,redcnn,21.787939071655273,0.607353925704956,/root/autodl-fs/PAPER2/redcnn_autodl/save/REDCNN_100000iter.ckpt
111,12,redcnn,19.0352725982666,0.5693628191947937,/root/autodl-fs/PAPER2/redcnn_autodl/save/REDCNN_100000iter.ckpt
112,12,redcnn,19.765865325927734,0.5486231446266174,/root/autodl-fs/PAPER2/redcnn_autodl/save/REDCNN_100000iter.ckpt
113,12,redcnn,19.363853454589844,0.6099536418914795,/root/autodl-fs/PAPER2/redcnn_autodl/save/REDCNN_100000iter.ckpt
114,12,redcnn,19.887285232543945,0.5968835353851318,/root/autodl-fs/PAPER2/redcnn_autodl/save/REDCNN_100000iter.ckpt
115,12,redcnn,19.87712287902832,0.5799788236618042,/root/autodl-fs/PAPER2/redcnn_autodl/save/REDCNN_100000iter.ckpt
116,12,redcnn,20.33074188232422,0.5844098329544067,/root/autodl-fs/PAPER2/redcnn_autodl/save/REDCNN_100000iter.ckpt
117,12,redcnn,21.785154342651367,0.6091827154159546,/root/autodl-fs/PAPER2/redcnn_autodl/save/REDCNN_100000iter.ckpt
118,12,redcnn,19.288684844970703,0.5848686695098877,/root/autodl-fs/PAPER2/redcnn_autodl/save/REDCNN_100000iter.ckpt
119,12,redcnn,21.035503387451172,0.6147432327270508,/root/autodl-fs/PAPER2/redcnn_autodl/save/REDCNN_100000iter.ckpt
120,12,redcnn,18.77264976501465,0.5326868295669556,/root/autodl-fs/PAPER2/redcnn_autodl/save/REDCNN_100000iter.ckpt
121,12,redcnn,18.427865982055664,0.5098688006401062,/root/autodl-fs/PAPER2/redcnn_autodl/save/REDCNN_100000iter.ckpt
122,12,redcnn,18.695064544677734,0.5334673523902893,/root/autodl-fs/PAPER2/redcnn_autodl/save/REDCNN_100000iter.ckpt
123,12,redcnn,19.975353240966797,0.589404821395874,/root/autodl-fs/PAPER2/redcnn_autodl/save/REDCNN_100000iter.ckpt
124,12,redcnn,19.48594856262207,0.5778458118438721,/root/autodl-fs/PAPER2/redcnn_autodl/save/REDCNN_100000iter.ckpt
125,12,redcnn,20.290119171142578,0.5817729234695435,/root/autodl-fs/PAPER2/redcnn_autodl/save/REDCNN_100000iter.ckpt
126,12,redcnn,21.764484405517578,0.6078718900680542,/root/autodl-fs/PAPER2/redcnn_autodl/save/REDCNN_100000iter.ckpt
127,12,redcnn,19.15645980834961,0.5725172758102417,/root/autodl-fs/PAPER2/redcnn_autodl/save/REDCNN_100000iter.ckpt
128,12,redcnn,19.37752342224121,0.5757379531860352,/root/autodl-fs/PAPER2/redcnn_autodl/save/REDCNN_100000iter.ckpt
129,12,redcnn,19.876630783081055,0.5643727779388428,/root/autodl-fs/PAPER2/redcnn_autodl/save/REDCNN_100000iter.ckpt
130,12,redcnn,21.26469612121582,0.5954118967056274,/root/autodl-fs/PAPER2/redcnn_autodl/save/REDCNN_100000iter.ckpt
131,12,redcnn,21.672073364257812,0.6131349802017212,/root/autodl-fs/PAPER2/redcnn_autodl/save/REDCNN_100000iter.ckpt
132,12,redcnn,19.483945846557617,0.5663048028945923,/root/autodl-fs/PAPER2/redcnn_autodl/save/REDCNN_100000iter.ckpt
133,12,redcnn,18.78207015991211,0.5539640188217163,/root/autodl-fs/PAPER2/redcnn_autodl/save/REDCNN_100000iter.ckpt
134,12,redcnn,19.38199806213379,0.5591897964477539,/root/autodl-fs/PAPER2/redcnn_autodl/save/REDCNN_100000iter.ckpt
135,12,redcnn,18.598573684692383,0.4941844940185547,/root/autodl-fs/PAPER2/redcnn_autodl/save/REDCNN_100000iter.ckpt
136,12,redcnn,19.546844482421875,0.5377624034881592,/root/autodl-fs/PAPER2/redcnn_autodl/save/REDCNN_100000iter.ckpt
137,12,redcnn,18.556278228759766,0.5207817554473877,/root/autodl-fs/PAPER2/redcnn_autodl/save/REDCNN_100000iter.ckpt
138,12,redcnn,19.7425479888916,0.5679876804351807,/root/autodl-fs/PAPER2/redcnn_autodl/save/REDCNN_100000iter.ckpt
139,12,redcnn,21.697328567504883,0.6142473816871643,/root/autodl-fs/PAPER2/redcnn_autodl/save/REDCNN_100000iter.ckpt
140,12,redcnn,19.079771041870117,0.5578933954238892,/root/autodl-fs/PAPER2/redcnn_autodl/save/REDCNN_100000iter.ckpt
141,12,redcnn,21.360456466674805,0.6013450622558594,/root/autodl-fs/PAPER2/redcnn_autodl/save/REDCNN_100000iter.ckpt
142,12,redcnn,23.177730560302734,0.6559033989906311,/root/autodl-fs/PAPER2/redcnn_autodl/save/REDCNN_100000iter.ckpt
143,12,redcnn,19.58895492553711,0.5488989949226379,/root/autodl-fs/PAPER2/redcnn_autodl/save/REDCNN_100000iter.ckpt
144,12,redcnn,22.04400634765625,0.6288615465164185,/root/autodl-fs/PAPER2/redcnn_autodl/save/REDCNN_100000iter.ckpt
145,12,redcnn,22.00971794128418,0.6228554248809814,/root/autodl-fs/PAPER2/redcnn_autodl/save/REDCNN_100000iter.ckpt
146,12,redcnn,19.182931900024414,0.563718318939209,/root/autodl-fs/PAPER2/redcnn_autodl/save/REDCNN_100000iter.ckpt
147,12,redcnn,19.542030334472656,0.5821185111999512,/root/autodl-fs/PAPER2/redcnn_autodl/save/REDCNN_100000iter.ckpt
148,12,redcnn,19.966711044311523,0.5912549495697021,/root/autodl-fs/PAPER2/redcnn_autodl/save/REDCNN_100000iter.ckpt
149,12,redcnn,19.187036514282227,0.5717524886131287,/root/autodl-fs/PAPER2/redcnn_autodl/save/REDCNN_100000iter.ckpt
150,12,redcnn,18.637800216674805,0.5272029638290405,/root/autodl-fs/PAPER2/redcnn_autodl/save/REDCNN_100000iter.ckpt
151,12,redcnn,19.747756958007812,0.5512661337852478,/root/autodl-fs/PAPER2/redcnn_autodl/save/REDCNN_100000iter.ckpt
152,12,redcnn,20.030529022216797,0.5691386461257935,/root/autodl-fs/PAPER2/redcnn_autodl/save/REDCNN_100000iter.ckpt
153,12,redcnn,21.83135223388672,0.6142759323120117,/root/autodl-fs/PAPER2/redcnn_autodl/save/REDCNN_100000iter.ckpt
154,12,redcnn,19.863616943359375,0.5366036891937256,/root/autodl-fs/PAPER2/redcnn_autodl/save/REDCNN_100000iter.ckpt
155,12,redcnn,19.651084899902344,0.5737491250038147,/root/autodl-fs/PAPER2/redcnn_autodl/save/REDCNN_100000iter.ckpt
156,12,redcnn,19.7956485748291,0.568939745426178,/root/autodl-fs/PAPER2/redcnn_autodl/save/REDCNN_100000iter.ckpt
157,12,redcnn,19.403921127319336,0.5766639709472656,/root/autodl-fs/PAPER2/redcnn_autodl/save/REDCNN_100000iter.ckpt
158,12,redcnn,19.06464958190918,0.5351094603538513,/root/autodl-fs/PAPER2/redcnn_autodl/save/REDCNN_100000iter.ckpt
159,12,redcnn,19.018102645874023,0.5645996928215027,/root/autodl-fs/PAPER2/redcnn_autodl/save/REDCNN_100000iter.ckpt
160,12,redcnn,19.998151779174805,0.5989985466003418,/root/autodl-fs/PAPER2/redcnn_autodl/save/REDCNN_100000iter.ckpt
161,12,redcnn,18.601234436035156,0.5042791366577148,/root/autodl-fs/PAPER2/redcnn_autodl/save/REDCNN_100000iter.ckpt
162,12,redcnn,19.21429443359375,0.5592421889305115,/root/autodl-fs/PAPER2/redcnn_autodl/save/REDCNN_100000iter.ckpt
163,12,redcnn,19.33234405517578,0.5719444751739502,/root/autodl-fs/PAPER2/redcnn_autodl/save/REDCNN_100000iter.ckpt
164,12,redcnn,19.067174911499023,0.5564584136009216,/root/autodl-fs/PAPER2/redcnn_autodl/save/REDCNN_100000iter.ckpt
165,12,redcnn,19.279863357543945,0.5457843542098999,/root/autodl-fs/PAPER2/redcnn_autodl/save/REDCNN_100000iter.ckpt
166,12,redcnn,19.450252532958984,0.5506261587142944,/root/autodl-fs/PAPER2/redcnn_autodl/save/REDCNN_100000iter.ckpt
167,12,redcnn,21.452930450439453,0.5995742082595825,/root/autodl-fs/PAPER2/redcnn_autodl/save/REDCNN_100000iter.ckpt
168,12,redcnn,19.631715774536133,0.5678734183311462,/root/autodl-fs/PAPER2/redcnn_autodl/save/REDCNN_100000iter.ckpt
169,12,redcnn,18.721803665161133,0.5348559021949768,/root/autodl-fs/PAPER2/redcnn_autodl/save/REDCNN_100000iter.ckpt
170,12,redcnn,19.328325271606445,0.5544337034225464,/root/autodl-fs/PAPER2/redcnn_autodl/save/REDCNN_100000iter.ckpt
171,12,redcnn,22.116214752197266,0.628018319606781,/root/autodl-fs/PAPER2/redcnn_autodl/save/REDCNN_100000iter.ckpt
172,12,redcnn,19.314830780029297,0.5562773942947388,/root/autodl-fs/PAPER2/redcnn_autodl/save/REDCNN_100000iter.ckpt
173,12,redcnn,24.572689056396484,0.6853132247924805,/root/autodl-fs/PAPER2/redcnn_autodl/save/REDCNN_100000iter.ckpt
174,12,redcnn,18.913959503173828,0.5528170466423035,/root/autodl-fs/PAPER2/redcnn_autodl/save/REDCNN_100000iter.ckpt
175,12,redcnn,19.978208541870117,0.6113316416740417,/root/autodl-fs/PAPER2/redcnn_autodl/save/REDCNN_100000iter.ckpt
176,12,redcnn,18.62693977355957,0.5163753032684326,/root/autodl-fs/PAPER2/redcnn_autodl/save/REDCNN_100000iter.ckpt
177,12,redcnn,18.7200870513916,0.5100784301757812,/root/autodl-fs/PAPER2/redcnn_autodl/save/REDCNN_100000iter.ckpt
178,12,redcnn,19.322721481323242,0.5765839219093323,/root/autodl-fs/PAPER2/redcnn_autodl/save/REDCNN_100000iter.ckpt
179,12,redcnn,19.450599670410156,0.5541961193084717,/root/autodl-fs/PAPER2/redcnn_autodl/save/REDCNN_100000iter.ckpt
180,12,redcnn,21.76675033569336,0.611811637878418,/root/autodl-fs/PAPER2/redcnn_autodl/save/REDCNN_100000iter.ckpt
181,12,redcnn,19.95374298095703,0.5590821504592896,/root/autodl-fs/PAPER2/redcnn_autodl/save/REDCNN_100000iter.ckpt
182,12,redcnn,19.238248825073242,0.5598372220993042,/root/autodl-fs/PAPER2/redcnn_autodl/save/REDCNN_100000iter.ckpt
183,12,redcnn,19.911251068115234,0.5729060769081116,/root/autodl-fs/PAPER2/redcnn_autodl/save/REDCNN_100000iter.ckpt
184,12,redcnn,24.185577392578125,0.6784259080886841,/root/autodl-fs/PAPER2/redcnn_autodl/save/REDCNN_100000iter.ckpt
185,12,redcnn,19.546945571899414,0.5694969296455383,/root/autodl-fs/PAPER2/redcnn_autodl/save/REDCNN_100000iter.ckpt
186,12,redcnn,18.844953536987305,0.5430905222892761,/root/autodl-fs/PAPER2/redcnn_autodl/save/REDCNN_100000iter.ckpt
187,12,redcnn,19.481216430664062,0.5618790984153748,/root/autodl-fs/PAPER2/redcnn_autodl/save/REDCNN_100000iter.ckpt
188,12,redcnn,19.50650405883789,0.5353519916534424,/root/autodl-fs/PAPER2/redcnn_autodl/save/REDCNN_100000iter.ckpt
189,12,redcnn,19.520917892456055,0.5554273128509521,/root/autodl-fs/PAPER2/redcnn_autodl/save/REDCNN_100000iter.ckpt
190,12,redcnn,19.848609924316406,0.5701504945755005,/root/autodl-fs/PAPER2/redcnn_autodl/save/REDCNN_100000iter.ckpt
191,12,redcnn,19.34270668029785,0.5280663371086121,/root/autodl-fs/PAPER2/redcnn_autodl/save/REDCNN_100000iter.ckpt
192,12,redcnn,21.701641082763672,0.608650803565979,/root/autodl-fs/PAPER2/redcnn_autodl/save/REDCNN_100000iter.ckpt
193,12,redcnn,19.81447982788086,0.5631450414657593,/root/autodl-fs/PAPER2/redcnn_autodl/save/REDCNN_100000iter.ckpt
194,12,redcnn,19.10247230529785,0.5611504912376404,/root/autodl-fs/PAPER2/redcnn_autodl/save/REDCNN_100000iter.ckpt
195,12,redcnn,19.24808120727539,0.5701997876167297,/root/autodl-fs/PAPER2/redcnn_autodl/save/REDCNN_100000iter.ckpt
196,12,redcnn,19.210927963256836,0.5534580945968628,/root/autodl-fs/PAPER2/redcnn_autodl/save/REDCNN_100000iter.ckpt
197,12,redcnn,19.557491302490234,0.5365031361579895,/root/autodl-fs/PAPER2/redcnn_autodl/save/REDCNN_100000iter.ckpt
198,12,redcnn,21.961193084716797,0.6184126734733582,/root/autodl-fs/PAPER2/redcnn_autodl/save/REDCNN_100000iter.ckpt
199,12,redcnn,19.83550262451172,0.5690926909446716,/root/autodl-fs/PAPER2/redcnn_autodl/save/REDCNN_100000iter.ckpt
0,12,dudotrans,22.308266389884363,0.6765774615398514,/autodl-fs/data/PAPER2/FH/dudotrans_autodl/results/models/view_030/epoch_019_iter_001799.pth.tar
1,12,dudotrans,21.91768568097678,0.6678349906573773,/autodl-fs/data/PAPER2/FH/dudotrans_autodl/results/models/view_030/epoch_019_iter_001799.pth.tar
2,12,dudotrans,23.90748030635734,0.7570919860473166,/autodl-fs/data/PAPER2/FH/dudotrans_autodl/results/models/view_030/epoch_019_iter_001799.pth.tar
3,12,dudotrans,22.235885507395643,0.683872937984693,/autodl-fs/data/PAPER2/FH/dudotrans_autodl/results/models/view_030/epoch_019_iter_001799.pth.tar
4,12,dudotrans,24.1624493812808,0.7669627392358875,/autodl-fs/data/PAPER2/FH/dudotrans_autodl/results/models/view_030/epoch_019_iter_001799.pth.tar
5,12,dudotrans,22.912360354311588,0.5942080140020644,/autodl-fs/data/PAPER2/FH/dudotrans_autodl/results/models/view_030/epoch_019_iter_001799.pth.tar
6,12,dudotrans,23.602136908275252,0.6891943049694096,/autodl-fs/data/PAPER2/FH/dudotrans_autodl/results/models/view_030/epoch_019_iter_001799.pth.tar
7,12,dudotrans,22.55926458190607,0.7112673833963823,/autodl-fs/data/PAPER2/FH/dudotrans_autodl/results/models/view_030/epoch_019_iter_001799.pth.tar
8,12,dudotrans,22.7896099106794,0.5927349042420422,/autodl-fs/data/PAPER2/FH/dudotrans_autodl/results/models/view_030/epoch_019_iter_001799.pth.tar
9,12,dudotrans,22.230337101728605,0.6873920249469249,/autodl-fs/data/PAPER2/FH/dudotrans_autodl/results/models/view_030/epoch_019_iter_001799.pth.tar
10,12,dudotrans,22.448205936855672,0.713399891914168,/autodl-fs/data/PAPER2/FH/dudotrans_autodl/results/models/view_030/epoch_019_iter_001799.pth.tar
11,12,dudotrans,22.744388389282854,0.7115846453368788,/autodl-fs/data/PAPER2/FH/dudotrans_autodl/results/models/view_030/epoch_019_iter_001799.pth.tar
12,12,dudotrans,23.36551496058872,0.7325639192104842,/autodl-fs/data/PAPER2/FH/dudotrans_autodl/results/models/view_030/epoch_019_iter_001799.pth.tar
13,12,dudotrans,22.01912869018843,0.6840235181754956,/autodl-fs/data/PAPER2/FH/dudotrans_autodl/results/models/view_030/epoch_019_iter_001799.pth.tar
14,12,dudotrans,22.46431956637479,0.6915558821236685,/autodl-fs/data/PAPER2/FH/dudotrans_autodl/results/models/view_030/epoch_019_iter_001799.pth.tar
15,12,dudotrans,22.292583114283797,0.672199782668981,/autodl-fs/data/PAPER2/FH/dudotrans_autodl/results/models/view_030/epoch_019_iter_001799.pth.tar
16,12,dudotrans,22.35489423338589,0.6723548283703463,/autodl-fs/data/PAPER2/FH/dudotrans_autodl/results/models/view_030/epoch_019_iter_001799.pth.tar
17,12,dudotrans,23.95644430223672,0.7591389550818225,/autodl-fs/data/PAPER2/FH/dudotrans_autodl/results/models/view_030/epoch_019_iter_001799.pth.tar
18,12,dudotrans,22.06466226117351,0.637768685654238,/autodl-fs/data/PAPER2/FH/dudotrans_autodl/results/models/view_030/epoch_019_iter_001799.pth.tar
19,12,dudotrans,22.248202207231454,0.6659083627343936,/autodl-fs/data/PAPER2/FH/dudotrans_autodl/results/models/view_030/epoch_019_iter_001799.pth.tar
20,12,dudotrans,22.363588281662224,0.6383073976233774,/autodl-fs/data/PAPER2/FH/dudotrans_autodl/results/models/view_030/epoch_019_iter_001799.pth.tar
21,12,dudotrans,23.754857076614144,0.6273032347335062,/autodl-fs/data/PAPER2/FH/dudotrans_autodl/results/models/view_030/epoch_019_iter_001799.pth.tar
22,12,dudotrans,22.79024716869586,0.5898166428872512,/autodl-fs/data/PAPER2/FH/dudotrans_autodl/results/models/view_030/epoch_019_iter_001799.pth.tar
23,12,dudotrans,22.453358844067314,0.7005114745723866,/autodl-fs/data/PAPER2/FH/dudotrans_autodl/results/models/view_030/epoch_019_iter_001799.pth.tar
24,12,dudotrans,22.351209136176827,0.6806031810366817,/autodl-fs/data/PAPER2/FH/dudotrans_autodl/results/models/view_030/epoch_019_iter_001799.pth.tar
25,12,dudotrans,22.61911788822083,0.7011893649980313,/autodl-fs/data/PAPER2/FH/dudotrans_autodl/results/models/view_030/epoch_019_iter_001799.pth.tar
26,12,dudotrans,21.65640542130431,0.6620955322396554,/autodl-fs/data/PAPER2/FH/dudotrans_autodl/results/models/view_030/epoch_019_iter_001799.pth.tar
27,12,dudotrans,22.172366304860056,0.6928159316557324,/autodl-fs/data/PAPER2/FH/dudotrans_autodl/results/models/view_030/epoch_019_iter_001799.pth.tar
28,12,dudotrans,22.97733892851076,0.5954896260002318,/autodl-fs/data/PAPER2/FH/dudotrans_autodl/results/models/view_030/epoch_019_iter_001799.pth.tar
29,12,dudotrans,22.682706245026353,0.7041353368427427,/autodl-fs/data/PAPER2/FH/dudotrans_autodl/results/models/view_030/epoch_019_iter_001799.pth.tar
30,12,dudotrans,24.55218143070755,0.7826501224169414,/autodl-fs/data/PAPER2/FH/dudotrans_autodl/results/models/view_030/epoch_019_iter_001799.pth.tar
31,12,dudotrans,22.015174290077834,0.6747554222366895,/autodl-fs/data/PAPER2/FH/dudotrans_autodl/results/models/view_030/epoch_019_iter_001799.pth.tar
32,12,dudotrans,23.227511942506883,0.6878881547685812,/autodl-fs/data/PAPER2/FH/dudotrans_autodl/results/models/view_030/epoch_019_iter_001799.pth.tar
33,12,dudotrans,22.456617435778597,0.6997633161507137,/autodl-fs/data/PAPER2/FH/dudotrans_autodl/results/models/view_030/epoch_019_iter_001799.pth.tar
34,12,dudotrans,23.0759323981737,0.725617012403505,/autodl-fs/data/PAPER2/FH/dudotrans_autodl/results/models/view_030/epoch_019_iter_001799.pth.tar
35,12,dudotrans,22.451873234662095,0.6804752726491761,/autodl-fs/data/PAPER2/FH/dudotrans_autodl/results/models/view_030/epoch_019_iter_001799.pth.tar
36,12,dudotrans,23.621908885488057,0.6209431932571975,/autodl-fs/data/PAPER2/FH/dudotrans_autodl/results/models/view_030/epoch_019_iter_001799.pth.tar
37,12,dudotrans,22.66563072602679,0.5871998257463614,/autodl-fs/data/PAPER2/FH/dudotrans_autodl/results/models/view_030/epoch_019_iter_001799.pth.tar
38,12,dudotrans,22.116962790244937,0.6891654495093754,/autodl-fs/data/PAPER2/FH/dudotrans_autodl/results/models/view_030/epoch_019_iter_001799.pth.tar
39,12,dudotrans,23.175778046582938,0.7293799492371411,/autodl-fs/data/PAPER2/FH/dudotrans_autodl/results/models/view_030/epoch_019_iter_001799.pth.tar
40,12,dudotrans,23.64283784465867,0.6941649489890733,/autodl-fs/data/PAPER2/FH/dudotrans_autodl/results/models/view_030/epoch_019_iter_001799.pth.tar
41,12,dudotrans,23.07275559149557,0.7308395724541045,/autodl-fs/data/PAPER2/FH/dudotrans_autodl/results/models/view_030/epoch_019_iter_001799.pth.tar
42,12,dudotrans,23.489508400145958,0.745652637193066,/autodl-fs/data/PAPER2/FH/dudotrans_autodl/results/models/view_030/epoch_019_iter_001799.pth.tar
43,12,dudotrans,22.550843505317264,0.5825905889465703,/autodl-fs/data/PAPER2/FH/dudotrans_autodl/results/models/view_030/epoch_019_iter_001799.pth.tar
44,12,dudotrans,23.91709554880732,0.7522334431361504,/autodl-fs/data/PAPER2/FH/dudotrans_autodl/results/models/view_030/epoch_019_iter_001799.pth.tar
45,12,dudotrans,22.200396463457444,0.6869896511103616,/autodl-fs/data/PAPER2/FH/dudotrans_autodl/results/models/view_030/epoch_019_iter_001799.pth.tar
46,12,dudotrans,22.436777640300576,0.6956185440237386,/autodl-fs/data/PAPER2/FH/dudotrans_autodl/results/models/view_030/epoch_019_iter_001799.pth.tar
47,12,dudotrans,23.418907347930027,0.7375416505608784,/autodl-fs/data/PAPER2/FH/dudotrans_autodl/results/models/view_030/epoch_019_iter_001799.pth.tar
48,12,dudotrans,24.242468889840186,0.6307267377665564,/autodl-fs/data/PAPER2/FH/dudotrans_autodl/results/models/view_030/epoch_019_iter_001799.pth.tar
49,12,dudotrans,22.06477117382082,0.6762854239206914,/autodl-fs/data/PAPER2/FH/dudotrans_autodl/results/models/view_030/epoch_019_iter_001799.pth.tar
50,12,dudotrans,22.53601291544506,0.5810008121724834,/autodl-fs/data/PAPER2/FH/dudotrans_autodl/results/models/view_030/epoch_019_iter_001799.pth.tar
51,12,dudotrans,23.166262235022202,0.6169542023762172,/autodl-fs/data/PAPER2/FH/dudotrans_autodl/results/models/view_030/epoch_019_iter_001799.pth.tar
52,12,dudotrans,23.238106971663886,0.7354913113849721,/autodl-fs/data/PAPER2/FH/dudotrans_autodl/results/models/view_030/epoch_019_iter_001799.pth.tar
53,12,dudotrans,22.96807416837162,0.7140398433007813,/autodl-fs/data/PAPER2/FH/dudotrans_autodl/results/models/view_030/epoch_019_iter_001799.pth.tar
54,12,dudotrans,22.407573312919222,0.7087431445044861,/autodl-fs/data/PAPER2/FH/dudotrans_autodl/results/models/view_030/epoch_019_iter_001799.pth.tar
55,12,dudotrans,23.202098255040863,0.7273150366903842,/autodl-fs/data/PAPER2/FH/dudotrans_autodl/results/models/view_030/epoch_019_iter_001799.pth.tar
56,12,dudotrans,22.123885976223757,0.6833381398476847,/autodl-fs/data/PAPER2/FH/dudotrans_autodl/results/models/view_030/epoch_019_iter_001799.pth.tar
57,12,dudotrans,21.84200787102068,0.6697195168049319,/autodl-fs/data/PAPER2/FH/dudotrans_autodl/results/models/view_030/epoch_019_iter_001799.pth.tar
58,12,dudotrans,22.431886473971147,0.6887250736123748,/autodl-fs/data/PAPER2/FH/dudotrans_autodl/results/models/view_030/epoch_019_iter_001799.pth.tar
59,12,dudotrans,22.2757161481561,0.6742756180535215,/autodl-fs/data/PAPER2/FH/dudotrans_autodl/results/models/view_030/epoch_019_iter_001799.pth.tar
60,12,dudotrans,23.25680976523538,0.7327182964308706,/autodl-fs/data/PAPER2/FH/dudotrans_autodl/results/models/view_030/epoch_019_iter_001799.pth.tar
61,12,dudotrans,23.074475793497303,0.7298938222427506,/autodl-fs/data/PAPER2/FH/dudotrans_autodl/results/models/view_030/epoch_019_iter_001799.pth.tar
62,12,dudotrans,24.338153582852676,0.7917501663558049,/autodl-fs/data/PAPER2/FH/dudotrans_autodl/results/models/view_030/epoch_019_iter_001799.pth.tar
63,12,dudotrans,21.933257158655252,0.6199547854245393,/autodl-fs/data/PAPER2/FH/dudotrans_autodl/results/models/view_030/epoch_019_iter_001799.pth.tar
64,12,dudotrans,23.102314034155782,0.725506521975582,/autodl-fs/data/PAPER2/FH/dudotrans_autodl/results/models/view_030/epoch_019_iter_001799.pth.tar
65,12,dudotrans,23.553275981985266,0.6202541186603611,/autodl-fs/data/PAPER2/FH/dudotrans_autodl/results/models/view_030/epoch_019_iter_001799.pth.tar
66,12,dudotrans,24.16470756279312,0.6283613560025685,/autodl-fs/data/PAPER2/FH/dudotrans_autodl/results/models/view_030/epoch_019_iter_001799.pth.tar
67,12,dudotrans,22.639171631235293,0.7175035417342918,/autodl-fs/data/PAPER2/FH/dudotrans_autodl/results/models/view_030/epoch_019_iter_001799.pth.tar
68,12,dudotrans,22.867892607786857,0.5919987969019264,/autodl-fs/data/PAPER2/FH/dudotrans_autodl/results/models/view_030/epoch_019_iter_001799.pth.tar
69,12,dudotrans,22.359509543086627,0.5778931392967509,/autodl-fs/data/PAPER2/FH/dudotrans_autodl/results/models/view_030/epoch_019_iter_001799.pth.tar
70,12,dudotrans,22.44717426824642,0.6959031755617987,/autodl-fs/data/PAPER2/FH/dudotrans_autodl/results/models/view_030/epoch_019_iter_001799.pth.tar
71,12,dudotrans,21.96278731934686,0.6695097782312188,/autodl-fs/data/PAPER2/FH/dudotrans_autodl/results/models/view_030/epoch_019_iter_001799.pth.tar
72,12,dudotrans,22.307995880215966,0.6435400908182849,/autodl-fs/data/PAPER2/FH/dudotrans_autodl/results/models/view_030/epoch_019_iter_001799.pth.tar
73,12,dudotrans,24.679405035354335,0.6361494282719012,/autodl-fs/data/PAPER2/FH/dudotrans_autodl/results/models/view_030/epoch_019_iter_001799.pth.tar
74,12,dudotrans,22.962924239046245,0.7258811584640009,/autodl-fs/data/PAPER2/FH/dudotrans_autodl/results/models/view_030/epoch_019_iter_001799.pth.tar
75,12,dudotrans,22.423740288632192,0.6919208995780342,/autodl-fs/data/PAPER2/FH/dudotrans_autodl/results/models/view_030/epoch_019_iter_001799.pth.tar
76,12,dudotrans,24.15541678083271,0.6282061746443219,/autodl-fs/data/PAPER2/FH/dudotrans_autodl/results/models/view_030/epoch_019_iter_001799.pth.tar
77,12,dudotrans,22.10573074645008,0.6911379255998198,/autodl-fs/data/PAPER2/FH/dudotrans_autodl/results/models/view_030/epoch_019_iter_001799.pth.tar
78,12,dudotrans,22.140464311791803,0.6840562516508069,/autodl-fs/data/PAPER2/FH/dudotrans_autodl/results/models/view_030/epoch_019_iter_001799.pth.tar
79,12,dudotrans,22.52056099753816,0.6821193620783262,/autodl-fs/data/PAPER2/FH/dudotrans_autodl/results/models/view_030/epoch_019_iter_001799.pth.tar
80,12,dudotrans,22.652139691271227,0.5827256825161785,/autodl-fs/data/PAPER2/FH/dudotrans_autodl/results/models/view_030/epoch_019_iter_001799.pth.tar
81,12,dudotrans,23.271794810399857,0.7337001308860077,/autodl-fs/data/PAPER2/FH/dudotrans_autodl/results/models/view_030/epoch_019_iter_001799.pth.tar
82,12,dudotrans,22.634768715139167,0.7041394896374159,/autodl-fs/data/PAPER2/FH/dudotrans_autodl/results/models/view_030/epoch_019_iter_001799.pth.tar
83,12,dudotrans,22.087643879562027,0.6427093346648518,/autodl-fs/data/PAPER2/FH/dudotrans_autodl/results/models/view_030/epoch_019_iter_001799.pth.tar
84,12,dudotrans,22.240930010946688,0.6765652780252102,/autodl-fs/data/PAPER2/FH/dudotrans_autodl/results/models/view_030/epoch_019_iter_001799.pth.tar
85,12,dudotrans,22.369439290902825,0.695038799843752,/autodl-fs/data/PAPER2/FH/dudotrans_autodl/results/models/view_030/epoch_019_iter_001799.pth.tar
86,12,dudotrans,22.29381857739903,0.6767781497091895,/autodl-fs/data/PAPER2/FH/dudotrans_autodl/results/models/view_030/epoch_019_iter_001799.pth.tar
87,12,dudotrans,23.29464138733477,0.61463028406406,/autodl-fs/data/PAPER2/FH/dudotrans_autodl/results/models/view_030/epoch_019_iter_001799.pth.tar
88,12,dudotrans,23.077488427109362,0.60980613025222,/autodl-fs/data/PAPER2/FH/dudotrans_autodl/results/models/view_030/epoch_019_iter_001799.pth.tar
89,12,dudotrans,22.646481506808826,0.5884886934965158,/autodl-fs/data/PAPER2/FH/dudotrans_autodl/results/models/view_030/epoch_019_iter_001799.pth.tar
90,12,dudotrans,22.407130838006424,0.6765534751605411,/autodl-fs/data/PAPER2/FH/dudotrans_autodl/results/models/view_030/epoch_019_iter_001799.pth.tar
91,12,dudotrans,23.37457583580836,0.7328277569746888,/autodl-fs/data/PAPER2/FH/dudotrans_autodl/results/models/view_030/epoch_019_iter_001799.pth.tar
92,12,dudotrans,23.358582057028396,0.7352205782450931,/autodl-fs/data/PAPER2/FH/dudotrans_autodl/results/models/view_030/epoch_019_iter_001799.pth.tar
93,12,dudotrans,22.64950882325925,0.6868543399846481,/autodl-fs/data/PAPER2/FH/dudotrans_autodl/results/models/view_030/epoch_019_iter_001799.pth.tar
94,12,dudotrans,23.034411726831237,0.6028745296476521,/autodl-fs/data/PAPER2/FH/dudotrans_autodl/results/models/view_030/epoch_019_iter_001799.pth.tar
95,12,dudotrans,22.78109143769164,0.6947882806475656,/autodl-fs/data/PAPER2/FH/dudotrans_autodl/results/models/view_030/epoch_019_iter_001799.pth.tar
96,12,dudotrans,22.51393973754911,0.6973737061406996,/autodl-fs/data/PAPER2/FH/dudotrans_autodl/results/models/view_030/epoch_019_iter_001799.pth.tar
97,12,dudotrans,23.556227740714757,0.6867448910704917,/autodl-fs/data/PAPER2/FH/dudotrans_autodl/results/models/view_030/epoch_019_iter_001799.pth.tar
98,12,dudotrans,22.212127607928398,0.6806574839156933,/autodl-fs/data/PAPER2/FH/dudotrans_autodl/results/models/view_030/epoch_019_iter_001799.pth.tar
99,12,dudotrans,22.104209435336003,0.6907192979308163,/autodl-fs/data/PAPER2/FH/dudotrans_autodl/results/models/view_030/epoch_019_iter_001799.pth.tar
100,12,dudotrans,22.386989864128537,0.6959956347586785,/autodl-fs/data/PAPER2/FH/dudotrans_autodl/results/models/view_030/epoch_019_iter_001799.pth.tar
101,12,dudotrans,22.413737507431986,0.693500017218317,/autodl-fs/data/PAPER2/FH/dudotrans_autodl/results/models/view_030/epoch_019_iter_001799.pth.tar
102,12,dudotrans,22.28310398859108,0.6856324695714163,/autodl-fs/data/PAPER2/FH/dudotrans_autodl/results/models/view_030/epoch_019_iter_001799.pth.tar
103,12,dudotrans,22.528166463796843,0.5828604887133926,/autodl-fs/data/PAPER2/FH/dudotrans_autodl/results/models/view_030/epoch_019_iter_001799.pth.tar
104,12,dudotrans,21.981676514792163,0.667441988639982,/autodl-fs/data/PAPER2/FH/dudotrans_autodl/results/models/view_030/epoch_019_iter_001799.pth.tar
105,12,dudotrans,22.58174464974188,0.5831655570502358,/autodl-fs/data/PAPER2/FH/dudotrans_autodl/results/models/view_030/epoch_019_iter_001799.pth.tar
106,12,dudotrans,23.88191954969884,0.6314595516016284,/autodl-fs/data/PAPER2/FH/dudotrans_autodl/results/models/view_030/epoch_019_iter_001799.pth.tar
107,12,dudotrans,22.586399019055122,0.7020375354192111,/autodl-fs/data/PAPER2/FH/dudotrans_autodl/results/models/view_030/epoch_019_iter_001799.pth.tar
108,12,dudotrans,22.42341848722949,0.6848081093786677,/autodl-fs/data/PAPER2/FH/dudotrans_autodl/results/models/view_030/epoch_019_iter_001799.pth.tar
109,12,dudotrans,23.310260708859218,0.6091471116416882,/autodl-fs/data/PAPER2/FH/dudotrans_autodl/results/models/view_030/epoch_019_iter_001799.pth.tar
110,12,dudotrans,22.82880913840947,0.5938642932661753,/autodl-fs/data/PAPER2/FH/dudotrans_autodl/results/models/view_030/epoch_019_iter_001799.pth.tar
111,12,dudotrans,22.091012286362826,0.6835041036682286,/autodl-fs/data/PAPER2/FH/dudotrans_autodl/results/models/view_030/epoch_019_iter_001799.pth.tar
112,12,dudotrans,22.883831063366426,0.6992597051352851,/autodl-fs/data/PAPER2/FH/dudotrans_autodl/results/models/view_030/epoch_019_iter_001799.pth.tar
113,12,dudotrans,22.35623865984243,0.6973297706960795,/autodl-fs/data/PAPER2/FH/dudotrans_autodl/results/models/view_030/epoch_019_iter_001799.pth.tar
114,12,dudotrans,24.131746812083886,0.7660156972615407,/autodl-fs/data/PAPER2/FH/dudotrans_autodl/results/models/view_030/epoch_019_iter_001799.pth.tar
115,12,dudotrans,23.520682720129955,0.6897772248329048,/autodl-fs/data/PAPER2/FH/dudotrans_autodl/results/models/view_030/epoch_019_iter_001799.pth.tar
116,12,dudotrans,23.30256845725632,0.7330795187558755,/autodl-fs/data/PAPER2/FH/dudotrans_autodl/results/models/view_030/epoch_019_iter_001799.pth.tar
117,12,dudotrans,23.231688561177837,0.6105481890664721,/autodl-fs/data/PAPER2/FH/dudotrans_autodl/results/models/view_030/epoch_019_iter_001799.pth.tar
118,12,dudotrans,22.49778970844302,0.7014555143973443,/autodl-fs/data/PAPER2/FH/dudotrans_autodl/results/models/view_030/epoch_019_iter_001799.pth.tar
119,12,dudotrans,24.316532726064843,0.7042042520602029,/autodl-fs/data/PAPER2/FH/dudotrans_autodl/results/models/view_030/epoch_019_iter_001799.pth.tar
120,12,dudotrans,21.852504063904608,0.665937794367959,/autodl-fs/data/PAPER2/FH/dudotrans_autodl/results/models/view_030/epoch_019_iter_001799.pth.tar
121,12,dudotrans,22.02029868976907,0.6361731485696169,/autodl-fs/data/PAPER2/FH/dudotrans_autodl/results/models/view_030/epoch_019_iter_001799.pth.tar
122,12,dudotrans,21.908186294035474,0.6654964069723275,/autodl-fs/data/PAPER2/FH/dudotrans_autodl/results/models/view_030/epoch_019_iter_001799.pth.tar
123,12,dudotrans,22.50620844896102,0.7238939381920739,/autodl-fs/data/PAPER2/FH/dudotrans_autodl/results/models/view_030/epoch_019_iter_001799.pth.tar
124,12,dudotrans,22.396708195537506,0.6394445999150693,/autodl-fs/data/PAPER2/FH/dudotrans_autodl/results/models/view_030/epoch_019_iter_001799.pth.tar
125,12,dudotrans,23.296838734130358,0.7311901740078459,/autodl-fs/data/PAPER2/FH/dudotrans_autodl/results/models/view_030/epoch_019_iter_001799.pth.tar
126,12,dudotrans,22.413294928247094,0.5829123856331337,/autodl-fs/data/PAPER2/FH/dudotrans_autodl/results/models/view_030/epoch_019_iter_001799.pth.tar
127,12,dudotrans,22.349191726276203,0.6921726051916826,/autodl-fs/data/PAPER2/FH/dudotrans_autodl/results/models/view_030/epoch_019_iter_001799.pth.tar
128,12,dudotrans,22.13881903788923,0.682397708045578,/autodl-fs/data/PAPER2/FH/dudotrans_autodl/results/models/view_030/epoch_019_iter_001799.pth.tar
129,12,dudotrans,23.48475340697093,0.7446721100575018,/autodl-fs/data/PAPER2/FH/dudotrans_autodl/results/models/view_030/epoch_019_iter_001799.pth.tar
130,12,dudotrans,22.15547722093113,0.5667444242841703,/autodl-fs/data/PAPER2/FH/dudotrans_autodl/results/models/view_030/epoch_019_iter_001799.pth.tar
131,12,dudotrans,22.537994545465892,0.5823011945454477,/autodl-fs/data/PAPER2/FH/dudotrans_autodl/results/models/view_030/epoch_019_iter_001799.pth.tar
132,12,dudotrans,23.28707524224068,0.7360425099135852,/autodl-fs/data/PAPER2/FH/dudotrans_autodl/results/models/view_030/epoch_019_iter_001799.pth.tar
133,12,dudotrans,21.937590567627538,0.6625072501633138,/autodl-fs/data/PAPER2/FH/dudotrans_autodl/results/models/view_030/epoch_019_iter_001799.pth.tar
134,12,dudotrans,23.170231394481604,0.7309016255604864,/autodl-fs/data/PAPER2/FH/dudotrans_autodl/results/models/view_030/epoch_019_iter_001799.pth.tar
135,12,dudotrans,22.04024209142364,0.6271759596186999,/autodl-fs/data/PAPER2/FH/dudotrans_autodl/results/models/view_030/epoch_019_iter_001799.pth.tar
136,12,dudotrans,22.893908670609456,0.7137529052628683,/autodl-fs/data/PAPER2/FH/dudotrans_autodl/results/models/view_030/epoch_019_iter_001799.pth.tar
137,12,dudotrans,22.022570789274983,0.641921570063023,/autodl-fs/data/PAPER2/FH/dudotrans_autodl/results/models/view_030/epoch_019_iter_001799.pth.tar
138,12,dudotrans,22.85956753318194,0.7224971588676175,/autodl-fs/data/PAPER2/FH/dudotrans_autodl/results/models/view_030/epoch_019_iter_001799.pth.tar
139,12,dudotrans,22.647669165624514,0.5946889988590153,/autodl-fs/data/PAPER2/FH/dudotrans_autodl/results/models/view_030/epoch_019_iter_001799.pth.tar
140,12,dudotrans,22.564853807311973,0.69336308795911,/autodl-fs/data/PAPER2/FH/dudotrans_autodl/results/models/view_030/epoch_019_iter_001799.pth.tar
141,12,dudotrans,22.7964945383455,0.5897296391391744,/autodl-fs/data/PAPER2/FH/dudotrans_autodl/results/models/view_030/epoch_019_iter_001799.pth.tar
142,12,dudotrans,23.809191998194642,0.6266871643238325,/autodl-fs/data/PAPER2/FH/dudotrans_autodl/results/models/view_030/epoch_019_iter_001799.pth.tar
143,12,dudotrans,22.582067511991593,0.7069336491581447,/autodl-fs/data/PAPER2/FH/dudotrans_autodl/results/models/view_030/epoch_019_iter_001799.pth.tar
144,12,dudotrans,23.118435012682205,0.6121325044822441,/autodl-fs/data/PAPER2/FH/dudotrans_autodl/results/models/view_030/epoch_019_iter_001799.pth.tar
145,12,dudotrans,22.927107818323375,0.5943393727016566,/autodl-fs/data/PAPER2/FH/dudotrans_autodl/results/models/view_030/epoch_019_iter_001799.pth.tar
146,12,dudotrans,22.22659868273643,0.6711753200630125,/autodl-fs/data/PAPER2/FH/dudotrans_autodl/results/models/view_030/epoch_019_iter_001799.pth.tar
147,12,dudotrans,23.5796338265872,0.7452627378261208,/autodl-fs/data/PAPER2/FH/dudotrans_autodl/results/models/view_030/epoch_019_iter_001799.pth.tar
148,12,dudotrans,22.47152353366613,0.7244929281286893,/autodl-fs/data/PAPER2/FH/dudotrans_autodl/results/models/view_030/epoch_019_iter_001799.pth.tar
149,12,dudotrans,22.438799132973784,0.6930387397501478,/autodl-fs/data/PAPER2/FH/dudotrans_autodl/results/models/view_030/epoch_019_iter_001799.pth.tar
150,12,dudotrans,21.872971128134168,0.6310800395369933,/autodl-fs/data/PAPER2/FH/dudotrans_autodl/results/models/view_030/epoch_019_iter_001799.pth.tar
151,12,dudotrans,22.676743444332537,0.6958563323056343,/autodl-fs/data/PAPER2/FH/dudotrans_autodl/results/models/view_030/epoch_019_iter_001799.pth.tar
152,12,dudotrans,22.58208698228749,0.7170751146285165,/autodl-fs/data/PAPER2/FH/dudotrans_autodl/results/models/view_030/epoch_019_iter_001799.pth.tar
153,12,dudotrans,22.670573895154725,0.5868634146270854,/autodl-fs/data/PAPER2/FH/dudotrans_autodl/results/models/view_030/epoch_019_iter_001799.pth.tar
154,12,dudotrans,22.18591910961901,0.689553844445855,/autodl-fs/data/PAPER2/FH/dudotrans_autodl/results/models/view_030/epoch_019_iter_001799.pth.tar
155,12,dudotrans,22.46137427139495,0.6935300388649943,/autodl-fs/data/PAPER2/FH/dudotrans_autodl/results/models/view_030/epoch_019_iter_001799.pth.tar
156,12,dudotrans,22.773452631280367,0.7109131945868067,/autodl-fs/data/PAPER2/FH/dudotrans_autodl/results/models/view_030/epoch_019_iter_001799.pth.tar
157,12,dudotrans,22.35631187900543,0.6891782588231282,/autodl-fs/data/PAPER2/FH/dudotrans_autodl/results/models/view_030/epoch_019_iter_001799.pth.tar
158,12,dudotrans,22.058931901854557,0.6666327701678515,/autodl-fs/data/PAPER2/FH/dudotrans_autodl/results/models/view_030/epoch_019_iter_001799.pth.tar
159,12,dudotrans,22.149863862303064,0.6806007314331005,/autodl-fs/data/PAPER2/FH/dudotrans_autodl/results/models/view_030/epoch_019_iter_001799.pth.tar
160,12,dudotrans,22.425102728524323,0.7331257455403014,/autodl-fs/data/PAPER2/FH/dudotrans_autodl/results/models/view_030/epoch_019_iter_001799.pth.tar
161,12,dudotrans,22.4937099155795,0.6480014469060438,/autodl-fs/data/PAPER2/FH/dudotrans_autodl/results/models/view_030/epoch_019_iter_001799.pth.tar
162,12,dudotrans,22.40923662915307,0.6898804965642523,/autodl-fs/data/PAPER2/FH/dudotrans_autodl/results/models/view_030/epoch_019_iter_001799.pth.tar
163,12,dudotrans,22.395570132606654,0.6977338760498781,/autodl-fs/data/PAPER2/FH/dudotrans_autodl/results/models/view_030/epoch_019_iter_001799.pth.tar
164,12,dudotrans,22.515499983420234,0.6962824380651778,/autodl-fs/data/PAPER2/FH/dudotrans_autodl/results/models/view_030/epoch_019_iter_001799.pth.tar
165,12,dudotrans,22.19095028846665,0.6810981089116135,/autodl-fs/data/PAPER2/FH/dudotrans_autodl/results/models/view_030/epoch_019_iter_001799.pth.tar
166,12,dudotrans,22.502422162405257,0.696754320336064,/autodl-fs/data/PAPER2/FH/dudotrans_autodl/results/models/view_030/epoch_019_iter_001799.pth.tar
167,12,dudotrans,22.55039663154612,0.5810467789409598,/autodl-fs/data/PAPER2/FH/dudotrans_autodl/results/models/view_030/epoch_019_iter_001799.pth.tar
168,12,dudotrans,23.358338740108927,0.6860318595742432,/autodl-fs/data/PAPER2/FH/dudotrans_autodl/results/models/view_030/epoch_019_iter_001799.pth.tar
169,12,dudotrans,21.88831810952553,0.6626552634203507,/autodl-fs/data/PAPER2/FH/dudotrans_autodl/results/models/view_030/epoch_019_iter_001799.pth.tar
170,12,dudotrans,22.186535107589542,0.6850868458991033,/autodl-fs/data/PAPER2/FH/dudotrans_autodl/results/models/view_030/epoch_019_iter_001799.pth.tar
171,12,dudotrans,23.22829979477114,0.6067107892512007,/autodl-fs/data/PAPER2/FH/dudotrans_autodl/results/models/view_030/epoch_019_iter_001799.pth.tar
172,12,dudotrans,22.361832000386705,0.6898594110700966,/autodl-fs/data/PAPER2/FH/dudotrans_autodl/results/models/view_030/epoch_019_iter_001799.pth.tar
173,12,dudotrans,24.81112186255286,0.6400051583673546,/autodl-fs/data/PAPER2/FH/dudotrans_autodl/results/models/view_030/epoch_019_iter_001799.pth.tar
174,12,dudotrans,22.40318466928332,0.685751066138409,/autodl-fs/data/PAPER2/FH/dudotrans_autodl/results/models/view_030/epoch_019_iter_001799.pth.tar
175,12,dudotrans,22.94064702084279,0.7069362820173588,/autodl-fs/data/PAPER2/FH/dudotrans_autodl/results/models/view_030/epoch_019_iter_001799.pth.tar
176,12,dudotrans,22.0054411640066,0.6352053121354959,/autodl-fs/data/PAPER2/FH/dudotrans_autodl/results/models/view_030/epoch_019_iter_001799.pth.tar
177,12,dudotrans,22.53510172464282,0.647928473729181,/autodl-fs/data/PAPER2/FH/dudotrans_autodl/results/models/view_030/epoch_019_iter_001799.pth.tar
178,12,dudotrans,22.72111379875389,0.7053860473935869,/autodl-fs/data/PAPER2/FH/dudotrans_autodl/results/models/view_030/epoch_019_iter_001799.pth.tar
179,12,dudotrans,22.33174726689683,0.6887725412860399,/autodl-fs/data/PAPER2/FH/dudotrans_autodl/results/models/view_030/epoch_019_iter_001799.pth.tar
180,12,dudotrans,22.4653666219292,0.5857788398852234,/autodl-fs/data/PAPER2/FH/dudotrans_autodl/results/models/view_030/epoch_019_iter_001799.pth.tar
181,12,dudotrans,22.683397094816257,0.693211311116075,/autodl-fs/data/PAPER2/FH/dudotrans_autodl/results/models/view_030/epoch_019_iter_001799.pth.tar
182,12,dudotrans,22.32821954079446,0.6849347265840348,/autodl-fs/data/PAPER2/FH/dudotrans_autodl/results/models/view_030/epoch_019_iter_001799.pth.tar
183,12,dudotrans,23.161571854956566,0.7066270255314223,/autodl-fs/data/PAPER2/FH/dudotrans_autodl/results/models/view_030/epoch_019_iter_001799.pth.tar
184,12,dudotrans,24.241005301321607,0.6310565313049417,/autodl-fs/data/PAPER2/FH/dudotrans_autodl/results/models/view_030/epoch_019_iter_001799.pth.tar
185,12,dudotrans,22.343193531153872,0.6965149039086906,/autodl-fs/data/PAPER2/FH/dudotrans_autodl/results/models/view_030/epoch_019_iter_001799.pth.tar
186,12,dudotrans,22.046953381905602,0.6699851812516331,/autodl-fs/data/PAPER2/FH/dudotrans_autodl/results/models/view_030/epoch_019_iter_001799.pth.tar
187,12,dudotrans,22.608923555983402,0.700544536559389,/autodl-fs/data/PAPER2/FH/dudotrans_autodl/results/models/view_030/epoch_019_iter_001799.pth.tar
188,12,dudotrans,22.51534282378611,0.6866056930161046,/autodl-fs/data/PAPER2/FH/dudotrans_autodl/results/models/view_030/epoch_019_iter_001799.pth.tar
189,12,dudotrans,22.49764114329876,0.7035388310226209,/autodl-fs/data/PAPER2/FH/dudotrans_autodl/results/models/view_030/epoch_019_iter_001799.pth.tar
190,12,dudotrans,23.038582707111942,0.7017646889052033,/autodl-fs/data/PAPER2/FH/dudotrans_autodl/results/models/view_030/epoch_019_iter_001799.pth.tar
191,12,dudotrans,22.234077699570314,0.6881842956077513,/autodl-fs/data/PAPER2/FH/dudotrans_autodl/results/models/view_030/epoch_019_iter_001799.pth.tar
192,12,dudotrans,22.77317331826486,0.5899340589845066,/autodl-fs/data/PAPER2/FH/dudotrans_autodl/results/models/view_030/epoch_019_iter_001799.pth.tar
193,12,dudotrans,22.734973262415426,0.7198910087308791,/autodl-fs/data/PAPER2/FH/dudotrans_autodl/results/models/view_030/epoch_019_iter_001799.pth.tar
194,12,dudotrans,22.968861062007996,0.6883787459019686,/autodl-fs/data/PAPER2/FH/dudotrans_autodl/results/models/view_030/epoch_019_iter_001799.pth.tar
195,12,dudotrans,22.45865603047006,0.6751961576854024,/autodl-fs/data/PAPER2/FH/dudotrans_autodl/results/models/view_030/epoch_019_iter_001799.pth.tar
196,12,dudotrans,22.317643795957082,0.6791794926320319,/autodl-fs/data/PAPER2/FH/dudotrans_autodl/results/models/view_030/epoch_019_iter_001799.pth.tar
197,12,dudotrans,22.693470624642842,0.6859152208195779,/autodl-fs/data/PAPER2/FH/dudotrans_autodl/results/models/view_030/epoch_019_iter_001799.pth.tar
198,12,dudotrans,22.79958592465484,0.5928623360094036,/autodl-fs/data/PAPER2/FH/dudotrans_autodl/results/models/view_030/epoch_019_iter_001799.pth.tar
199,12,dudotrans,22.685995007544385,0.7113742415769314,/autodl-fs/data/PAPER2/FH/dudotrans_autodl/results/models/view_030/epoch_019_iter_001799.pth.tar
0,12,cascade,30.285839080810547,0.8348859548568726,weights/cascade_original_S12.pth
1,12,cascade,29.861515045166016,0.822754442691803,weights/cascade_original_S12.pth
2,12,cascade,32.55615997314453,0.8823571801185608,weights/cascade_original_S12.pth
3,12,cascade,31.37671661376953,0.8734299540519714,weights/cascade_original_S12.pth
4,12,cascade,32.906002044677734,0.8856723308563232,weights/cascade_original_S12.pth
5,12,cascade,31.030227661132812,0.8564783334732056,weights/cascade_original_S12.pth
6,12,cascade,31.376304626464844,0.8212141394615173,weights/cascade_original_S12.pth
7,12,cascade,30.707801818847656,0.8585538268089294,weights/cascade_original_S12.pth
8,12,cascade,30.256237030029297,0.8507466316223145,weights/cascade_original_S12.pth
9,12,cascade,31.632089614868164,0.872651219367981,weights/cascade_original_S12.pth
10,12,cascade,31.758554458618164,0.8753423690795898,weights/cascade_original_S12.pth
11,12,cascade,29.842679977416992,0.8234730958938599,weights/cascade_original_S12.pth
12,12,cascade,30.896881103515625,0.7832270860671997,weights/cascade_original_S12.pth
13,12,cascade,30.64701271057129,0.8493255972862244,weights/cascade_original_S12.pth
14,12,cascade,28.624324798583984,0.8071842789649963,weights/cascade_original_S12.pth
15,12,cascade,29.990154266357422,0.8036479353904724,weights/cascade_original_S12.pth
16,12,cascade,31.48700714111328,0.8705672025680542,weights/cascade_original_S12.pth
17,12,cascade,32.21311950683594,0.8748494982719421,weights/cascade_original_S12.pth
18,12,cascade,28.191364288330078,0.8050671815872192,weights/cascade_original_S12.pth
19,12,cascade,29.917957305908203,0.8099716901779175,weights/cascade_original_S12.pth
20,12,cascade,30.13351058959961,0.8188873529434204,weights/cascade_original_S12.pth
21,12,cascade,31.919048309326172,0.8418512344360352,weights/cascade_original_S12.pth
22,12,cascade,30.884796142578125,0.8587648868560791,weights/cascade_original_S12.pth
23,12,cascade,29.863222122192383,0.8239493370056152,weights/cascade_original_S12.pth
24,12,cascade,30.053607940673828,0.8314982056617737,weights/cascade_original_S12.pth
25,12,cascade,30.55466651916504,0.8241810202598572,weights/cascade_original_S12.pth
26,12,cascade,30.401329040527344,0.8409072756767273,weights/cascade_original_S12.pth
27,12,cascade,30.823490142822266,0.8213355541229248,weights/cascade_original_S12.pth
28,12,cascade,29.910400390625,0.842650294303894,weights/cascade_original_S12.pth
29,12,cascade,29.281015396118164,0.8394666910171509,weights/cascade_original_S12.pth
30,12,cascade,33.30967712402344,0.883586585521698,weights/cascade_original_S12.pth
31,12,cascade,30.880207061767578,0.8399730920791626,weights/cascade_original_S12.pth
32,12,cascade,31.126909255981445,0.8254753351211548,weights/cascade_original_S12.pth
33,12,cascade,30.5855655670166,0.8255260586738586,weights/cascade_original_S12.pth
34,12,cascade,30.277420043945312,0.8470965623855591,weights/cascade_original_S12.pth
35,12,cascade,29.866296768188477,0.8110896348953247,weights/cascade_original_S12.pth
36,12,cascade,30.570573806762695,0.8494281768798828,weights/cascade_original_S12.pth
37,12,cascade,31.30426025390625,0.8629357218742371,weights/cascade_original_S12.pth
38,12,cascade,30.529983520507812,0.8470255136489868,weights/cascade_original_S12.pth
39,12,cascade,29.632177352905273,0.8365337252616882,weights/cascade_original_S12.pth
40,12,cascade,31.16316795349121,0.8202660083770752,weights/cascade_original_S12.pth
41,12,cascade,30.44794464111328,0.8496402502059937,weights/cascade_original_S12.pth
42,12,cascade,32.29560470581055,0.862602174282074,weights/cascade_original_S12.pth
43,12,cascade,30.632503509521484,0.8571445941925049,weights/cascade_original_S12.pth
44,12,cascade,32.33759689331055,0.8755702972412109,weights/cascade_original_S12.pth
45,12,cascade,30.82587432861328,0.847989559173584,weights/cascade_original_S12.pth
46,12,cascade,30.199203491210938,0.8264259099960327,weights/cascade_original_S12.pth
47,12,cascade,31.718244552612305,0.8553098440170288,weights/cascade_original_S12.pth
48,12,cascade,32.0650520324707,0.8375581502914429,weights/cascade_original_S12.pth
49,12,cascade,28.173274993896484,0.8203145265579224,weights/cascade_original_S12.pth
50,12,cascade,30.744308471679688,0.8499716520309448,weights/cascade_original_S12.pth
51,12,cascade,31.782760620117188,0.8471187353134155,weights/cascade_original_S12.pth
52,12,cascade,29.12649917602539,0.8561657667160034,weights/cascade_original_S12.pth
53,12,cascade,31.477874755859375,0.8273462653160095,weights/cascade_original_S12.pth
54,12,cascade,31.889678955078125,0.8769556879997253,weights/cascade_original_S12.pth
55,12,cascade,30.954591751098633,0.8365713357925415,weights/cascade_original_S12.pth
56,12,cascade,29.900009155273438,0.823432445526123,weights/cascade_original_S12.pth
57,12,cascade,30.443098068237305,0.8456140756607056,weights/cascade_original_S12.pth
58,12,cascade,30.95199203491211,0.8547325730323792,weights/cascade_original_S12.pth
59,12,cascade,30.110742568969727,0.8043308258056641,weights/cascade_original_S12.pth
60,12,cascade,31.222705841064453,0.8478320837020874,weights/cascade_original_S12.pth
61,12,cascade,31.06757164001465,0.870897650718689,weights/cascade_original_S12.pth
62,12,cascade,33.57316207885742,0.8874795436859131,weights/cascade_original_S12.pth
63,12,cascade,28.727205276489258,0.8104270696640015,weights/cascade_original_S12.pth
64,12,cascade,30.97116470336914,0.8525960445404053,weights/cascade_original_S12.pth
65,12,cascade,30.854768753051758,0.8579587936401367,weights/cascade_original_S12.pth
66,12,cascade,31.724884033203125,0.8305689096450806,weights/cascade_original_S12.pth
67,12,cascade,31.160715103149414,0.8315169811248779,weights/cascade_original_S12.pth
68,12,cascade,31.31264877319336,0.8584248423576355,weights/cascade_original_S12.pth
69,12,cascade,30.949800491333008,0.8609497547149658,weights/cascade_original_S12.pth
70,12,cascade,30.74918556213379,0.8530221581459045,weights/cascade_original_S12.pth
71,12,cascade,29.956743240356445,0.8388863205909729,weights/cascade_original_S12.pth
72,12,cascade,30.073551177978516,0.8223645687103271,weights/cascade_original_S12.pth
73,12,cascade,31.929840087890625,0.8298280239105225,weights/cascade_original_S12.pth
74,12,cascade,30.72344207763672,0.8482545614242554,weights/cascade_original_S12.pth
75,12,cascade,30.145435333251953,0.8188100457191467,weights/cascade_original_S12.pth
76,12,cascade,31.78909683227539,0.8297950029373169,weights/cascade_original_S12.pth
77,12,cascade,30.93533706665039,0.848426342010498,weights/cascade_original_S12.pth
78,12,cascade,30.569347381591797,0.8477118611335754,weights/cascade_original_S12.pth
79,12,cascade,30.167997360229492,0.8142483234405518,weights/cascade_original_S12.pth
80,12,cascade,30.005863189697266,0.8481930494308472,weights/cascade_original_S12.pth
81,12,cascade,32.011756896972656,0.8594062328338623,weights/cascade_original_S12.pth
82,12,cascade,31.221050262451172,0.859804630279541,weights/cascade_original_S12.pth
83,12,cascade,28.9700870513916,0.80794358253479,weights/cascade_original_S12.pth
84,12,cascade,31.624401092529297,0.8709264993667603,weights/cascade_original_S12.pth
85,12,cascade,30.994049072265625,0.8584288954734802,weights/cascade_original_S12.pth
86,12,cascade,31.823625564575195,0.8758929371833801,weights/cascade_original_S12.pth
87,12,cascade,31.92329216003418,0.8452865481376648,weights/cascade_original_S12.pth
88,12,cascade,31.698617935180664,0.8578999042510986,weights/cascade_original_S12.pth
89,12,cascade,31.616474151611328,0.863609790802002,weights/cascade_original_S12.pth
90,12,cascade,29.895557403564453,0.7997777462005615,weights/cascade_original_S12.pth
91,12,cascade,31.81704330444336,0.847309947013855,weights/cascade_original_S12.pth
92,12,cascade,31.960681915283203,0.8598746061325073,weights/cascade_original_S12.pth
93,12,cascade,30.224231719970703,0.825158953666687,weights/cascade_original_S12.pth
94,12,cascade,31.310012817382812,0.8567852973937988,weights/cascade_original_S12.pth
95,12,cascade,31.0063533782959,0.8124355673789978,weights/cascade_original_S12.pth
96,12,cascade,30.265464782714844,0.8394488096237183,weights/cascade_original_S12.pth
97,12,cascade,31.06012535095215,0.8173680901527405,weights/cascade_original_S12.pth
98,12,cascade,31.8690128326416,0.8747268915176392,weights/cascade_original_S12.pth
99,12,cascade,30.18724822998047,0.8480996489524841,weights/cascade_original_S12.pth
100,12,cascade,31.411821365356445,0.8782637119293213,weights/cascade_original_S12.pth
101,12,cascade,30.361648559570312,0.8266223669052124,weights/cascade_original_S12.pth
102,12,cascade,30.943790435791016,0.855451226234436,weights/cascade_original_S12.pth
103,12,cascade,30.305652618408203,0.852420449256897,weights/cascade_original_S12.pth
104,12,cascade,30.724380493164062,0.8465859889984131,weights/cascade_original_S12.pth
105,12,cascade,30.879152297973633,0.8599739074707031,weights/cascade_original_S12.pth
106,12,cascade,32.99879455566406,0.8701934814453125,weights/cascade_original_S12.pth
107,12,cascade,31.182445526123047,0.8575211763381958,weights/cascade_original_S12.pth
108,12,cascade,30.484025955200195,0.8363786935806274,weights/cascade_original_S12.pth
109,12,cascade,31.62326431274414,0.8639185428619385,weights/cascade_original_S12.pth
110,12,cascade,31.516029357910156,0.8625533580780029,weights/cascade_original_S12.pth
111,12,cascade,31.406330108642578,0.8592963218688965,weights/cascade_original_S12.pth
112,12,cascade,30.3127498626709,0.823829710483551,weights/cascade_original_S12.pth
113,12,cascade,31.432601928710938,0.8765697479248047,weights/cascade_original_S12.pth
114,12,cascade,32.777015686035156,0.8851159811019897,weights/cascade_original_S12.pth
115,12,cascade,31.335599899291992,0.8207588791847229,weights/cascade_original_S12.pth
116,12,cascade,29.606706619262695,0.7899441719055176,weights/cascade_original_S12.pth
117,12,cascade,29.072921752929688,0.8064721822738647,weights/cascade_original_S12.pth
118,12,cascade,30.99468421936035,0.860014021396637,weights/cascade_original_S12.pth
119,12,cascade,31.0944766998291,0.7982445955276489,weights/cascade_original_S12.pth
120,12,cascade,30.360191345214844,0.8380019664764404,weights/cascade_original_S12.pth
121,12,cascade,29.939496994018555,0.8214479088783264,weights/cascade_original_S12.pth
122,12,cascade,29.9460506439209,0.8262714743614197,weights/cascade_original_S12.pth
123,12,cascade,30.844324111938477,0.8442203402519226,weights/cascade_original_S12.pth
124,12,cascade,30.110685348510742,0.8234978318214417,weights/cascade_original_S12.pth
125,12,cascade,30.27907371520996,0.7912870049476624,weights/cascade_original_S12.pth
126,12,cascade,30.418060302734375,0.8517955541610718,weights/cascade_original_S12.pth
127,12,cascade,31.03887367248535,0.862528383731842,weights/cascade_original_S12.pth
128,12,cascade,30.783714294433594,0.8530428409576416,weights/cascade_original_S12.pth
129,12,cascade,31.502708435058594,0.8467867374420166,weights/cascade_original_S12.pth
130,12,cascade,29.74993896484375,0.847667396068573,weights/cascade_original_S12.pth
131,12,cascade,31.467687606811523,0.8658666610717773,weights/cascade_original_S12.pth
132,12,cascade,31.630657196044922,0.8732800483703613,weights/cascade_original_S12.pth
133,12,cascade,30.753995895385742,0.8642234802246094,weights/cascade_original_S12.pth
134,12,cascade,30.343950271606445,0.8473561406135559,weights/cascade_original_S12.pth
135,12,cascade,29.854290008544922,0.8100345730781555,weights/cascade_original_S12.pth
136,12,cascade,30.93423843383789,0.821578860282898,weights/cascade_original_S12.pth
137,12,cascade,30.515422821044922,0.8273036479949951,weights/cascade_original_S12.pth
138,12,cascade,31.279651641845703,0.8288743495941162,weights/cascade_original_S12.pth
139,12,cascade,31.40841293334961,0.8561419248580933,weights/cascade_original_S12.pth
140,12,cascade,31.20957374572754,0.8561026453971863,weights/cascade_original_S12.pth
141,12,cascade,31.21661949157715,0.8581368923187256,weights/cascade_original_S12.pth
142,12,cascade,32.02393341064453,0.8428961038589478,weights/cascade_original_S12.pth
143,12,cascade,30.005699157714844,0.8220949172973633,weights/cascade_original_S12.pth
144,12,cascade,31.815208435058594,0.8596572875976562,weights/cascade_original_S12.pth
145,12,cascade,31.036184310913086,0.857879102230072,weights/cascade_original_S12.pth
146,12,cascade,31.64243507385254,0.8684200048446655,weights/cascade_original_S12.pth
147,12,cascade,32.23695373535156,0.8786351680755615,weights/cascade_original_S12.pth
148,12,cascade,30.765533447265625,0.8437134027481079,weights/cascade_original_S12.pth
149,12,cascade,31.407726287841797,0.8704265356063843,weights/cascade_original_S12.pth
150,12,cascade,30.623720169067383,0.8315441608428955,weights/cascade_original_S12.pth
151,12,cascade,30.492565155029297,0.8272044658660889,weights/cascade_original_S12.pth
152,12,cascade,31.044925689697266,0.8092315196990967,weights/cascade_original_S12.pth
153,12,cascade,31.103364944458008,0.8606966733932495,weights/cascade_original_S12.pth
154,12,cascade,30.578125,0.811975359916687,weights/cascade_original_S12.pth
155,12,cascade,30.548240661621094,0.8292770385742188,weights/cascade_original_S12.pth
156,12,cascade,30.455007553100586,0.8394949436187744,weights/cascade_original_S12.pth
157,12,cascade,30.93789291381836,0.8553757071495056,weights/cascade_original_S12.pth
158,12,cascade,29.44288444519043,0.8158460855484009,weights/cascade_original_S12.pth
159,12,cascade,30.32994270324707,0.8531960248947144,weights/cascade_original_S12.pth
160,12,cascade,30.769460678100586,0.8395892381668091,weights/cascade_original_S12.pth
161,12,cascade,30.258939743041992,0.8195085525512695,weights/cascade_original_S12.pth
162,12,cascade,30.36412239074707,0.8408805727958679,weights/cascade_original_S12.pth
163,12,cascade,32.08238220214844,0.882055401802063,weights/cascade_original_S12.pth
164,12,cascade,30.799903869628906,0.8471001386642456,weights/cascade_original_S12.pth
165,12,cascade,29.976728439331055,0.8201277256011963,weights/cascade_original_S12.pth
166,12,cascade,29.879350662231445,0.8217072486877441,weights/cascade_original_S12.pth
167,12,cascade,30.725257873535156,0.848970890045166,weights/cascade_original_S12.pth
168,12,cascade,31.1959171295166,0.8212581872940063,weights/cascade_original_S12.pth
169,12,cascade,29.935476303100586,0.8368121385574341,weights/cascade_original_S12.pth
170,12,cascade,29.30852699279785,0.8193726539611816,weights/cascade_original_S12.pth
171,12,cascade,31.39938735961914,0.8607465028762817,weights/cascade_original_S12.pth
172,12,cascade,30.57526397705078,0.8413927555084229,weights/cascade_original_S12.pth
173,12,cascade,31.836454391479492,0.8170621395111084,weights/cascade_original_S12.pth
174,12,cascade,30.621112823486328,0.8513733744621277,weights/cascade_original_S12.pth
175,12,cascade,31.470287322998047,0.8276150226593018,weights/cascade_original_S12.pth
176,12,cascade,30.384078979492188,0.8229862451553345,weights/cascade_original_S12.pth
177,12,cascade,30.01891326904297,0.8184512257575989,weights/cascade_original_S12.pth
178,12,cascade,30.148534774780273,0.8504812717437744,weights/cascade_original_S12.pth
179,12,cascade,30.108957290649414,0.8165419101715088,weights/cascade_original_S12.pth
180,12,cascade,30.70653533935547,0.8572635650634766,weights/cascade_original_S12.pth
181,12,cascade,29.51789093017578,0.789179265499115,weights/cascade_original_S12.pth
182,12,cascade,30.527755737304688,0.8449348211288452,weights/cascade_original_S12.pth
183,12,cascade,30.844196319580078,0.8321127891540527,weights/cascade_original_S12.pth
184,12,cascade,32.2492790222168,0.8375899791717529,weights/cascade_original_S12.pth
185,12,cascade,29.98910140991211,0.8250353336334229,weights/cascade_original_S12.pth
186,12,cascade,29.743576049804688,0.8328153491020203,weights/cascade_original_S12.pth
187,12,cascade,30.20612335205078,0.8270019292831421,weights/cascade_original_S12.pth
188,12,cascade,30.06626319885254,0.8197165131568909,weights/cascade_original_S12.pth
189,12,cascade,30.009126663208008,0.8225866556167603,weights/cascade_original_S12.pth
190,12,cascade,31.197853088378906,0.83900386095047,weights/cascade_original_S12.pth
191,12,cascade,30.489906311035156,0.809499204158783,weights/cascade_original_S12.pth
192,12,cascade,31.448627471923828,0.8621175289154053,weights/cascade_original_S12.pth
193,12,cascade,31.138690948486328,0.8182494640350342,weights/cascade_original_S12.pth
194,12,cascade,31.084421157836914,0.8269520998001099,weights/cascade_original_S12.pth
195,12,cascade,30.720720291137695,0.8598799705505371,weights/cascade_original_S12.pth
196,12,cascade,30.00311851501465,0.8355541825294495,weights/cascade_original_S12.pth
197,12,cascade,30.03383445739746,0.820475697517395,weights/cascade_original_S12.pth
198,12,cascade,30.200902938842773,0.8516165018081665,weights/cascade_original_S12.pth
199,12,cascade,30.587961196899414,0.8360902070999146,weights/cascade_original_S12.pth
0,12,ddf,36.025203704833984,0.9226939678192139,weights/DDF_c12_best.pth
1,12,ddf,35.52936553955078,0.9158720374107361,weights/DDF_c12_best.pth
2,12,ddf,38.31758117675781,0.945713222026825,weights/DDF_c12_best.pth
3,12,ddf,38.34046173095703,0.9496709108352661,weights/DDF_c12_best.pth
4,12,ddf,38.59938430786133,0.948255717754364,weights/DDF_c12_best.pth
5,12,ddf,37.87553024291992,0.9504513740539551,weights/DDF_c12_best.pth
6,12,ddf,36.47916030883789,0.9101508259773254,weights/DDF_c12_best.pth
7,12,ddf,36.1371955871582,0.9374435544013977,weights/DDF_c12_best.pth
8,12,ddf,38.06024932861328,0.9556286931037903,weights/DDF_c12_best.pth
9,12,ddf,38.09968948364258,0.9493661522865295,weights/DDF_c12_best.pth
10,12,ddf,38.130123138427734,0.949957013130188,weights/DDF_c12_best.pth
11,12,ddf,37.51948928833008,0.9393246173858643,weights/DDF_c12_best.pth
12,12,ddf,34.81758117675781,0.8657025098800659,weights/DDF_c12_best.pth
13,12,ddf,36.520164489746094,0.9273613691329956,weights/DDF_c12_best.pth
14,12,ddf,31.575302124023438,0.8738324642181396,weights/DDF_c12_best.pth
15,12,ddf,35.14634704589844,0.9071111679077148,weights/DDF_c12_best.pth
16,12,ddf,38.210357666015625,0.9517457485198975,weights/DDF_c12_best.pth
17,12,ddf,38.03123092651367,0.938623309135437,weights/DDF_c12_best.pth
18,12,ddf,33.81773376464844,0.9069300293922424,weights/DDF_c12_best.pth
19,12,ddf,35.13236999511719,0.9104999303817749,weights/DDF_c12_best.pth
20,12,ddf,36.775787353515625,0.9364286661148071,weights/DDF_c12_best.pth
21,12,ddf,35.94496154785156,0.907455325126648,weights/DDF_c12_best.pth
22,12,ddf,37.9660758972168,0.9563183784484863,weights/DDF_c12_best.pth
23,12,ddf,34.065921783447266,0.9072301387786865,weights/DDF_c12_best.pth
24,12,ddf,35.81874084472656,0.9256922006607056,weights/DDF_c12_best.pth
25,12,ddf,36.41938400268555,0.9255677461624146,weights/DDF_c12_best.pth
26,12,ddf,36.08220672607422,0.9292789697647095,weights/DDF_c12_best.pth
27,12,ddf,35.7120361328125,0.912560224533081,weights/DDF_c12_best.pth
28,12,ddf,34.32139587402344,0.9260258674621582,weights/DDF_c12_best.pth
29,12,ddf,37.08519744873047,0.9338799715042114,weights/DDF_c12_best.pth
30,12,ddf,38.74209213256836,0.9426625370979309,weights/DDF_c12_best.pth
31,12,ddf,36.109046936035156,0.9255548119544983,weights/DDF_c12_best.pth
32,12,ddf,37.18891906738281,0.915244460105896,weights/DDF_c12_best.pth
33,12,ddf,36.51953887939453,0.9230414628982544,weights/DDF_c12_best.pth
34,12,ddf,36.43909454345703,0.9293638467788696,weights/DDF_c12_best.pth
35,12,ddf,35.17720413208008,0.9107300639152527,weights/DDF_c12_best.pth
36,12,ddf,38.60749053955078,0.9532343149185181,weights/DDF_c12_best.pth
37,12,ddf,38.52176284790039,0.9558926224708557,weights/DDF_c12_best.pth
38,12,ddf,36.30018615722656,0.9238174557685852,weights/DDF_c12_best.pth
39,12,ddf,34.53276443481445,0.9071499109268188,weights/DDF_c12_best.pth
40,12,ddf,36.194950103759766,0.9069470167160034,weights/DDF_c12_best.pth
41,12,ddf,34.44854736328125,0.9086938500404358,weights/DDF_c12_best.pth
42,12,ddf,37.94486999511719,0.9432591199874878,weights/DDF_c12_best.pth
43,12,ddf,37.910804748535156,0.9584365487098694,weights/DDF_c12_best.pth
44,12,ddf,38.181060791015625,0.9406108260154724,weights/DDF_c12_best.pth
45,12,ddf,37.51732635498047,0.9375896453857422,weights/DDF_c12_best.pth
46,12,ddf,36.52626419067383,0.9307773113250732,weights/DDF_c12_best.pth
47,12,ddf,37.94636535644531,0.9436527490615845,weights/DDF_c12_best.pth
48,12,ddf,37.34536361694336,0.926551878452301,weights/DDF_c12_best.pth
49,12,ddf,33.405853271484375,0.9051762819290161,weights/DDF_c12_best.pth
50,12,ddf,37.95657730102539,0.9530335664749146,weights/DDF_c12_best.pth
51,12,ddf,37.897640228271484,0.9387574791908264,weights/DDF_c12_best.pth
52,12,ddf,34.437217712402344,0.9268689155578613,weights/DDF_c12_best.pth
53,12,ddf,35.45063400268555,0.8963807821273804,weights/DDF_c12_best.pth
54,12,ddf,38.046714782714844,0.9506795406341553,weights/DDF_c12_best.pth
55,12,ddf,35.7733154296875,0.9280393123626709,weights/DDF_c12_best.pth
56,12,ddf,36.21107482910156,0.9251708388328552,weights/DDF_c12_best.pth
57,12,ddf,36.26252365112305,0.9306167364120483,weights/DDF_c12_best.pth
58,12,ddf,37.55116653442383,0.9479538202285767,weights/DDF_c12_best.pth
59,12,ddf,35.245758056640625,0.9028381109237671,weights/DDF_c12_best.pth
60,12,ddf,36.531063079833984,0.919441819190979,weights/DDF_c12_best.pth
61,12,ddf,37.49006652832031,0.9431793689727783,weights/DDF_c12_best.pth
62,12,ddf,39.02817916870117,0.950126588344574,weights/DDF_c12_best.pth
63,12,ddf,31.655136108398438,0.8901737928390503,weights/DDF_c12_best.pth
64,12,ddf,36.486148834228516,0.9298660755157471,weights/DDF_c12_best.pth
65,12,ddf,35.677711486816406,0.9364397525787354,weights/DDF_c12_best.pth
66,12,ddf,37.569305419921875,0.9299300909042358,weights/DDF_c12_best.pth
67,12,ddf,36.54310989379883,0.9200636148452759,weights/DDF_c12_best.pth
68,12,ddf,38.21894454956055,0.9552645683288574,weights/DDF_c12_best.pth
69,12,ddf,38.189510345458984,0.9559529423713684,weights/DDF_c12_best.pth
70,12,ddf,37.14004898071289,0.9434152841567993,weights/DDF_c12_best.pth
71,12,ddf,33.67273712158203,0.9060598611831665,weights/DDF_c12_best.pth
72,12,ddf,36.51237487792969,0.9322911500930786,weights/DDF_c12_best.pth
73,12,ddf,37.11592102050781,0.9207397699356079,weights/DDF_c12_best.pth
74,12,ddf,36.67521667480469,0.9231120347976685,weights/DDF_c12_best.pth
75,12,ddf,35.918033599853516,0.9190399646759033,weights/DDF_c12_best.pth
76,12,ddf,37.473114013671875,0.928800106048584,weights/DDF_c12_best.pth
77,12,ddf,36.891868591308594,0.935481607913971,weights/DDF_c12_best.pth
78,12,ddf,37.252071380615234,0.9369752407073975,weights/DDF_c12_best.pth
79,12,ddf,35.20960998535156,0.9103085398674011,weights/DDF_c12_best.pth
80,12,ddf,34.10625457763672,0.9286550283432007,weights/DDF_c12_best.pth
81,12,ddf,37.81837463378906,0.942888081073761,weights/DDF_c12_best.pth
82,12,ddf,38.088417053222656,0.9525303840637207,weights/DDF_c12_best.pth
83,12,ddf,36.47678756713867,0.9293542504310608,weights/DDF_c12_best.pth
84,12,ddf,37.871604919433594,0.9466791749000549,weights/DDF_c12_best.pth
85,12,ddf,36.99876022338867,0.9385346174240112,weights/DDF_c12_best.pth
86,12,ddf,37.940547943115234,0.9482772350311279,weights/DDF_c12_best.pth
87,12,ddf,37.906089782714844,0.9365720152854919,weights/DDF_c12_best.pth
88,12,ddf,38.74740219116211,0.9558268189430237,weights/DDF_c12_best.pth
89,12,ddf,38.5842170715332,0.9563388824462891,weights/DDF_c12_best.pth
90,12,ddf,34.864078521728516,0.9059110283851624,weights/DDF_c12_best.pth
91,12,ddf,37.4007682800293,0.934705913066864,weights/DDF_c12_best.pth
92,12,ddf,37.82760238647461,0.9431561231613159,weights/DDF_c12_best.pth
93,12,ddf,35.810794830322266,0.922372579574585,weights/DDF_c12_best.pth
94,12,ddf,38.898475646972656,0.9615967273712158,weights/DDF_c12_best.pth
95,12,ddf,35.86334991455078,0.9075616598129272,weights/DDF_c12_best.pth
96,12,ddf,37.3682746887207,0.936519980430603,weights/DDF_c12_best.pth
97,12,ddf,36.581459045410156,0.9095339179039001,weights/DDF_c12_best.pth
98,12,ddf,38.00807189941406,0.9473071098327637,weights/DDF_c12_best.pth
99,12,ddf,34.35662078857422,0.9118986129760742,weights/DDF_c12_best.pth
100,12,ddf,38.317378997802734,0.9585350751876831,weights/DDF_c12_best.pth
101,12,ddf,36.102928161621094,0.9285576343536377,weights/DDF_c12_best.pth
102,12,ddf,37.12874221801758,0.9350283145904541,weights/DDF_c12_best.pth
103,12,ddf,37.98936080932617,0.9580734968185425,weights/DDF_c12_best.pth
104,12,ddf,36.12643051147461,0.9300315380096436,weights/DDF_c12_best.pth
105,12,ddf,35.187889099121094,0.9328981637954712,weights/DDF_c12_best.pth
106,12,ddf,38.757469177246094,0.9521188735961914,weights/DDF_c12_best.pth
107,12,ddf,37.83509063720703,0.9502782821655273,weights/DDF_c12_best.pth
108,12,ddf,36.37657165527344,0.9248670935630798,weights/DDF_c12_best.pth
109,12,ddf,38.61827087402344,0.9577137231826782,weights/DDF_c12_best.pth
110,12,ddf,38.358673095703125,0.9545511603355408,weights/DDF_c12_best.pth
111,12,ddf,37.51741027832031,0.942706823348999,weights/DDF_c12_best.pth
112,12,ddf,36.13275146484375,0.9251487255096436,weights/DDF_c12_best.pth
113,12,ddf,38.37530517578125,0.9576886296272278,weights/DDF_c12_best.pth
114,12,ddf,38.46424865722656,0.9482893943786621,weights/DDF_c12_best.pth
115,12,ddf,36.52293395996094,0.9110554456710815,weights/DDF_c12_best.pth
116,12,ddf,34.89753341674805,0.883738100528717,weights/DDF_c12_best.pth
117,12,ddf,32.15414047241211,0.8696019053459167,weights/DDF_c12_best.pth
118,12,ddf,35.24052429199219,0.9266382455825806,weights/DDF_c12_best.pth
119,12,ddf,34.03398895263672,0.8658710718154907,weights/DDF_c12_best.pth
120,12,ddf,36.31345748901367,0.9267281293869019,weights/DDF_c12_best.pth
121,12,ddf,36.27965545654297,0.9278044700622559,weights/DDF_c12_best.pth
122,12,ddf,35.70518112182617,0.9193202257156372,weights/DDF_c12_best.pth
123,12,ddf,37.51303482055664,0.9477212429046631,weights/DDF_c12_best.pth
124,12,ddf,37.5987434387207,0.948143720626831,weights/DDF_c12_best.pth
125,12,ddf,34.772117614746094,0.8788880109786987,weights/DDF_c12_best.pth
126,12,ddf,38.25835418701172,0.9589303731918335,weights/DDF_c12_best.pth
127,12,ddf,37.67496871948242,0.9488468170166016,weights/DDF_c12_best.pth
128,12,ddf,37.35698699951172,0.9362596869468689,weights/DDF_c12_best.pth
129,12,ddf,35.68355941772461,0.9185816049575806,weights/DDF_c12_best.pth
130,12,ddf,38.26061248779297,0.9596039652824402,weights/DDF_c12_best.pth
131,12,ddf,38.25944519042969,0.9556959867477417,weights/DDF_c12_best.pth
132,12,ddf,37.79283905029297,0.9463109970092773,weights/DDF_c12_best.pth
133,12,ddf,36.68608856201172,0.9389814734458923,weights/DDF_c12_best.pth
134,12,ddf,35.27472686767578,0.9131062030792236,weights/DDF_c12_best.pth
135,12,ddf,36.183349609375,0.9231480360031128,weights/DDF_c12_best.pth
136,12,ddf,36.55851745605469,0.9255207777023315,weights/DDF_c12_best.pth
137,12,ddf,36.78294372558594,0.9327260255813599,weights/DDF_c12_best.pth
138,12,ddf,36.35003662109375,0.9132851362228394,weights/DDF_c12_best.pth
139,12,ddf,38.28155517578125,0.9522542357444763,weights/DDF_c12_best.pth
140,12,ddf,37.740177154541016,0.9496006965637207,weights/DDF_c12_best.pth
141,12,ddf,38.27992248535156,0.956203281879425,weights/DDF_c12_best.pth
142,12,ddf,37.25934600830078,0.9261081218719482,weights/DDF_c12_best.pth
143,12,ddf,36.598358154296875,0.9290740489959717,weights/DDF_c12_best.pth
144,12,ddf,38.697845458984375,0.9543747901916504,weights/DDF_c12_best.pth
145,12,ddf,38.28514862060547,0.9577639102935791,weights/DDF_c12_best.pth
146,12,ddf,37.656856536865234,0.9441052675247192,weights/DDF_c12_best.pth
147,12,ddf,38.25388717651367,0.9457332491874695,weights/DDF_c12_best.pth
148,12,ddf,37.59975814819336,0.9468994736671448,weights/DDF_c12_best.pth
149,12,ddf,37.463951110839844,0.9491854310035706,weights/DDF_c12_best.pth
150,12,ddf,37.057395935058594,0.9366270303726196,weights/DDF_c12_best.pth
151,12,ddf,36.287418365478516,0.9287402629852295,weights/DDF_c12_best.pth
152,12,ddf,35.57768249511719,0.8942404985427856,weights/DDF_c12_best.pth
153,12,ddf,38.35593795776367,0.9585180878639221,weights/DDF_c12_best.pth
154,12,ddf,35.92594909667969,0.9101109504699707,weights/DDF_c12_best.pth
155,12,ddf,36.21379089355469,0.9289413690567017,weights/DDF_c12_best.pth
156,12,ddf,36.752628326416016,0.9353848695755005,weights/DDF_c12_best.pth
157,12,ddf,37.20311737060547,0.9385735988616943,weights/DDF_c12_best.pth
158,12,ddf,35.87334060668945,0.9145302176475525,weights/DDF_c12_best.pth
159,12,ddf,35.57735824584961,0.928510844707489,weights/DDF_c12_best.pth
160,12,ddf,37.08981704711914,0.9365795850753784,weights/DDF_c12_best.pth
161,12,ddf,36.363914489746094,0.9286787509918213,weights/DDF_c12_best.pth
162,12,ddf,36.14360046386719,0.9271111488342285,weights/DDF_c12_best.pth
163,12,ddf,38.2047233581543,0.9541222453117371,weights/DDF_c12_best.pth
164,12,ddf,36.72895050048828,0.9350892305374146,weights/DDF_c12_best.pth
165,12,ddf,35.843666076660156,0.923058032989502,weights/DDF_c12_best.pth
166,12,ddf,35.61014175415039,0.9246857166290283,weights/DDF_c12_best.pth
167,12,ddf,37.99208068847656,0.9513998031616211,weights/DDF_c12_best.pth
168,12,ddf,36.37350082397461,0.9077043533325195,weights/DDF_c12_best.pth
169,12,ddf,36.03849792480469,0.9295864701271057,weights/DDF_c12_best.pth
170,12,ddf,36.00211715698242,0.9297153353691101,weights/DDF_c12_best.pth
171,12,ddf,38.51639938354492,0.9574692845344543,weights/DDF_c12_best.pth
172,12,ddf,35.94731140136719,0.92305588722229,weights/DDF_c12_best.pth
173,12,ddf,37.241024017333984,0.9214807152748108,weights/DDF_c12_best.pth
174,12,ddf,37.00799560546875,0.9446309804916382,weights/DDF_c12_best.pth
175,12,ddf,35.47989273071289,0.8957030177116394,weights/DDF_c12_best.pth
176,12,ddf,36.525997161865234,0.9298585057258606,weights/DDF_c12_best.pth
177,12,ddf,37.16817092895508,0.9385703802108765,weights/DDF_c12_best.pth
178,12,ddf,38.19134521484375,0.9529534578323364,weights/DDF_c12_best.pth
179,12,ddf,35.75890350341797,0.9191307425498962,weights/DDF_c12_best.pth
180,12,ddf,38.232418060302734,0.9603179693222046,weights/DDF_c12_best.pth
181,12,ddf,32.37136459350586,0.8581452369689941,weights/DDF_c12_best.pth
182,12,ddf,36.377437591552734,0.9306391477584839,weights/DDF_c12_best.pth
183,12,ddf,36.393096923828125,0.926596999168396,weights/DDF_c12_best.pth
184,12,ddf,37.473388671875,0.9276934862136841,weights/DDF_c12_best.pth
185,12,ddf,36.27436828613281,0.9311332702636719,weights/DDF_c12_best.pth
186,12,ddf,33.91987228393555,0.9079192876815796,weights/DDF_c12_best.pth
187,12,ddf,35.90795135498047,0.9264382123947144,weights/DDF_c12_best.pth
188,12,ddf,35.517059326171875,0.914413332939148,weights/DDF_c12_best.pth
189,12,ddf,35.93634033203125,0.9253891706466675,weights/DDF_c12_best.pth
190,12,ddf,37.11137390136719,0.930650532245636,weights/DDF_c12_best.pth
191,12,ddf,35.52423095703125,0.9082996845245361,weights/DDF_c12_best.pth
192,12,ddf,38.58536148071289,0.9566116333007812,weights/DDF_c12_best.pth
193,12,ddf,36.07684326171875,0.900520384311676,weights/DDF_c12_best.pth
194,12,ddf,36.849281311035156,0.917556643486023,weights/DDF_c12_best.pth
195,12,ddf,37.56932830810547,0.9468066692352295,weights/DDF_c12_best.pth
196,12,ddf,36.03154754638672,0.9263201951980591,weights/DDF_c12_best.pth
197,12,ddf,35.600379943847656,0.921256422996521,weights/DDF_c12_best.pth
198,12,ddf,38.241424560546875,0.9572141170501709,weights/DDF_c12_best.pth
199,12,ddf,37.20207214355469,0.9401049613952637,weights/DDF_c12_best.pth
